{
    "EN": {
        "FONT"              :   "Panton",
        "play"              :   "play",
        "no_parking"        :   "No More Parking Spaces",
        "no_racing"         :   "No More Racing Paths",
        "no_money"          :   "No Money",
        "unlocked"          :   "unlocked!",
        "next"              :   "next",
        "select"            :   "select",
        "get"               :   "get",
        "reward"            :   "reward",
        "lucky_wheel"       :   "lucky wheel",
        "free_time"         :   "free time",
        "next_free_in"      :   "next free in",
        "earning"           :   "earning",
        "continue"          :   "continue",
        "activate"          :   "activate",
        "boost_message"     :   "helicopter's drop",
        "better_drop"       :   "better drop 60 sec",
        "turbo"             :   "turbo",
        "level_up"          :   "level up!",
        "get_new"           :   "get new",
        "offline_earn"      :   "offline earnings",
        "text_merge"        :   "Merge cars to get\na new car",
        "text_drag"         :   "Drag cars onto the road to earn coins",
        "shop"              :   "shop",
        "sec"               :   "sec",
        "day"               :   "day",
        "level"             :   "Level",
        "unlock_car"        :   "Unlock Car",
        "coins_x2"          :   "COINS X2",
        "free"              :   "free",
        "tap_continue"      :   "tap to continue",
        "add_turbo_seconds" :   "add another 150 seconds",
        "daily_rewards"     :   "daily rewards",
        "claim"             :   "Claim",
        "claimed_already"   :   "You've claimed today's rewards.",
        "come_back_in"      :   "Come back again in:",
        "select_helicopter" :   "select helicopter",
        "complete_event1"   :   "Complete the Christmas event",
        "music_on"          :   "music on",
        "music_off"         :   "music off",
        "sound_on"          :   "sound on",
        "sound_off"         :   "sound off",
        "settings"          :   "settings",
        "music_by"          :   "music by",
        "developed_by"      :   "developed by"
    }
}
