{"skeleton":{"hash":"VvDGlkdSpJZSelYPjUA3KrKbmig","spine":"3.8.95","x":-176.74,"y":-356.49,"width":354.34,"height":546.89},"bones":[{"name":"root","scaleX":0.34,"scaleY":0.34},{"name":"cage","parent":"root","x":0.08,"y":-464.89,"scaleY":0.9},{"name":"poof","parent":"root","x":1.66,"y":-269.88},{"name":"body","parent":"cage","x":-1.12,"y":34.6,"scaleX":0.75,"scaleY":0.8},{"name":"r_arm","parent":"body","length":83.22,"rotation":-155.05,"x":198.33,"y":54.04,"scaleX":1.0614,"scaleY":0.9525},{"name":"l_arm","parent":"body","length":95.58,"rotation":-27.97,"x":-192.07,"y":61.26,"scaleX":1.0299,"scaleY":0.9446},{"name":"eyes","parent":"body","x":1.49,"y":200.96},{"name":"pupils","parent":"eyes","y":-26.89},{"name":"top1","parent":"body","length":19.77,"rotation":91.36,"x":-52.92,"y":241.88},{"name":"top2","parent":"top1","length":19.77,"rotation":-0.68,"x":19.77},{"name":"top3","parent":"top2","length":23.77,"rotation":-0.11,"x":19.77},{"name":"mouth","parent":"body","x":0.49,"y":85.16},{"name":"r_arm2","parent":"body","length":83.22,"rotation":-29.49,"x":141.91,"y":-3.77,"scaleX":1.0614,"scaleY":0.9525},{"name":"r_arm3","parent":"body","length":83.22,"rotation":30.03,"x":-139.25,"y":-7.27,"scaleX":-1.0614,"scaleY":0.9525}],"slots":[{"name":"cage_back","bone":"cage","attachment":"cage_back"},{"name":"Grunt_spider/platform","bone":"root","attachment":"shadow"},{"name":"Lick/l_hand2","bone":"r_arm2","attachment":"Blue/l_hand"},{"name":"Lick/l_hand3","bone":"r_arm3","attachment":"Blue/l_hand"},{"name":"Lick/body","bone":"body","attachment":"Blue/body"},{"name":"Lick/eyes_01","bone":"eyes","attachment":"Blue/eyes_01"},{"name":"Lick/l_pupil","bone":"pupils","attachment":"Blue/l_pupil"},{"name":"Lick/r_pupil","bone":"pupils","attachment":"Blue/r_pupil"},{"name":"Lick/eyes_02","bone":"eyes","attachment":"Blue/eyes_02"},{"name":"Lick/cheeks","bone":"body"},{"name":"Lick/top","bone":"root","attachment":"Blue/top"},{"name":"Lick/mouth","bone":"mouth","attachment":"Blue/mouth"},{"name":"Grunt_spider/head","bone":"cage","attachment":"cage"},{"name":"Lick/l_hand","bone":"r_arm","attachment":"Blue/l_hand"},{"name":"Lick/r_hand","bone":"l_arm","attachment":"Blue/r_hand"},{"name":"Poof/poof_2","bone":"poof"},{"name":"Blue/eyes_06","bone":"root"}],"skins":[{"name":"default","attachments":{"Grunt_spider/head":{"cage":{"x":-0.08,"y":465.26,"scaleX":1.05,"width":580,"height":1120}},"Grunt_spider/platform":{"shadow":{"width":580,"height":1120}},"Lick/body":{"Blue/body":{"x":1.03,"y":409.3,"width":580,"height":1120}},"Lick/eyes_01":{"Blue/eyes_01":{"x":-0.46,"y":208.34,"width":580,"height":1120}},"Lick/eyes_02":{"Blue/eyes_02":{"x":-0.46,"y":208.34,"width":580,"height":1120},"Blue/eyes_03":{"x":-0.46,"y":208.34,"width":580,"height":1120},"Blue/eyes_04":{"x":-0.46,"y":208.34,"width":580,"height":1120},"Blue/eyes_05":{"x":-0.46,"y":208.34,"width":580,"height":1120},"Blue/eyes_06":{"x":-0.98,"y":208.1,"width":580,"height":1120}},"Lick/l_hand":{"Blue/l_hand":{"x":-11.77,"y":-385.82,"rotation":155.05,"width":580,"height":1120}},"Lick/l_hand2":{"Blue/l_hand":{"x":-11.77,"y":-385.82,"rotation":155.05,"width":580,"height":1120}},"Lick/l_hand3":{"Blue/l_hand":{"x":-11.77,"y":-385.82,"rotation":155.05,"width":580,"height":1120}},"Lick/l_pupil":{"Blue/l_pupil":{"x":6.69,"y":235.24,"width":580,"height":1120}},"Lick/mouth":{"Blue/mouth":{"x":0.55,"y":317.99,"width":580,"height":1120}},"Lick/r_hand":{"Blue/r_hand":{"x":-29.68,"y":378.3,"rotation":27.97,"width":580,"height":1120}},"Lick/r_pupil":{"Blue/r_pupil":{"x":-10,"y":235.24,"width":580,"height":1120}},"Lick/top":{"Blue/top":{"type":"mesh","uvs":[0.34862,0.65824,0.35125,0.6517,0.37439,0.64544,0.39752,0.6419,0.40388,0.63839,0.4024,0.62979,0.39943,0.62195,0.39231,0.61259,0.38342,0.6046,0.38431,0.59032,0.38935,0.58372,0.40655,0.58157,0.42523,0.58141,0.43947,0.5874,0.43947,0.59569,0.43858,0.60783,0.43324,0.61566,0.42612,0.62272,0.42375,0.63224,0.42316,0.63747,0.42375,0.64084,0.44214,0.64361,0.46111,0.64653,0.47001,0.65175,0.47416,0.65574,0.47387,0.6582],"triangles":[12,13,14,14,11,12,11,9,10,9,14,8,14,7,8,9,11,14,15,7,14,16,7,15,6,7,16,17,6,16,5,6,17,18,5,17,18,4,5,19,4,18,4,19,20,25,23,24,0,1,2,0,2,3,3,4,20,3,20,21,21,25,3,23,21,22,25,21,23,0,3,25],"vertices":[1,8,-9.77,38.83,1,1,8,-2.49,37.14,1,1,8,4.2,23.55,1,1,8,7.85,10.04,1,2,8,11.69,6.26,0.98498,9,-8.15,6.17,0.01502,2,8,21.34,6.89,0.28121,9,1.49,6.91,0.71879,2,9,10.28,8.53,0.95433,10,-9.5,8.51,0.04567,2,9,20.82,12.53,0.28348,10,1.03,12.53,0.71652,2,9,29.83,17.58,0.01403,10,10.03,17.6,0.98597,1,10,26.02,16.93,1,1,10,33.38,13.93,1,1,10,35.69,3.93,1,1,10,35.76,-6.91,1,1,10,28.97,-15.09,1,1,10,19.68,-15,1,2,9,25.84,-14.36,0.08197,10,6.1,-14.35,0.91803,2,9,17.1,-11.16,0.55495,10,-2.64,-11.17,0.44505,2,9,9.24,-6.94,0.98254,10,-10.51,-6.96,0.01746,2,8,18.3,-5.42,0.66399,9,-1.41,-5.44,0.33601,1,8,12.46,-4.94,1,1,8,8.67,-5.19,1,1,8,5.32,-15.78,1,1,8,1.79,-26.71,1,1,8,-4.18,-31.73,1,1,8,-8.71,-34.03,1,1,8,-11.45,-33.79,1],"hull":26}},"Poof/poof_2":{"Poof/poof_01":{"x":2.32,"y":25.71,"width":724,"height":757},"Poof/poof_02":{"x":2.32,"y":25.71,"width":724,"height":757},"Poof/poof_03":{"x":2.32,"y":25.71,"width":724,"height":757},"Poof/poof_04":{"x":2.32,"y":25.71,"width":724,"height":757},"Poof/poof_05":{"x":2.32,"y":25.71,"width":724,"height":757},"Poof/poof_06":{"x":2.32,"y":25.71,"width":724,"height":757},"Poof/poof_07":{"x":2.32,"y":25.71,"width":724,"height":757},"Poof/poof_08":{"x":2.32,"y":25.71,"width":724,"height":757},"Poof/poof_09":{"x":2.32,"y":25.71,"width":724,"height":757}},"cage_back":{"cage_back":{"x":-0.08,"y":464.89,"scaleX":1.05,"width":580,"height":1120}}}}],"animations":{"damage":{"bones":{"root":{"translate":[{"curve":0.567,"c2":0.02,"c3":0.565},{"time":0.0333,"x":18.46,"curve":0.551,"c2":0.02,"c3":0.514},{"time":0.0667,"x":-18.46,"curve":0.551,"c2":0.02,"c3":0.514},{"time":0.1,"x":18.46,"curve":0.551,"c2":0.02,"c3":0.514},{"time":0.1333,"x":-21.81,"curve":0.551,"c2":0.02,"c3":0.514},{"time":0.1667}]},"cage":{"scale":[{"curve":0.567,"c2":0.02,"c3":0.565},{"time":0.1667,"x":1.054,"y":0.928}]},"top2":{"rotate":[{"angle":30.26}]},"top3":{"rotate":[{"angle":30.26}]},"r_arm":{"rotate":[{"curve":0.567,"c2":0.02,"c3":0.565},{"time":0.1,"angle":-28.01}]},"l_arm":{"rotate":[{"curve":0.567,"c2":0.02,"c3":0.565},{"time":0.1,"angle":25.79}]}}},"die":{"slots":{"Grunt_spider/head":{"color":[{"color":"ffffffff","curve":0.551,"c2":0.02,"c3":0.514},{"time":0.0667,"color":"ffffff00"}]},"Grunt_spider/platform":{"color":[{"color":"ffffffff","curve":0.551,"c2":0.02,"c3":0.514},{"time":0.0667,"color":"ffffff00"}]},"Lick/body":{"color":[{"color":"ffffffff","curve":0.567,"c2":0.02,"c3":0.565},{"time":0.0667,"color":"ffffff00"}]},"Lick/cheeks":{"color":[{"color":"ffffffff","curve":0.567,"c2":0.02,"c3":0.565},{"time":0.0667,"color":"ffffff00"}]},"Lick/eyes_01":{"color":[{"color":"ffffffff","curve":0.567,"c2":0.02,"c3":0.565},{"time":0.0667,"color":"ffffff00"}]},"Lick/eyes_02":{"color":[{"color":"ffffffff","curve":0.567,"c2":0.02,"c3":0.565},{"time":0.0667,"color":"ffffff00"}]},"Lick/l_hand":{"color":[{"color":"ffffffff","curve":0.567,"c2":0.02,"c3":0.565},{"time":0.0667,"color":"ffffff00"}]},"Lick/l_pupil":{"color":[{"color":"ffffffff","curve":0.567,"c2":0.02,"c3":0.565},{"time":0.0667,"color":"ffffff00"}]},"Lick/mouth":{"color":[{"color":"ffffffff","curve":0.567,"c2":0.02,"c3":0.565},{"time":0.0667,"color":"ffffff00"}]},"Lick/r_hand":{"color":[{"color":"ffffffff","curve":0.567,"c2":0.02,"c3":0.565},{"time":0.0667,"color":"ffffff00"}]},"Lick/r_pupil":{"color":[{"color":"ffffffff","curve":0.567,"c2":0.02,"c3":0.565},{"time":0.0667,"color":"ffffff00"}]},"Lick/top":{"color":[{"color":"ffffffff","curve":0.567,"c2":0.02,"c3":0.565},{"time":0.0667,"color":"ffffff00"}]},"Poof/poof_2":{"attachment":[{"time":0.0667,"name":"Poof/poof_01"},{"time":0.1,"name":"Poof/poof_02"},{"time":0.1333,"name":"Poof/poof_03"},{"time":0.1667,"name":"Poof/poof_04"},{"time":0.2,"name":"Poof/poof_05"},{"time":0.2333,"name":"Poof/poof_06"},{"time":0.2667,"name":"Poof/poof_07"},{"time":0.3,"name":"Poof/poof_08"},{"time":0.3333,"name":"Poof/poof_09"},{"time":0.3667,"name":null}]},"cage_back":{"color":[{"color":"ffffffff","curve":0.567,"c2":0.02,"c3":0.565},{"time":0.0667,"color":"ffffff00"}]}},"bones":{"top2":{"rotate":[{"angle":30.26}]},"top3":{"rotate":[{"angle":30.26}]}}},"idle":{"slots":{"Lick/eyes_02":{"attachment":[{"time":1,"name":"Blue/eyes_03"},{"time":1.0333,"name":"Blue/eyes_04"},{"time":1.0667,"name":"Blue/eyes_05"},{"time":1.1,"name":"Blue/eyes_06"},{"time":1.1667,"name":"Blue/eyes_05"},{"time":1.2,"name":"Blue/eyes_04"},{"time":1.2333,"name":"Blue/eyes_03"},{"time":1.2667,"name":"Blue/eyes_02"}]}},"bones":{"top2":{"rotate":[{"angle":30.26,"curve":0.567,"c2":0.02,"c3":0.565},{"time":1,"angle":-32.09,"curve":0.567,"c2":0.02,"c3":0.565},{"time":2,"angle":30.26,"curve":0.567,"c2":0.02,"c3":0.565},{"time":3,"angle":-32.09,"curve":0.567,"c2":0.02,"c3":0.565},{"time":4,"angle":30.26}]},"top3":{"rotate":[{"angle":30.26,"curve":0.567,"c2":0.02,"c3":0.565},{"time":1,"angle":-32.09,"curve":0.567,"c2":0.02,"c3":0.565},{"time":2,"angle":30.26,"curve":0.567,"c2":0.02,"c3":0.565},{"time":3,"angle":-32.09,"curve":0.567,"c2":0.02,"c3":0.565},{"time":4,"angle":30.26}]},"body":{"scale":[{"curve":0.567,"c2":0.02,"c3":0.565},{"time":1,"x":0.94,"y":1.06,"curve":0.567,"c2":0.02,"c3":0.565},{"time":2,"curve":0.567,"c2":0.02,"c3":0.565},{"time":3,"x":0.94,"y":1.06,"curve":0.567,"c2":0.02,"c3":0.565},{"time":4}]},"r_arm":{"rotate":[{"curve":0.567,"c2":0.02,"c3":0.565},{"time":1,"angle":-17.02,"curve":0.567,"c2":0.02,"c3":0.565},{"time":2,"curve":0.567,"c2":0.02,"c3":0.565},{"time":3,"angle":-17.02,"curve":0.567,"c2":0.02,"c3":0.565},{"time":4}]},"l_arm":{"rotate":[{"curve":0.567,"c2":0.02,"c3":0.565},{"time":1,"angle":15.7,"curve":0.567,"c2":0.02,"c3":0.565},{"time":2,"curve":0.567,"c2":0.02,"c3":0.565},{"time":3,"angle":15.7,"curve":0.567,"c2":0.02,"c3":0.565},{"time":4}]},"mouth":{"translate":[{"curve":0.567,"c2":0.02,"c3":0.565},{"time":1,"y":7.36,"curve":0.567,"c2":0.02,"c3":0.565},{"time":2,"curve":0.567,"c2":0.02,"c3":0.565},{"time":3,"y":7.36,"curve":0.567,"c2":0.02,"c3":0.565},{"time":4}]}}},"jump_down":{"bones":{"cage":{"translate":[{"curve":0.567,"c2":0.02,"c3":0.565},{"time":0.1,"y":-23.96,"curve":0.385,"c2":0.54,"c3":0.552,"c4":0.79},{"time":0.3333,"y":80.11,"curve":0.756,"c2":0.13,"c3":0.82,"c4":0.47},{"time":0.5333,"curve":0.567,"c2":0.02,"c3":0.565},{"time":0.6,"y":-23.96,"curve":0.551,"c2":0.02,"c3":0.514},{"time":0.6667}],"scale":[{"curve":0.567,"c2":0.02,"c3":0.565},{"time":0.1,"x":1.099,"y":0.934,"curve":0.385,"c2":0.54,"c3":0.552,"c4":0.79},{"time":0.3333,"x":0.994,"y":1.066,"curve":0.756,"c2":0.13,"c3":0.82,"c4":0.47},{"time":0.5333,"curve":0.567,"c2":0.02,"c3":0.565},{"time":0.6,"x":1.099,"y":0.934,"curve":0.551,"c2":0.02,"c3":0.514},{"time":0.6667}]},"l_arm":{"rotate":[{"curve":0.237,"c2":0.72,"c3":0.565},{"time":0.3333,"angle":21.56,"curve":"stepped"},{"time":0.5333,"angle":21.56,"curve":0.269,"c2":0.6,"c3":0.582},{"time":0.6667}]},"top2":{"rotate":[{"angle":30.26,"curve":0.574,"c2":0.01,"c3":0.717,"c4":0.67},{"time":0.4,"angle":23.96,"curve":0.269,"c2":0.6,"c3":0.582},{"time":0.5333,"angle":30.26}]},"pupils":{"translate":[{"time":0.1,"curve":0.461,"c2":0.23,"c3":0.669,"c4":0.72},{"time":0.4,"y":-1.31,"curve":0.269,"c2":0.6,"c3":0.582},{"time":0.5333}]},"top3":{"rotate":[{"angle":30.26,"curve":0.574,"c2":0.01,"c3":0.717,"c4":0.67},{"time":0.4,"angle":3.57,"curve":0.269,"c2":0.6,"c3":0.582},{"time":0.5333,"angle":30.26}]},"body":{"translate":[{"time":0.1,"curve":0.237,"c2":0.72,"c3":0.565},{"time":0.4,"y":32.42,"curve":0.569,"c2":0.04,"c3":0.818,"c4":0.23},{"time":0.5333}]},"r_arm":{"rotate":[{"curve":0.237,"c2":0.72,"c3":0.565},{"time":0.3333,"angle":-19.11,"curve":"stepped"},{"time":0.5333,"angle":-19.11,"curve":0.269,"c2":0.6,"c3":0.582},{"time":0.6667}]},"mouth":{"translate":[{"time":0.1,"curve":0.237,"c2":0.72,"c3":0.565},{"time":0.3333,"y":11.43,"curve":0.569,"c2":0.04,"c3":0.818,"c4":0.23},{"time":0.5333}]}}},"recover":{"bones":{"cage":{"scale":[{"x":1.054,"y":0.928,"curve":0.551,"c2":0.02,"c3":0.514},{"time":0.4667}]},"top2":{"rotate":[{"angle":30.26}]},"top3":{"rotate":[{"angle":30.26}]},"r_arm":{"rotate":[{"angle":-28.01,"curve":0.567,"c2":0.02,"c3":0.565},{"time":0.4667}]},"l_arm":{"rotate":[{"angle":25.79,"curve":0.567,"c2":0.02,"c3":0.565},{"time":0.4667}]}}}}}