{"skeleton":{"hash":"yK+UPDZTkePlzRhl9XZB32YrRZU","spine":"3.8.95","x":-103.53,"y":-190.4,"width":207.06,"height":380.8},"bones":[{"name":"root","scaleX":0.34,"scaleY":0.34},{"name":"cage","parent":"root","x":0.08,"y":-464.89,"scaleY":0.9},{"name":"poof","parent":"root","x":1.66,"y":-269.88},{"name":"body","parent":"cage","x":-1.12,"y":28.82,"scaleX":0.7,"scaleY":0.85},{"name":"r_arm","parent":"body","length":83.22,"rotation":-155.05,"x":212.16,"y":54.54},{"name":"l_arm","parent":"body","length":95.58,"rotation":-27.97,"x":-197.39,"y":61.26},{"name":"eyes","parent":"body","x":1.49,"y":200.96},{"name":"pupils","parent":"eyes","y":-26.89},{"name":"top1","parent":"body","length":19.77,"rotation":91.36,"x":1.1,"y":256.98},{"name":"top2","parent":"top1","length":19.77,"rotation":-0.68,"x":19.77},{"name":"top3","parent":"top2","length":23.77,"rotation":-0.11,"x":19.77},{"name":"mouth","parent":"body","x":0.49,"y":91.31}],"slots":[{"name":"Grunt_spider/platform","bone":"root","attachment":"shadow"},{"name":"cage_back","bone":"cage","attachment":"cage_back"},{"name":"Lick/body","bone":"body","attachment":"Boo/body"},{"name":"Lick/mouth","bone":"mouth","attachment":"Boo/mouth"},{"name":"Lick/eyes_01","bone":"eyes","attachment":"Boo/eyes_01"},{"name":"Lick/l_pupil","bone":"pupils","attachment":"Boo/l_pupil"},{"name":"Lick/r_pupil","bone":"pupils","attachment":"Boo/r_pupil"},{"name":"Lick/eyes_02","bone":"eyes","attachment":"Boo/eyes_05"},{"name":"Lick/cheeks","bone":"body"},{"name":"Lick/top","bone":"root","attachment":"Boo/top"},{"name":"Grunt_spider/head","bone":"cage","attachment":"cage"},{"name":"Lick/l_hand","bone":"r_arm","attachment":"Boo/l_hand"},{"name":"Lick/r_hand","bone":"l_arm","attachment":"Boo/r_hand"},{"name":"Poof/poof_2","bone":"poof","attachment":"Poof/poof_01"}],"skins":[{"name":"default","attachments":{"Grunt_spider/head":{"cage":{"x":-0.08,"y":464.89,"scaleX":1.05,"width":580,"height":1120}},"Grunt_spider/platform":{"shadow":{"width":580,"height":1120}},"Lick/body":{"Boo/body":{"x":1.03,"y":409.3,"width":580,"height":1120}},"Lick/eyes_01":{"Boo/eyes_01":{"x":-0.46,"y":208.34,"width":580,"height":1120}},"Lick/eyes_02":{"Boo/eyes_02":{"x":-0.46,"y":208.34,"width":580,"height":1120},"Boo/eyes_03":{"x":-0.46,"y":208.34,"width":580,"height":1120},"Boo/eyes_04":{"x":-0.46,"y":208.34,"width":580,"height":1120},"Boo/eyes_05":{"x":-0.46,"y":208.34,"width":580,"height":1120}},"Lick/l_hand":{"Boo/l_hand":{"x":-11.77,"y":-385.82,"rotation":155.05,"width":580,"height":1120}},"Lick/l_pupil":{"Boo/l_pupil":{"x":-0.46,"y":235.24,"width":580,"height":1120}},"Lick/mouth":{"Boo/mouth":{"x":0.55,"y":317.99,"width":580,"height":1120}},"Lick/r_hand":{"Boo/r_hand":{"x":-29.68,"y":378.3,"rotation":27.97,"width":580,"height":1120}},"Lick/r_pupil":{"Boo/r_pupil":{"x":-0.46,"y":235.24,"width":580,"height":1120}},"Lick/top":{"Boo/top":{"type":"mesh","uvs":[0.42027,0.65379,0.43831,0.64308,0.46592,0.63676,0.47389,0.63181,0.4792,0.62576,0.48026,0.61256,0.47017,0.59606,0.46327,0.58863,0.49725,0.56608,0.53602,0.58588,0.52327,0.60101,0.51796,0.60926,0.51637,0.61806,0.51796,0.62713,0.52752,0.63208,0.54876,0.63841,0.56947,0.65078,0.5631,0.67058,0.46274,0.67608,0.43194,0.66673],"triangles":[6,7,8,9,6,8,10,6,9,4,5,12,11,6,10,5,6,11,12,5,11,4,12,13,19,0,1,17,15,16,18,1,2,19,1,18,2,14,18,2,3,14,13,3,4,13,14,3,17,18,14,17,14,15],"vertices":[1,8,-23.31,46.66,1,1,8,-11.57,35.91,1,1,8,-4.87,19.73,1,1,8,0.56,14.98,1,2,8,7.26,11.74,0.46302,9,-12.65,11.59,0.53698,3,8,22.03,10.77,0.27223,9,2.13,10.8,0.72416,10,-17.66,10.76,0.00361,2,9,20.68,16.43,0.3196,10,0.88,16.43,0.6804,2,9,29.04,20.34,0.07352,10,9.23,20.35,0.92648,1,10,34.29,0.39,1,2,9,31.62,-21.89,0.05367,10,11.9,-21.87,0.94633,2,9,14.77,-14.3,0.65269,10,-4.97,-14.31,0.34731,3,8,25.2,-11.18,0.08972,9,5.56,-11.11,0.88295,10,-14.18,-11.14,0.02732,2,8,15.37,-10.02,0.30733,9,-4.28,-10.07,0.69267,2,8,5.19,-10.7,0.848,9,-14.45,-10.87,0.152,1,8,-0.49,-16.11,1,1,8,-7.86,-28.26,1,1,8,-22,-39.94,1,1,8,-44.09,-35.71,1,1,8,-48.86,22.63,1,1,8,-37.96,40.24,1],"hull":20}},"Poof/poof_2":{"Poof/poof_01":{"x":2.32,"y":25.71,"width":724,"height":757},"Poof/poof_02":{"x":2.32,"y":25.71,"width":724,"height":757},"Poof/poof_03":{"x":2.32,"y":25.71,"width":724,"height":757},"Poof/poof_04":{"x":2.32,"y":25.71,"width":724,"height":757},"Poof/poof_05":{"x":2.32,"y":25.71,"width":724,"height":757},"Poof/poof_06":{"x":2.32,"y":25.71,"width":724,"height":757},"Poof/poof_07":{"x":2.32,"y":25.71,"width":724,"height":757},"Poof/poof_08":{"x":2.32,"y":25.71,"width":724,"height":757},"Poof/poof_09":{"x":2.32,"y":25.71,"width":724,"height":757}},"cage_back":{"cage_back":{"x":-0.08,"y":464.89,"scaleX":1.05,"width":580,"height":1120}}}}],"animations":{"damage":{"slots":{"Lick/eyes_02":{"attachment":[{"name":null}]},"Poof/poof_2":{"attachment":[{"name":null}]}},"bones":{"root":{"translate":[{"curve":0.567,"c2":0.02,"c3":0.565},{"time":0.0333,"x":18.46,"curve":0.551,"c2":0.02,"c3":0.514},{"time":0.0667,"x":-18.46,"curve":0.551,"c2":0.02,"c3":0.514},{"time":0.1,"x":18.46,"curve":0.551,"c2":0.02,"c3":0.514},{"time":0.1333,"x":-21.81,"curve":0.551,"c2":0.02,"c3":0.514},{"time":0.1667}]},"cage":{"scale":[{"curve":0.567,"c2":0.02,"c3":0.565},{"time":0.1667,"x":1.054,"y":0.928}]},"top2":{"rotate":[{"angle":30.26}]},"top3":{"rotate":[{"angle":30.26}]},"r_arm":{"rotate":[{"curve":0.567,"c2":0.02,"c3":0.565},{"time":0.1,"angle":-28.01}]},"l_arm":{"rotate":[{"curve":0.567,"c2":0.02,"c3":0.565},{"time":0.1,"angle":25.79}]}}},"die":{"slots":{"Grunt_spider/head":{"color":[{"color":"ffffffff","curve":0.551,"c2":0.02,"c3":0.514},{"time":0.0667,"color":"ffffff00"}]},"Grunt_spider/platform":{"color":[{"color":"ffffffff","curve":0.551,"c2":0.02,"c3":0.514},{"time":0.0667,"color":"ffffff00"}]},"Lick/body":{"color":[{"color":"ffffffff","curve":0.567,"c2":0.02,"c3":0.565},{"time":0.0667,"color":"ffffff00"}]},"Lick/cheeks":{"color":[{"color":"ffffffff","curve":0.567,"c2":0.02,"c3":0.565},{"time":0.0667,"color":"ffffff00"}]},"Lick/eyes_01":{"color":[{"color":"ffffffff","curve":0.567,"c2":0.02,"c3":0.565},{"time":0.0667,"color":"ffffff00"}]},"Lick/eyes_02":{"color":[{"color":"ffffffff","curve":0.567,"c2":0.02,"c3":0.565},{"time":0.0667,"color":"ffffff00"}],"attachment":[{"name":null}]},"Lick/l_hand":{"color":[{"color":"ffffffff","curve":0.567,"c2":0.02,"c3":0.565},{"time":0.0667,"color":"ffffff00"}]},"Lick/l_pupil":{"color":[{"color":"ffffffff","curve":0.567,"c2":0.02,"c3":0.565},{"time":0.0667,"color":"ffffff00"}]},"Lick/mouth":{"color":[{"color":"ffffffff","curve":0.567,"c2":0.02,"c3":0.565},{"time":0.0667,"color":"ffffff00"}]},"Lick/r_hand":{"color":[{"color":"ffffffff","curve":0.567,"c2":0.02,"c3":0.565},{"time":0.0667,"color":"ffffff00"}]},"Lick/r_pupil":{"color":[{"color":"ffffffff","curve":0.567,"c2":0.02,"c3":0.565},{"time":0.0667,"color":"ffffff00"}]},"Lick/top":{"color":[{"color":"ffffffff","curve":0.567,"c2":0.02,"c3":0.565},{"time":0.0667,"color":"ffffff00"}]},"Poof/poof_2":{"attachment":[{"name":null},{"time":0.0667,"name":"Poof/poof_01"},{"time":0.1,"name":"Poof/poof_02"},{"time":0.1333,"name":"Poof/poof_03"},{"time":0.1667,"name":"Poof/poof_04"},{"time":0.2,"name":"Poof/poof_05"},{"time":0.2333,"name":"Poof/poof_06"},{"time":0.2667,"name":"Poof/poof_07"},{"time":0.3,"name":"Poof/poof_08"},{"time":0.3333,"name":"Poof/poof_09"},{"time":0.3667,"name":null}]},"cage_back":{"color":[{"color":"ffffffff","curve":0.567,"c2":0.02,"c3":0.565},{"time":0.0667,"color":"ffffff00"}]}},"bones":{"top2":{"rotate":[{"angle":30.26}]},"top3":{"rotate":[{"angle":30.26}]}}},"idle":{"slots":{"Lick/eyes_02":{"attachment":[{"name":null},{"time":1,"name":"Boo/eyes_02"},{"time":1.0333,"name":"Boo/eyes_03"},{"time":1.0667,"name":"Boo/eyes_04"},{"time":1.1,"name":"Boo/eyes_05"},{"time":1.1667,"name":"Boo/eyes_04"},{"time":1.2,"name":"Boo/eyes_03"},{"time":1.2333,"name":"Boo/eyes_02"},{"time":1.2667,"name":null}]},"Poof/poof_2":{"attachment":[{"name":null}]}},"bones":{"top2":{"rotate":[{"angle":30.26,"curve":0.567,"c2":0.02,"c3":0.565},{"time":1,"angle":-32.09,"curve":0.567,"c2":0.02,"c3":0.565},{"time":2,"angle":30.26,"curve":0.567,"c2":0.02,"c3":0.565},{"time":3,"angle":-32.09,"curve":0.567,"c2":0.02,"c3":0.565},{"time":4,"angle":30.26}]},"top3":{"rotate":[{"angle":30.26,"curve":0.567,"c2":0.02,"c3":0.565},{"time":1,"angle":-32.09,"curve":0.567,"c2":0.02,"c3":0.565},{"time":2,"angle":30.26,"curve":0.567,"c2":0.02,"c3":0.565},{"time":3,"angle":-32.09,"curve":0.567,"c2":0.02,"c3":0.565},{"time":4,"angle":30.26}]},"body":{"scale":[{"curve":0.567,"c2":0.02,"c3":0.565},{"time":1,"x":0.94,"y":1.06,"curve":0.567,"c2":0.02,"c3":0.565},{"time":2,"curve":0.567,"c2":0.02,"c3":0.565},{"time":3,"x":0.94,"y":1.06,"curve":0.567,"c2":0.02,"c3":0.565},{"time":4}]},"r_arm":{"rotate":[{"curve":0.567,"c2":0.02,"c3":0.565},{"time":1,"angle":-17.02,"curve":0.567,"c2":0.02,"c3":0.565},{"time":2,"curve":0.567,"c2":0.02,"c3":0.565},{"time":3,"angle":-17.02,"curve":0.567,"c2":0.02,"c3":0.565},{"time":4}]},"l_arm":{"rotate":[{"curve":0.567,"c2":0.02,"c3":0.565},{"time":1,"angle":15.7,"curve":0.567,"c2":0.02,"c3":0.565},{"time":2,"curve":0.567,"c2":0.02,"c3":0.565},{"time":3,"angle":15.7,"curve":0.567,"c2":0.02,"c3":0.565},{"time":4}]},"mouth":{"translate":[{"curve":0.567,"c2":0.02,"c3":0.565},{"time":1,"y":7.36,"curve":0.567,"c2":0.02,"c3":0.565},{"time":2,"curve":0.567,"c2":0.02,"c3":0.565},{"time":3,"y":7.36,"curve":0.567,"c2":0.02,"c3":0.565},{"time":4}]}}},"jump_down":{"slots":{"Lick/eyes_02":{"attachment":[{"name":null}]},"Poof/poof_2":{"attachment":[{"name":null}]}},"bones":{"cage":{"translate":[{"curve":0.567,"c2":0.02,"c3":0.565},{"time":0.1,"y":-23.96,"curve":0.385,"c2":0.54,"c3":0.552,"c4":0.79},{"time":0.3333,"y":80.11,"curve":0.756,"c2":0.13,"c3":0.82,"c4":0.47},{"time":0.5333,"curve":0.567,"c2":0.02,"c3":0.565},{"time":0.6,"y":-23.96,"curve":0.551,"c2":0.02,"c3":0.514},{"time":0.6667}],"scale":[{"curve":0.567,"c2":0.02,"c3":0.565},{"time":0.1,"x":1.099,"y":0.934,"curve":0.385,"c2":0.54,"c3":0.552,"c4":0.79},{"time":0.3333,"x":0.994,"y":1.066,"curve":0.756,"c2":0.13,"c3":0.82,"c4":0.47},{"time":0.5333,"curve":0.567,"c2":0.02,"c3":0.565},{"time":0.6,"x":1.099,"y":0.934,"curve":0.551,"c2":0.02,"c3":0.514},{"time":0.6667}]},"l_arm":{"rotate":[{"curve":0.237,"c2":0.72,"c3":0.565},{"time":0.3333,"angle":21.56,"curve":"stepped"},{"time":0.5333,"angle":21.56,"curve":0.269,"c2":0.6,"c3":0.582},{"time":0.6667}]},"top2":{"rotate":[{"angle":30.26,"curve":0.574,"c2":0.01,"c3":0.717,"c4":0.67},{"time":0.4,"angle":23.96,"curve":0.269,"c2":0.6,"c3":0.582},{"time":0.5333,"angle":30.26}]},"pupils":{"translate":[{"time":0.1,"curve":0.461,"c2":0.23,"c3":0.669,"c4":0.72},{"time":0.4,"y":11.83,"curve":0.269,"c2":0.6,"c3":0.582},{"time":0.5333}]},"top3":{"rotate":[{"angle":30.26,"curve":0.574,"c2":0.01,"c3":0.717,"c4":0.67},{"time":0.4,"angle":3.57,"curve":0.269,"c2":0.6,"c3":0.582},{"time":0.5333,"angle":30.26}]},"body":{"translate":[{"time":0.1,"curve":0.237,"c2":0.72,"c3":0.565},{"time":0.4,"y":32.42,"curve":0.569,"c2":0.04,"c3":0.818,"c4":0.23},{"time":0.5333}]},"r_arm":{"rotate":[{"curve":0.237,"c2":0.72,"c3":0.565},{"time":0.3333,"angle":-19.11,"curve":"stepped"},{"time":0.5333,"angle":-19.11,"curve":0.269,"c2":0.6,"c3":0.582},{"time":0.6667}]},"mouth":{"translate":[{"time":0.1,"curve":0.237,"c2":0.72,"c3":0.565},{"time":0.3333,"y":11.43,"curve":0.569,"c2":0.04,"c3":0.818,"c4":0.23},{"time":0.5333}]}}},"recover":{"slots":{"Lick/eyes_02":{"attachment":[{"name":null}]},"Poof/poof_2":{"attachment":[{"name":null}]}},"bones":{"cage":{"scale":[{"x":1.054,"y":0.928,"curve":0.551,"c2":0.02,"c3":0.514},{"time":0.4667}]},"top2":{"rotate":[{"angle":30.26}]},"top3":{"rotate":[{"angle":30.26}]},"r_arm":{"rotate":[{"angle":-28.01,"curve":0.567,"c2":0.02,"c3":0.565},{"time":0.4667}]},"l_arm":{"rotate":[{"angle":25.79,"curve":0.567,"c2":0.02,"c3":0.565},{"time":0.4667}]}}}}}