{"skeleton":{"hash":"wPFfHSodQrj+6H/VTgoWt2lUfWc","spine":"3.8.95","x":-121.73,"y":-211.71,"width":246.16,"height":402.11},"bones":[{"name":"root","scaleX":0.34,"scaleY":0.34},{"name":"cage","parent":"root","x":0.08,"y":-464.89,"scaleY":0.9},{"name":"poof","parent":"root","x":1.66,"y":-269.88},{"name":"body","parent":"cage","x":-1.12,"y":26.55,"scaleX":0.75,"scaleY":0.82},{"name":"r_arm","parent":"body","length":83.22,"rotation":-155.05,"x":199.85,"y":54.54},{"name":"l_arm","parent":"body","length":95.58,"rotation":-27.97,"x":-186.64,"y":54.96},{"name":"eyes","parent":"body","x":1.49,"y":200.96},{"name":"pupils","parent":"eyes","y":-26.89},{"name":"top1","parent":"body","length":19.77,"rotation":91.36,"x":0.88,"y":273.83},{"name":"top2","parent":"top1","length":19.77,"rotation":-0.68,"x":19.77},{"name":"top3","parent":"top2","length":23.77,"rotation":-0.11,"x":19.77},{"name":"mouth","parent":"body","x":0.49,"y":91.31}],"slots":[{"name":"Grunt_spider/platform","bone":"root","attachment":"shadow"},{"name":"cage_back","bone":"cage","attachment":"cage_back"},{"name":"Lick/body","bone":"body","attachment":"Lick/body"},{"name":"Lick/eyes_01","bone":"eyes","attachment":"Lick/eyes_01"},{"name":"Lick/l_pupil","bone":"pupils","attachment":"Lick/l_pupil"},{"name":"Lick/r_pupil","bone":"pupils","attachment":"Lick/r_pupil"},{"name":"Lick/eyes_02","bone":"eyes","attachment":"Lick/eyes_05"},{"name":"Lick/cheeks","bone":"body","attachment":"Lick/cheeks"},{"name":"Lick/top","bone":"root","attachment":"Lick/top"},{"name":"Lick/mouth","bone":"mouth","attachment":"Lick/mouth"},{"name":"Grunt_spider/head","bone":"cage","attachment":"cage"},{"name":"Lick/l_hand","bone":"r_arm","attachment":"Lick/l_hand"},{"name":"Lick/r_hand","bone":"l_arm","attachment":"Lick/r_hand"},{"name":"Poof/poof_2","bone":"poof","attachment":"Poof/poof_01"}],"skins":[{"name":"default","attachments":{"Grunt_spider/head":{"cage":{"x":-0.08,"y":464.89,"scaleX":1.05,"width":580,"height":1120}},"Grunt_spider/platform":{"shadow":{"width":580,"height":1120}},"Lick/body":{"Lick/body":{"x":1.03,"y":409.3,"width":580,"height":1120}},"Lick/cheeks":{"Lick/cheeks":{"x":1.03,"y":409.3,"width":580,"height":1120}},"Lick/eyes_01":{"Lick/eyes_01":{"x":-0.46,"y":208.34,"width":580,"height":1120}},"Lick/eyes_02":{"Lick/eyes_02":{"x":-0.46,"y":208.34,"width":580,"height":1120},"Lick/eyes_03":{"x":-0.46,"y":208.34,"width":580,"height":1120},"Lick/eyes_04":{"x":-0.46,"y":208.34,"width":580,"height":1120},"Lick/eyes_05":{"x":-0.46,"y":208.34,"width":580,"height":1120}},"Lick/l_hand":{"Lick/l_hand":{"x":-11.77,"y":-385.82,"rotation":155.05,"width":580,"height":1120}},"Lick/l_pupil":{"Lick/l_pupil":{"x":-0.46,"y":235.24,"width":580,"height":1120}},"Lick/mouth":{"Lick/mouth":{"x":0.55,"y":317.99,"width":580,"height":1120}},"Lick/r_hand":{"Lick/r_hand":{"x":-29.68,"y":378.3,"rotation":27.97,"width":580,"height":1120}},"Lick/r_pupil":{"Lick/r_pupil":{"x":-0.46,"y":235.24,"width":580,"height":1120}},"Lick/top":{"Lick/top":{"type":"mesh","uvs":[0.44509,0.63263,0.44509,0.6285,0.46172,0.62312,0.47801,0.61504,0.48182,0.60248,0.48043,0.59171,0.47281,0.58346,0.46588,0.57197,0.47038,0.55869,0.48979,0.55259,0.51578,0.55259,0.53068,0.5612,0.53172,0.57305,0.52306,0.58723,0.51786,0.59423,0.51578,0.60517,0.52133,0.61863,0.53935,0.62456,0.55806,0.62779,0.55841,0.63084,0.54073,0.63496],"triangles":[11,12,9,6,7,12,9,12,7,9,10,11,6,12,13,9,7,8,5,6,13,15,4,14,4,5,14,14,5,13,20,2,16,20,0,2,2,3,16,16,3,15,16,17,20,20,18,19,20,17,18,0,1,2,3,4,15],"vertices":[1,8,-12.31,32,1,1,8,-7.69,31.89,1,1,8,-1.89,22.1,1,2,8,6.92,12.44,0.77501,9,-12.99,12.29,0.22499,2,8,20.94,9.9,0.48241,9,1.05,9.91,0.51759,3,8,33.01,10.41,0.00592,9,13.12,10.57,0.83489,10,-6.67,10.56,0.15919,2,9,22.42,14.88,0.21947,10,2.62,14.89,0.78053,2,9,35.33,18.75,0.00174,10,15.52,18.78,0.99826,1,10,30.37,16.02,1,1,10,37.09,4.7,1,1,10,36.94,-10.38,1,1,10,27.21,-18.93,1,2,9,33.67,-19.43,0.00278,10,13.94,-19.4,0.99722,2,9,17.85,-14.21,0.5439,10,-1.89,-14.22,0.4561,3,8,29.68,-11.22,0.01862,9,10.05,-11.1,0.85667,10,-9.7,-11.12,0.12471,2,8,17.45,-9.72,0.39302,9,-2.2,-9.75,0.60698,2,8,2.31,-12.58,0.6,9,-17.31,-12.79,0.4,1,8,-4.57,-22.87,1,1,8,-8.45,-33.64,1,1,8,-11.87,-33.76,1,1,8,-16.25,-23.4,1],"hull":21}},"Poof/poof_2":{"Poof/poof_01":{"x":2.32,"y":25.71,"width":724,"height":757},"Poof/poof_02":{"x":2.32,"y":25.71,"width":724,"height":757},"Poof/poof_03":{"x":2.32,"y":25.71,"width":724,"height":757},"Poof/poof_04":{"x":2.32,"y":25.71,"width":724,"height":757},"Poof/poof_05":{"x":2.32,"y":25.71,"width":724,"height":757},"Poof/poof_06":{"x":2.32,"y":25.71,"width":724,"height":757},"Poof/poof_07":{"x":2.32,"y":25.71,"width":724,"height":757},"Poof/poof_08":{"x":2.32,"y":25.71,"width":724,"height":757},"Poof/poof_09":{"x":2.32,"y":25.71,"width":724,"height":757}},"cage_back":{"cage_back":{"x":-0.08,"y":464.89,"scaleX":1.05,"width":580,"height":1120}}}}],"animations":{"damage":{"slots":{"Lick/eyes_02":{"attachment":[{"name":null}]},"Poof/poof_2":{"attachment":[{"name":null}]}},"bones":{"root":{"translate":[{"curve":0.567,"c2":0.02,"c3":0.565},{"time":0.0333,"x":18.46,"curve":0.551,"c2":0.02,"c3":0.514},{"time":0.0667,"x":-18.46,"curve":0.551,"c2":0.02,"c3":0.514},{"time":0.1,"x":18.46,"curve":0.551,"c2":0.02,"c3":0.514},{"time":0.1333,"x":-21.81,"curve":0.551,"c2":0.02,"c3":0.514},{"time":0.1667}]},"cage":{"scale":[{"curve":0.567,"c2":0.02,"c3":0.565},{"time":0.1667,"x":1.054,"y":0.928}]},"top2":{"rotate":[{"angle":30.26}]},"top3":{"rotate":[{"angle":30.26}]},"r_arm":{"rotate":[{"curve":0.567,"c2":0.02,"c3":0.565},{"time":0.1,"angle":-28.01}]},"l_arm":{"rotate":[{"curve":0.567,"c2":0.02,"c3":0.565},{"time":0.1,"angle":25.79}]}}},"die":{"slots":{"Grunt_spider/head":{"color":[{"color":"ffffffff","curve":0.551,"c2":0.02,"c3":0.514},{"time":0.0667,"color":"ffffff00"}]},"Grunt_spider/platform":{"color":[{"color":"ffffffff","curve":0.551,"c2":0.02,"c3":0.514},{"time":0.0667,"color":"ffffff00"}]},"Lick/body":{"color":[{"color":"ffffffff","curve":0.567,"c2":0.02,"c3":0.565},{"time":0.0667,"color":"ffffff00"}]},"Lick/cheeks":{"color":[{"color":"ffffffff","curve":0.567,"c2":0.02,"c3":0.565},{"time":0.0667,"color":"ffffff00"}]},"Lick/eyes_01":{"color":[{"color":"ffffffff","curve":0.567,"c2":0.02,"c3":0.565},{"time":0.0667,"color":"ffffff00"}]},"Lick/eyes_02":{"color":[{"color":"ffffffff","curve":0.567,"c2":0.02,"c3":0.565},{"time":0.0667,"color":"ffffff00"}],"attachment":[{"name":null}]},"Lick/l_hand":{"color":[{"color":"ffffffff","curve":0.567,"c2":0.02,"c3":0.565},{"time":0.0667,"color":"ffffff00"}]},"Lick/l_pupil":{"color":[{"color":"ffffffff","curve":0.567,"c2":0.02,"c3":0.565},{"time":0.0667,"color":"ffffff00"}]},"Lick/mouth":{"color":[{"color":"ffffffff","curve":0.567,"c2":0.02,"c3":0.565},{"time":0.0667,"color":"ffffff00"}]},"Lick/r_hand":{"color":[{"color":"ffffffff","curve":0.567,"c2":0.02,"c3":0.565},{"time":0.0667,"color":"ffffff00"}]},"Lick/r_pupil":{"color":[{"color":"ffffffff","curve":0.567,"c2":0.02,"c3":0.565},{"time":0.0667,"color":"ffffff00"}]},"Lick/top":{"color":[{"color":"ffffffff","curve":0.567,"c2":0.02,"c3":0.565},{"time":0.0667,"color":"ffffff00"}]},"Poof/poof_2":{"attachment":[{"name":null},{"time":0.0667,"name":"Poof/poof_01"},{"time":0.1,"name":"Poof/poof_02"},{"time":0.1333,"name":"Poof/poof_03"},{"time":0.1667,"name":"Poof/poof_04"},{"time":0.2,"name":"Poof/poof_05"},{"time":0.2333,"name":"Poof/poof_06"},{"time":0.2667,"name":"Poof/poof_07"},{"time":0.3,"name":"Poof/poof_08"},{"time":0.3333,"name":"Poof/poof_09"},{"time":0.3667,"name":null}]},"cage_back":{"color":[{"color":"ffffffff","curve":0.567,"c2":0.02,"c3":0.565},{"time":0.0667,"color":"ffffff00"}]}},"bones":{"top2":{"rotate":[{"angle":30.26}]},"top3":{"rotate":[{"angle":30.26}]}}},"idle":{"slots":{"Lick/eyes_02":{"attachment":[{"name":null},{"time":1,"name":"Lick/eyes_02"},{"time":1.0333,"name":"Lick/eyes_03"},{"time":1.0667,"name":"Lick/eyes_04"},{"time":1.1,"name":"Lick/eyes_05"},{"time":1.1667,"name":"Lick/eyes_04"},{"time":1.2,"name":"Lick/eyes_03"},{"time":1.2333,"name":"Lick/eyes_02"},{"time":1.2667,"name":null}]},"Poof/poof_2":{"attachment":[{"name":null}]}},"bones":{"top2":{"rotate":[{"angle":30.26,"curve":0.567,"c2":0.02,"c3":0.565},{"time":1,"angle":-32.09,"curve":0.567,"c2":0.02,"c3":0.565},{"time":2,"angle":30.26,"curve":0.567,"c2":0.02,"c3":0.565},{"time":3,"angle":-32.09,"curve":0.567,"c2":0.02,"c3":0.565},{"time":4,"angle":30.26}]},"top3":{"rotate":[{"angle":30.26,"curve":0.567,"c2":0.02,"c3":0.565},{"time":1,"angle":-32.09,"curve":0.567,"c2":0.02,"c3":0.565},{"time":2,"angle":30.26,"curve":0.567,"c2":0.02,"c3":0.565},{"time":3,"angle":-32.09,"curve":0.567,"c2":0.02,"c3":0.565},{"time":4,"angle":30.26}]},"body":{"scale":[{"curve":0.567,"c2":0.02,"c3":0.565},{"time":1,"x":0.94,"y":1.06,"curve":0.481,"c2":0.02,"c3":0.769,"c4":0.47},{"time":1.4,"x":0.933,"y":1.037,"curve":0.31,"c2":0.45,"c3":0.506},{"time":2,"curve":0.567,"c2":0.02,"c3":0.565},{"time":3,"x":0.94,"y":1.06,"curve":0.567,"c2":0.02,"c3":0.565},{"time":4}]},"r_arm":{"rotate":[{"curve":0.567,"c2":0.02,"c3":0.565},{"time":1,"angle":-17.02,"curve":0.567,"c2":0.02,"c3":0.565},{"time":2,"curve":0.567,"c2":0.02,"c3":0.565},{"time":3,"angle":-17.02,"curve":0.567,"c2":0.02,"c3":0.565},{"time":4}]},"l_arm":{"rotate":[{"curve":0.567,"c2":0.02,"c3":0.565},{"time":1,"angle":15.7,"curve":0.567,"c2":0.02,"c3":0.565},{"time":2,"curve":0.567,"c2":0.02,"c3":0.565},{"time":3,"angle":15.7,"curve":0.567,"c2":0.02,"c3":0.565},{"time":4}]},"mouth":{"translate":[{"curve":0.567,"c2":0.02,"c3":0.565},{"time":1,"y":7.36,"curve":0.567,"c2":0.02,"c3":0.565},{"time":2,"curve":0.567,"c2":0.02,"c3":0.565},{"time":3,"y":7.36,"curve":0.567,"c2":0.02,"c3":0.565},{"time":4}]}}},"jump_down":{"slots":{"Lick/eyes_02":{"attachment":[{"name":null}]},"Poof/poof_2":{"attachment":[{"name":null}]}},"bones":{"cage":{"translate":[{"curve":0.567,"c2":0.02,"c3":0.565},{"time":0.1,"y":-23.96,"curve":0.385,"c2":0.54,"c3":0.552,"c4":0.79},{"time":0.3333,"y":80.11,"curve":0.756,"c2":0.13,"c3":0.82,"c4":0.47},{"time":0.5333,"curve":0.567,"c2":0.02,"c3":0.565},{"time":0.6,"y":-23.96,"curve":0.551,"c2":0.02,"c3":0.514},{"time":0.6667}],"scale":[{"curve":0.567,"c2":0.02,"c3":0.565},{"time":0.1,"x":1.099,"y":0.934,"curve":0.385,"c2":0.54,"c3":0.552,"c4":0.79},{"time":0.3333,"x":0.994,"y":1.066,"curve":0.756,"c2":0.13,"c3":0.82,"c4":0.47},{"time":0.5333,"curve":0.567,"c2":0.02,"c3":0.565},{"time":0.6,"x":1.099,"y":0.934,"curve":0.551,"c2":0.02,"c3":0.514},{"time":0.6667}]},"l_arm":{"rotate":[{"curve":0.237,"c2":0.72,"c3":0.565},{"time":0.3333,"angle":21.56,"curve":"stepped"},{"time":0.5333,"angle":21.56,"curve":0.269,"c2":0.6,"c3":0.582},{"time":0.6667}]},"top2":{"rotate":[{"angle":30.26,"curve":0.574,"c2":0.01,"c3":0.717,"c4":0.67},{"time":0.4,"angle":23.96,"curve":0.269,"c2":0.6,"c3":0.582},{"time":0.5333,"angle":30.26}]},"pupils":{"translate":[{"time":0.1,"curve":0.461,"c2":0.23,"c3":0.669,"c4":0.72},{"time":0.4,"y":11.83,"curve":0.269,"c2":0.6,"c3":0.582},{"time":0.5333}]},"top3":{"rotate":[{"angle":30.26,"curve":0.574,"c2":0.01,"c3":0.717,"c4":0.67},{"time":0.4,"angle":3.57,"curve":0.269,"c2":0.6,"c3":0.582},{"time":0.5333,"angle":30.26}]},"body":{"translate":[{"time":0.1,"curve":0.237,"c2":0.72,"c3":0.565},{"time":0.4,"y":32.42,"curve":0.569,"c2":0.04,"c3":0.818,"c4":0.23},{"time":0.5333}]},"r_arm":{"rotate":[{"curve":0.237,"c2":0.72,"c3":0.565},{"time":0.3333,"angle":-19.11,"curve":"stepped"},{"time":0.5333,"angle":-19.11,"curve":0.269,"c2":0.6,"c3":0.582},{"time":0.6667}]},"mouth":{"translate":[{"time":0.1,"curve":0.237,"c2":0.72,"c3":0.565},{"time":0.3333,"y":11.43,"curve":0.569,"c2":0.04,"c3":0.818,"c4":0.23},{"time":0.5333}]}}},"recover":{"slots":{"Lick/eyes_02":{"attachment":[{"name":null}]},"Poof/poof_2":{"attachment":[{"name":null}]}},"bones":{"cage":{"scale":[{"x":1.054,"y":0.928,"curve":0.551,"c2":0.02,"c3":0.514},{"time":0.4667}]},"top2":{"rotate":[{"angle":30.26}]},"top3":{"rotate":[{"angle":30.26}]},"r_arm":{"rotate":[{"angle":-28.01,"curve":0.567,"c2":0.02,"c3":0.565},{"time":0.4667}]},"l_arm":{"rotate":[{"angle":25.79,"curve":0.567,"c2":0.02,"c3":0.565},{"time":0.4667}]}}}}}