{"skeleton":{"hash":"orlHNGzNy34ZUtmo1qRkA54SZNk","spine":"3.8.95","x":-121.73,"y":-211.71,"width":246.16,"height":402.11},"bones":[{"name":"root","scaleX":0.34,"scaleY":0.34},{"name":"cage","parent":"root","x":0.08,"y":-464.89,"scaleY":0.9},{"name":"poof","parent":"root","x":1.66,"y":-269.88},{"name":"body","parent":"cage","x":-1.12,"y":39.8,"scaleX":0.7,"scaleY":0.85},{"name":"r_arm","parent":"body","length":83.22,"rotation":-155.05,"x":203.66,"y":50.5},{"name":"l_arm","parent":"body","length":95.58,"rotation":-27.97,"x":-186.78,"y":53.3},{"name":"eyes","parent":"body","x":1.49,"y":200.96},{"name":"pupils","parent":"eyes","y":-26.89},{"name":"top1","parent":"body","length":19.77,"rotation":91.36,"x":0.88,"y":209.83},{"name":"mouth","parent":"body","x":0.49,"y":91.31}],"slots":[{"name":"Grunt_spider/platform","bone":"root","attachment":"shadow"},{"name":"cage_back","bone":"cage","attachment":"cage_back"},{"name":"Lick/body","bone":"body","attachment":"Toss/body"},{"name":"Lick/mouth","bone":"mouth","attachment":"Toss/mouth"},{"name":"Lick/top","bone":"top1","attachment":"Toss/top"},{"name":"Lick/eyes_01","bone":"eyes","attachment":"Toss/eyes_01"},{"name":"Lick/l_pupil","bone":"pupils","attachment":"Toss/l_pupil"},{"name":"Lick/r_pupil","bone":"pupils","attachment":"Toss/r_pupil"},{"name":"Lick/eyes_02","bone":"eyes","attachment":"Toss/eyes_05"},{"name":"Lick/cheeks","bone":"body"},{"name":"Grunt_spider/head","bone":"cage","attachment":"cage"},{"name":"Lick/l_hand","bone":"r_arm","attachment":"Toss/l_hand"},{"name":"Lick/r_hand","bone":"l_arm","attachment":"Toss/r_hand"},{"name":"Poof/poof_2","bone":"poof","attachment":"Poof/poof_01"}],"skins":[{"name":"default","attachments":{"Grunt_spider/head":{"cage":{"x":-0.08,"y":464.89,"scaleX":1.05,"width":580,"height":1120}},"Grunt_spider/platform":{"shadow":{"width":580,"height":1120}},"Lick/body":{"Toss/body":{"x":1.03,"y":409.3,"width":580,"height":1120}},"Lick/eyes_01":{"Toss/eyes_01":{"x":-0.46,"y":208.34,"width":580,"height":1120}},"Lick/eyes_02":{"Toss/eyes_02":{"x":-0.46,"y":208.34,"width":580,"height":1120},"Toss/eyes_03":{"x":-0.46,"y":208.34,"width":580,"height":1120},"Toss/eyes_04":{"x":-0.46,"y":208.34,"width":580,"height":1120},"Toss/eyes_05":{"x":-0.46,"y":208.34,"width":580,"height":1120}},"Lick/l_hand":{"Toss/l_hand":{"x":-11.77,"y":-385.82,"rotation":155.05,"width":580,"height":1120}},"Lick/l_pupil":{"Toss/l_pupil":{"x":-0.46,"y":235.24,"width":580,"height":1120}},"Lick/mouth":{"Toss/mouth":{"x":0.55,"y":317.99,"width":580,"height":1120}},"Lick/r_hand":{"Toss/r_hand":{"x":-29.68,"y":378.3,"rotation":27.97,"width":580,"height":1120}},"Lick/r_pupil":{"Toss/r_pupil":{"x":-0.46,"y":235.24,"width":580,"height":1120}},"Lick/top":{"Toss/top":{"x":199.41,"y":-4.9,"rotation":-91.36,"width":580,"height":1120}},"Poof/poof_2":{"Poof/poof_01":{"x":2.32,"y":25.71,"width":724,"height":757},"Poof/poof_02":{"x":2.32,"y":25.71,"width":724,"height":757},"Poof/poof_03":{"x":2.32,"y":25.71,"width":724,"height":757},"Poof/poof_04":{"x":2.32,"y":25.71,"width":724,"height":757},"Poof/poof_05":{"x":2.32,"y":25.71,"width":724,"height":757},"Poof/poof_06":{"x":2.32,"y":25.71,"width":724,"height":757},"Poof/poof_07":{"x":2.32,"y":25.71,"width":724,"height":757},"Poof/poof_08":{"x":2.32,"y":25.71,"width":724,"height":757},"Poof/poof_09":{"x":2.32,"y":25.71,"width":724,"height":757}},"cage_back":{"cage_back":{"x":-0.08,"y":464.89,"scaleX":1.05,"width":580,"height":1120}}}}],"animations":{"damage":{"slots":{"Lick/eyes_02":{"attachment":[{"name":null}]},"Poof/poof_2":{"attachment":[{"name":null}]}},"bones":{"root":{"translate":[{"curve":0.567,"c2":0.02,"c3":0.565},{"time":0.0333,"x":18.46,"curve":0.551,"c2":0.02,"c3":0.514},{"time":0.0667,"x":-18.46,"curve":0.551,"c2":0.02,"c3":0.514},{"time":0.1,"x":18.46,"curve":0.551,"c2":0.02,"c3":0.514},{"time":0.1333,"x":-21.81,"curve":0.551,"c2":0.02,"c3":0.514},{"time":0.1667}]},"cage":{"scale":[{"curve":0.567,"c2":0.02,"c3":0.565},{"time":0.1667,"x":1.054,"y":0.928}]},"r_arm":{"rotate":[{"curve":0.567,"c2":0.02,"c3":0.565},{"time":0.1,"angle":-28.01}]},"l_arm":{"rotate":[{"curve":0.567,"c2":0.02,"c3":0.565},{"time":0.1,"angle":25.79}]}}},"die":{"slots":{"Grunt_spider/head":{"color":[{"color":"ffffffff","curve":0.551,"c2":0.02,"c3":0.514},{"time":0.0667,"color":"ffffff00"}]},"Grunt_spider/platform":{"color":[{"color":"ffffffff","curve":0.551,"c2":0.02,"c3":0.514},{"time":0.0667,"color":"ffffff00"}]},"Lick/body":{"color":[{"color":"ffffffff","curve":0.567,"c2":0.02,"c3":0.565},{"time":0.0667,"color":"ffffff00"}]},"Lick/cheeks":{"color":[{"color":"ffffffff","curve":0.567,"c2":0.02,"c3":0.565},{"time":0.0667,"color":"ffffff00"}]},"Lick/eyes_01":{"color":[{"color":"ffffffff","curve":0.567,"c2":0.02,"c3":0.565},{"time":0.0667,"color":"ffffff00"}]},"Lick/eyes_02":{"color":[{"color":"ffffffff","curve":0.567,"c2":0.02,"c3":0.565},{"time":0.0667,"color":"ffffff00"}],"attachment":[{"name":null}]},"Lick/l_hand":{"color":[{"color":"ffffffff","curve":0.567,"c2":0.02,"c3":0.565},{"time":0.0667,"color":"ffffff00"}]},"Lick/l_pupil":{"color":[{"color":"ffffffff","curve":0.567,"c2":0.02,"c3":0.565},{"time":0.0667,"color":"ffffff00"}]},"Lick/mouth":{"color":[{"color":"ffffffff","curve":0.567,"c2":0.02,"c3":0.565},{"time":0.0667,"color":"ffffff00"}]},"Lick/r_hand":{"color":[{"color":"ffffffff","curve":0.567,"c2":0.02,"c3":0.565},{"time":0.0667,"color":"ffffff00"}]},"Lick/r_pupil":{"color":[{"color":"ffffffff","curve":0.567,"c2":0.02,"c3":0.565},{"time":0.0667,"color":"ffffff00"}]},"Lick/top":{"color":[{"color":"ffffffff","curve":0.567,"c2":0.02,"c3":0.565},{"time":0.0667,"color":"ffffff00"}]},"Poof/poof_2":{"attachment":[{"name":null},{"time":0.0667,"name":"Poof/poof_01"},{"time":0.1,"name":"Poof/poof_02"},{"time":0.1333,"name":"Poof/poof_03"},{"time":0.1667,"name":"Poof/poof_04"},{"time":0.2,"name":"Poof/poof_05"},{"time":0.2333,"name":"Poof/poof_06"},{"time":0.2667,"name":"Poof/poof_07"},{"time":0.3,"name":"Poof/poof_08"},{"time":0.3333,"name":"Poof/poof_09"},{"time":0.3667,"name":null}]},"cage_back":{"color":[{"color":"ffffffff","curve":0.567,"c2":0.02,"c3":0.565},{"time":0.0667,"color":"ffffff00"}]}}},"idle":{"slots":{"Lick/eyes_02":{"attachment":[{"name":null},{"time":1,"name":"Toss/eyes_02"},{"time":1.0333,"name":"Toss/eyes_03"},{"time":1.0667,"name":"Toss/eyes_04"},{"time":1.1,"name":"Toss/eyes_05"},{"time":1.1667,"name":"Toss/eyes_04"},{"time":1.2,"name":"Toss/eyes_03"},{"time":1.2333,"name":"Toss/eyes_02"},{"time":1.2667,"name":null}]},"Poof/poof_2":{"attachment":[{"name":null}]}},"bones":{"body":{"scale":[{"curve":0.567,"c2":0.02,"c3":0.565},{"time":1,"x":0.94,"y":1.06,"curve":0.567,"c2":0.02,"c3":0.565},{"time":2,"curve":0.567,"c2":0.02,"c3":0.565},{"time":3,"x":0.94,"y":1.06,"curve":0.567,"c2":0.02,"c3":0.565},{"time":4}]},"r_arm":{"rotate":[{"curve":0.567,"c2":0.02,"c3":0.565},{"time":1,"angle":-17.02,"curve":0.567,"c2":0.02,"c3":0.565},{"time":2,"curve":0.567,"c2":0.02,"c3":0.565},{"time":3,"angle":-17.02,"curve":0.567,"c2":0.02,"c3":0.565},{"time":4}]},"l_arm":{"rotate":[{"curve":0.567,"c2":0.02,"c3":0.565},{"time":1,"angle":15.7,"curve":0.567,"c2":0.02,"c3":0.565},{"time":2,"curve":0.567,"c2":0.02,"c3":0.565},{"time":3,"angle":15.7,"curve":0.567,"c2":0.02,"c3":0.565},{"time":4}]},"mouth":{"translate":[{"curve":0.567,"c2":0.02,"c3":0.565},{"time":1,"y":7.36,"curve":0.567,"c2":0.02,"c3":0.565},{"time":2,"curve":0.567,"c2":0.02,"c3":0.565},{"time":3,"y":7.36,"curve":0.567,"c2":0.02,"c3":0.565},{"time":4}]}}},"jump_down":{"slots":{"Lick/eyes_02":{"attachment":[{"name":null}]},"Poof/poof_2":{"attachment":[{"name":null}]}},"bones":{"cage":{"translate":[{"curve":0.567,"c2":0.02,"c3":0.565},{"time":0.1,"y":-23.96,"curve":0.385,"c2":0.54,"c3":0.552,"c4":0.79},{"time":0.3333,"y":80.11,"curve":0.756,"c2":0.13,"c3":0.82,"c4":0.47},{"time":0.5333,"curve":0.567,"c2":0.02,"c3":0.565},{"time":0.6,"y":-23.96,"curve":0.551,"c2":0.02,"c3":0.514},{"time":0.6667}],"scale":[{"curve":0.567,"c2":0.02,"c3":0.565},{"time":0.1,"x":1.099,"y":0.934,"curve":0.385,"c2":0.54,"c3":0.552,"c4":0.79},{"time":0.3333,"x":0.994,"y":1.066,"curve":0.756,"c2":0.13,"c3":0.82,"c4":0.47},{"time":0.5333,"curve":0.567,"c2":0.02,"c3":0.565},{"time":0.6,"x":1.099,"y":0.934,"curve":0.551,"c2":0.02,"c3":0.514},{"time":0.6667}]},"l_arm":{"rotate":[{"curve":0.237,"c2":0.72,"c3":0.565},{"time":0.3333,"angle":21.56,"curve":"stepped"},{"time":0.5333,"angle":21.56,"curve":0.269,"c2":0.6,"c3":0.582},{"time":0.6667}]},"pupils":{"translate":[{"time":0.1,"curve":0.461,"c2":0.23,"c3":0.669,"c4":0.72},{"time":0.4,"y":11.83,"curve":0.269,"c2":0.6,"c3":0.582},{"time":0.5333}]},"top1":{"translate":[{"time":0.1,"curve":0.237,"c2":0.72,"c3":0.565},{"time":0.4,"y":24.84,"curve":0.569,"c2":0.04,"c3":0.818,"c4":0.23},{"time":0.6667}]},"body":{"translate":[{"time":0.1,"curve":0.237,"c2":0.72,"c3":0.565},{"time":0.4,"y":32.42,"curve":0.569,"c2":0.04,"c3":0.818,"c4":0.23},{"time":0.5333}]},"r_arm":{"rotate":[{"curve":0.237,"c2":0.72,"c3":0.565},{"time":0.3333,"angle":-19.11,"curve":"stepped"},{"time":0.5333,"angle":-19.11,"curve":0.269,"c2":0.6,"c3":0.582},{"time":0.6667}]},"mouth":{"translate":[{"time":0.1,"curve":0.237,"c2":0.72,"c3":0.565},{"time":0.3333,"y":11.43,"curve":0.569,"c2":0.04,"c3":0.818,"c4":0.23},{"time":0.5333}]}}},"recover":{"slots":{"Lick/eyes_02":{"attachment":[{"name":null}]},"Poof/poof_2":{"attachment":[{"name":null}]}},"bones":{"cage":{"scale":[{"x":1.054,"y":0.928,"curve":0.551,"c2":0.02,"c3":0.514},{"time":0.4667}]},"r_arm":{"rotate":[{"angle":-28.01,"curve":0.567,"c2":0.02,"c3":0.565},{"time":0.4667}]},"l_arm":{"rotate":[{"angle":25.79,"curve":0.567,"c2":0.02,"c3":0.565},{"time":0.4667}]}}}}}