{"skeleton":{"hash":"LAm4yEGhHMENyalCmqd4eUq7n90","spine":"3.8.95","x":-60.81,"y":-105.23,"width":123.08,"height":200.43},"bones":[{"name":"root","scaleX":0.17,"scaleY":0.17},{"name":"body","parent":"root","x":4.83,"y":-146.14,"scaleX":0.8747,"scaleY":0.8747},{"name":"R_wing","parent":"body","length":208.11,"rotation":6.04,"x":44.77,"y":-13.93},{"name":"L_wing","parent":"body","length":216.43,"rotation":176.05,"x":-61.69,"y":-20.9},{"name":"eyes","parent":"body","x":13.93,"y":-207.95},{"name":"L_pupil","parent":"eyes","x":-30.84,"y":14.92},{"name":"R_pupil","parent":"eyes","x":27.86,"y":18.9},{"name":"R_hand","parent":"body","length":93.14,"rotation":-108.05,"x":97.51,"y":-279.6},{"name":"L_hand","parent":"body","length":95.23,"rotation":-62.63,"x":-106.38,"y":-287.15},{"name":"R_leg_01","parent":"body","length":101.35,"rotation":-43.41,"x":160.24,"y":-151.73},{"name":"R_leg_02","parent":"body","length":109.77,"rotation":-8.86,"x":148.07,"y":-116.12},{"name":"L_leg_01","parent":"body","length":108.5,"rotation":-137.97,"x":-168.07,"y":-154.59},{"name":"L_leg_02","parent":"body","length":84.06,"rotation":-163.5,"x":-167.99,"y":-112.08},{"name":"poof","parent":"root","x":1.66,"y":-269.88}],"slots":[{"name":"Bee/platform","bone":"root","attachment":"Bee/platform"},{"name":"Bee/l_hand","bone":"L_hand","attachment":"Bee/l_hand"},{"name":"Bee/l_leg_01","bone":"L_leg_01","attachment":"Bee/l_leg_01"},{"name":"Bee/l_leg_02","bone":"L_leg_02","attachment":"Bee/l_leg_02"},{"name":"Bee/r_hand","bone":"R_hand","attachment":"Bee/r_hand"},{"name":"Bee/r_leg_01","bone":"R_leg_01","attachment":"Bee/r_leg_01"},{"name":"Bee/r_leg_02","bone":"R_leg_02","attachment":"Bee/r_leg_02"},{"name":"Bee/body","bone":"body","attachment":"Bee/body"},{"name":"Bee/eyes_01","bone":"eyes","attachment":"Bee/eyes_01"},{"name":"Bee/l_pupil","bone":"L_pupil","attachment":"Bee/l_pupil"},{"name":"Bee/r_pupil","bone":"R_pupil","attachment":"Bee/r_pupil"},{"name":"Bee/eyes_02","bone":"eyes"},{"name":"Bee/l_wing","bone":"L_wing","attachment":"Bee/l_wing"},{"name":"Bee/r_wing","bone":"R_wing","attachment":"Bee/r_wing"},{"name":"Poof/poof_1","bone":"poof","attachment":"Poof/poof_01"}],"skins":[{"name":"default","attachments":{"Bee/body":{"Bee/body":{"x":-4.83,"y":146.14,"width":580,"height":1120}},"Bee/eyes_01":{"Bee/eyes_01":{"x":-18.76,"y":354.1,"width":580,"height":1120}},"Bee/eyes_02":{"Bee/eyes_02":{"x":-18.76,"y":354.1,"width":580,"height":1120},"Bee/eyes_03":{"x":-18.76,"y":354.1,"width":580,"height":1120},"Bee/eyes_04":{"x":-18.76,"y":354.1,"width":580,"height":1120},"Bee/eyes_05":{"x":-18.76,"y":354.1,"width":580,"height":1120},"Bee/eyes_06":{"x":-18.76,"y":354.1,"width":580,"height":1120}},"Bee/l_hand":{"Bee/l_hand":{"x":-338.12,"y":289.37,"rotation":62.63,"width":580,"height":1120}},"Bee/l_leg_01":{"Bee/l_leg_01":{"x":-337.55,"y":-111.19,"rotation":137.97,"width":580,"height":1120}},"Bee/l_leg_02":{"Bee/l_leg_02":{"x":-242.22,"y":-200.28,"rotation":163.5,"width":580,"height":1120}},"Bee/l_pupil":{"Bee/l_pupil":{"x":12.08,"y":339.17,"width":560,"height":1200}},"Bee/l_wing":{"Bee/l_wing":{"x":-45.2,"y":-170.56,"rotation":-176.05,"width":580,"height":1120}},"Bee/platform":{"Bee/platform":{"width":580,"height":1120}},"Bee/r_hand":{"Bee/r_hand":{"x":-373.08,"y":-229.21,"rotation":108.05,"width":580,"height":1120}},"Bee/r_leg_01":{"Bee/r_leg_01":{"x":-341.3,"y":101.57,"rotation":43.41,"width":580,"height":1120}},"Bee/r_leg_02":{"Bee/r_leg_02":{"x":-206.53,"y":235.87,"rotation":8.86,"width":580,"height":1120}},"Bee/r_pupil":{"Bee/r_pupil":{"x":-46.62,"y":335.19,"width":560,"height":1200}},"Bee/r_wing":{"Bee/r_wing":{"x":-32.5,"y":164.4,"rotation":-6.04,"width":580,"height":1120}},"Poof/poof_1":{"Poof/poof_01":{"x":2.66,"y":29.4,"width":724,"height":757},"Poof/poof_02":{"x":2.66,"y":29.4,"width":724,"height":757},"Poof/poof_03":{"x":2.66,"y":29.4,"width":724,"height":757},"Poof/poof_04":{"x":2.66,"y":29.4,"width":724,"height":757},"Poof/poof_05":{"x":2.66,"y":29.4,"width":724,"height":757},"Poof/poof_06":{"x":2.66,"y":29.4,"width":724,"height":757},"Poof/poof_07":{"x":2.66,"y":29.4,"width":724,"height":757},"Poof/poof_08":{"x":2.66,"y":29.4,"width":724,"height":757},"Poof/poof_09":{"x":2.66,"y":29.4,"width":724,"height":757}}}}],"animations":{"damage":{"slots":{"Bee/eyes_02":{"attachment":[{"time":0.0667,"name":"Bee/eyes_06"}]},"Poof/poof_1":{"attachment":[{"name":null}]}},"bones":{"root":{"translate":[{"curve":0.551,"c2":0.02,"c3":0.514},{"time":0.0333,"x":21.92,"curve":0.551,"c2":0.02,"c3":0.514},{"time":0.0667,"x":-18.55,"curve":0.551,"c2":0.02,"c3":0.514},{"time":0.1,"x":18.55,"curve":0.551,"c2":0.02,"c3":0.514},{"time":0.1333,"x":-18.55,"curve":0.551,"c2":0.02,"c3":0.514},{"time":0.1667}]},"body":{"translate":[{"curve":0.551,"c2":0.02,"c3":0.514},{"time":0.0667,"y":-22.53}]},"R_wing":{"rotate":[{"curve":0.551,"c2":0.02,"c3":0.514},{"time":0.0667,"angle":-5.26}]},"L_wing":{"rotate":[{"curve":0.551,"c2":0.02,"c3":0.514},{"time":0.0667,"angle":15.57}]},"R_hand":{"rotate":[{"curve":0.551,"c2":0.02,"c3":0.514},{"time":0.0667,"angle":6.24}]},"L_hand":{"rotate":[{"curve":0.551,"c2":0.02,"c3":0.514},{"time":0.0667,"angle":-2.21}]},"R_leg_01":{"rotate":[{"curve":0.551,"c2":0.02,"c3":0.514},{"time":0.0667,"angle":5.53}]},"R_leg_02":{"rotate":[{"curve":0.551,"c2":0.02,"c3":0.514},{"time":0.0667,"angle":4.48}]},"L_leg_01":{"rotate":[{"curve":0.551,"c2":0.02,"c3":0.514},{"time":0.0667,"angle":-4.2}]},"L_leg_02":{"rotate":[{"curve":0.551,"c2":0.02,"c3":0.514},{"time":0.0667,"angle":-8.34}]}}},"die":{"slots":{"Bee/body":{"color":[{"color":"ffffffff","curve":0.551,"c2":0.02,"c3":0.514},{"time":0.1,"color":"ffffff00"}]},"Bee/eyes_01":{"color":[{"color":"ffffffff","curve":0.551,"c2":0.02,"c3":0.514},{"time":0.1,"color":"ffffff00"}]},"Bee/eyes_02":{"color":[{"color":"ffffffff","curve":0.551,"c2":0.02,"c3":0.514},{"time":0.1,"color":"ffffff00"}]},"Bee/l_hand":{"color":[{"color":"ffffffff","curve":0.551,"c2":0.02,"c3":0.514},{"time":0.1,"color":"ffffff00"}]},"Bee/l_leg_01":{"color":[{"color":"ffffffff","curve":0.551,"c2":0.02,"c3":0.514},{"time":0.1,"color":"ffffff00"}]},"Bee/l_leg_02":{"color":[{"color":"ffffffff","curve":0.551,"c2":0.02,"c3":0.514},{"time":0.1,"color":"ffffff00"}]},"Bee/l_pupil":{"color":[{"color":"ffffffff","curve":0.551,"c2":0.02,"c3":0.514},{"time":0.1,"color":"ffffff00"}]},"Bee/l_wing":{"color":[{"color":"ffffffff","curve":0.551,"c2":0.02,"c3":0.514},{"time":0.1,"color":"ffffff00"}]},"Bee/platform":{"color":[{"color":"ffffffff","curve":0.551,"c2":0.02,"c3":0.514},{"time":0.1,"color":"ffffff00"}]},"Bee/r_hand":{"color":[{"color":"ffffffff","curve":0.551,"c2":0.02,"c3":0.514},{"time":0.1,"color":"ffffff00"}]},"Bee/r_leg_01":{"color":[{"color":"ffffffff","curve":0.551,"c2":0.02,"c3":0.514},{"time":0.1,"color":"ffffff00"}]},"Bee/r_leg_02":{"color":[{"color":"ffffffff","curve":0.551,"c2":0.02,"c3":0.514},{"time":0.1,"color":"ffffff00"}]},"Bee/r_pupil":{"color":[{"color":"ffffffff","curve":0.551,"c2":0.02,"c3":0.514},{"time":0.1,"color":"ffffff00"}]},"Bee/r_wing":{"color":[{"color":"ffffffff","curve":0.551,"c2":0.02,"c3":0.514},{"time":0.1,"color":"ffffff00"}]},"Poof/poof_1":{"attachment":[{"name":null},{"time":0.0667,"name":"Poof/poof_01"},{"time":0.1,"name":"Poof/poof_02"},{"time":0.1333,"name":"Poof/poof_03"},{"time":0.1667,"name":"Poof/poof_04"},{"time":0.2,"name":"Poof/poof_05"},{"time":0.2333,"name":"Poof/poof_06"},{"time":0.2667,"name":"Poof/poof_07"},{"time":0.3,"name":"Poof/poof_08"},{"time":0.3333,"name":"Poof/poof_09"},{"time":0.3667,"name":null}]}}},"idle":{"slots":{"Bee/eyes_02":{"attachment":[{"time":3.3333,"name":"Bee/eyes_02"},{"time":3.4,"name":"Bee/eyes_03"},{"time":3.4667,"name":"Bee/eyes_04"},{"time":3.5333,"name":"Bee/eyes_05"},{"time":3.6,"name":"Bee/eyes_04"},{"time":3.6667,"name":"Bee/eyes_03"},{"time":3.7333,"name":"Bee/eyes_02"},{"time":3.8,"name":null}]},"Poof/poof_1":{"attachment":[{"name":null}]}},"bones":{"body":{"translate":[{"curve":0.551,"c2":0.02,"c3":0.514},{"time":1,"y":23.47,"curve":0.551,"c2":0.02,"c3":0.514},{"time":2,"curve":0.551,"c2":0.02,"c3":0.514},{"time":3,"y":23.47,"curve":0.551,"c2":0.02,"c3":0.514},{"time":4}],"scale":[{"curve":0.551,"c2":0.02,"c3":0.514},{"time":1,"x":0.945,"y":1.038,"curve":0.551,"c2":0.02,"c3":0.514},{"time":2,"curve":0.551,"c2":0.02,"c3":0.514},{"time":3,"x":0.945,"y":1.038,"curve":0.551,"c2":0.02,"c3":0.514},{"time":4}]},"R_wing":{"rotate":[{"curve":0.551,"c2":0.02,"c3":0.514},{"time":1.1667,"angle":15.73,"curve":0.551,"c2":0.02,"c3":0.514},{"time":2,"curve":0.551,"c2":0.02,"c3":0.514},{"time":3.1667,"angle":15.73,"curve":0.551,"c2":0.02,"c3":0.514},{"time":4}]},"L_wing":{"rotate":[{"curve":0.551,"c2":0.02,"c3":0.514},{"time":1.1667,"angle":-19.1,"curve":0.551,"c2":0.02,"c3":0.514},{"time":2,"curve":0.551,"c2":0.02,"c3":0.514},{"time":3.1667,"angle":-24.34,"curve":0.551,"c2":0.02,"c3":0.514},{"time":4}]},"eyes":{"translate":[{"curve":0.551,"c2":0.02,"c3":0.514},{"time":1.1667,"y":3.3,"curve":0.551,"c2":0.02,"c3":0.514},{"time":2,"curve":0.551,"c2":0.02,"c3":0.514},{"time":3.1667,"y":3.3,"curve":0.551,"c2":0.02,"c3":0.514},{"time":4}]},"R_hand":{"rotate":[{"curve":0.551,"c2":0.02,"c3":0.514},{"time":1,"angle":0.97,"curve":0.551,"c2":0.02,"c3":0.514},{"time":2,"curve":0.551,"c2":0.02,"c3":0.514},{"time":3,"angle":0.97,"curve":0.551,"c2":0.02,"c3":0.514},{"time":4}]},"L_hand":{"rotate":[{"curve":0.551,"c2":0.02,"c3":0.514},{"time":1,"angle":-1.79,"curve":0.551,"c2":0.02,"c3":0.514},{"time":2,"curve":0.551,"c2":0.02,"c3":0.514},{"time":3,"angle":-1.79,"curve":0.551,"c2":0.02,"c3":0.514},{"time":4}]},"R_leg_01":{"rotate":[{"curve":0.551,"c2":0.02,"c3":0.514},{"time":1,"angle":3.53,"curve":0.551,"c2":0.02,"c3":0.514},{"time":2,"curve":0.551,"c2":0.02,"c3":0.514},{"time":3,"angle":3.53,"curve":0.551,"c2":0.02,"c3":0.514},{"time":4}],"translate":[{"curve":0.551,"c2":0.02,"c3":0.514},{"time":1,"x":7.25,"y":-13.98,"curve":0.551,"c2":0.02,"c3":0.514},{"time":2,"curve":0.551,"c2":0.02,"c3":0.514},{"time":3,"x":7.25,"y":-13.98,"curve":0.551,"c2":0.02,"c3":0.514},{"time":4}]},"R_leg_02":{"rotate":[{"curve":0.551,"c2":0.02,"c3":0.514},{"time":1,"angle":-3.29,"curve":0.551,"c2":0.02,"c3":0.514},{"time":2,"curve":0.551,"c2":0.02,"c3":0.514},{"time":3,"angle":-3.29,"curve":0.551,"c2":0.02,"c3":0.514},{"time":4}],"translate":[{"curve":0.551,"c2":0.02,"c3":0.514},{"time":1,"x":13.4,"y":-11.84,"curve":0.551,"c2":0.02,"c3":0.514},{"time":2,"curve":0.551,"c2":0.02,"c3":0.514},{"time":3,"x":13.4,"y":-11.84,"curve":0.551,"c2":0.02,"c3":0.514},{"time":4}]},"L_leg_01":{"rotate":[{"curve":0.551,"c2":0.02,"c3":0.514},{"time":1,"angle":1.11,"curve":0.551,"c2":0.02,"c3":0.514},{"time":2,"curve":0.551,"c2":0.02,"c3":0.514},{"time":3,"angle":1.11,"curve":0.551,"c2":0.02,"c3":0.514},{"time":4}],"translate":[{"curve":0.551,"c2":0.02,"c3":0.514},{"time":1,"x":-11.93,"y":-13.59,"curve":0.551,"c2":0.02,"c3":0.514},{"time":2,"curve":0.551,"c2":0.02,"c3":0.514},{"time":3,"x":-11.93,"y":-13.59,"curve":0.551,"c2":0.02,"c3":0.514},{"time":4}]},"L_leg_02":{"rotate":[{"curve":0.551,"c2":0.02,"c3":0.514},{"time":1,"angle":6.17,"curve":0.551,"c2":0.02,"c3":0.514},{"time":2,"curve":0.551,"c2":0.02,"c3":0.514},{"time":3,"angle":6.17,"curve":0.551,"c2":0.02,"c3":0.514},{"time":4}],"translate":[{"curve":0.551,"c2":0.02,"c3":0.514},{"time":1,"x":-13.92,"y":-8.15,"curve":0.551,"c2":0.02,"c3":0.514},{"time":2,"curve":0.551,"c2":0.02,"c3":0.514},{"time":3,"x":-13.92,"y":-8.15,"curve":0.551,"c2":0.02,"c3":0.514},{"time":4}]}}},"jump_down":{"slots":{"Poof/poof_1":{"attachment":[{"name":null}]}},"bones":{"body":{"translate":[{"curve":0.385,"c2":0.54,"c3":0.552,"c4":0.79},{"time":0.0667,"y":-52.33,"curve":0.385,"c2":0.54,"c3":0.552,"c4":0.79},{"time":0.3333,"y":119.38,"curve":0.551,"c2":0.02,"c3":0.514},{"time":0.6667}],"scale":[{"curve":0.385,"c2":0.54,"c3":0.552,"c4":0.79},{"time":0.0667,"x":1.115,"y":0.893,"curve":0.385,"c2":0.54,"c3":0.552,"c4":0.79},{"time":0.3333,"x":0.941,"y":1.018,"curve":0.551,"c2":0.02,"c3":0.514},{"time":0.6667}]},"R_wing":{"rotate":[{"curve":0.352,"c2":0.35,"c3":0.684,"c4":0.68},{"time":0.0667,"angle":46.74,"curve":0.385,"c2":0.54,"c3":0.552,"c4":0.79},{"time":0.1333,"angle":-17.37,"curve":0.35,"c2":0.35,"c3":0.682,"c4":0.68},{"time":0.2,"angle":44.96,"curve":0.335,"c2":0.34,"c3":0.669,"c4":0.67},{"time":0.2667,"angle":-17.37,"curve":0.35,"c2":0.35,"c3":0.682,"c4":0.68},{"time":0.3333,"angle":44.96,"curve":0.335,"c2":0.34,"c3":0.669,"c4":0.67},{"time":0.4,"angle":-17.37,"curve":0.35,"c2":0.35,"c3":0.682,"c4":0.68},{"time":0.4667,"angle":44.96,"curve":0.335,"c2":0.34,"c3":0.669,"c4":0.67},{"time":0.5333,"angle":-17.37,"curve":0.35,"c2":0.35,"c3":0.682,"c4":0.68},{"time":0.6,"angle":44.96,"curve":0.335,"c2":0.34,"c3":0.669,"c4":0.67},{"time":0.6667}]},"L_wing":{"rotate":[{"curve":0.352,"c2":0.35,"c3":0.684,"c4":0.68},{"time":0.0667,"angle":-44.32,"curve":0.385,"c2":0.54,"c3":0.552,"c4":0.79},{"time":0.1333,"angle":26.53,"curve":0.35,"c2":0.35,"c3":0.682,"c4":0.68},{"time":0.2,"angle":-47.76,"curve":0.335,"c2":0.34,"c3":0.669,"c4":0.67},{"time":0.2667,"angle":26.53,"curve":0.35,"c2":0.35,"c3":0.682,"c4":0.68},{"time":0.3333,"angle":-47.76,"curve":0.335,"c2":0.34,"c3":0.669,"c4":0.67},{"time":0.4,"angle":26.53,"curve":0.35,"c2":0.35,"c3":0.682,"c4":0.68},{"time":0.4667,"angle":-47.76,"curve":0.335,"c2":0.34,"c3":0.669,"c4":0.67},{"time":0.5333,"angle":26.53,"curve":0.35,"c2":0.35,"c3":0.682,"c4":0.68},{"time":0.6,"angle":-47.76,"curve":0.335,"c2":0.34,"c3":0.669,"c4":0.67},{"time":0.6667}]},"eyes":{"translate":[{"time":0.0667,"curve":0.385,"c2":0.54,"c3":0.552,"c4":0.79},{"time":0.4,"y":-10.82,"curve":0.551,"c2":0.02,"c3":0.514},{"time":0.6667}],"scale":[{"curve":0.385,"c2":0.54,"c3":0.552,"c4":0.79},{"time":0.0667,"x":0.941,"y":1.133,"curve":0.385,"c2":0.54,"c3":0.552,"c4":0.79},{"time":0.6667}]},"L_pupil":{"translate":[{"curve":0.551,"c2":0.02,"c3":0.514},{"time":0.0667,"y":-53.11,"curve":0.385,"c2":0.54,"c3":0.552,"c4":0.79},{"time":0.4667,"y":-52.12,"curve":0.551,"c2":0.02,"c3":0.514},{"time":0.6667}]},"R_pupil":{"translate":[{"curve":0.551,"c2":0.02,"c3":0.514},{"time":0.0667,"y":-53.11,"curve":0.385,"c2":0.54,"c3":0.552,"c4":0.79},{"time":0.4667,"y":-52.12,"curve":0.551,"c2":0.02,"c3":0.514},{"time":0.6667}]},"R_hand":{"rotate":[{"time":0.0667,"curve":0.385,"c2":0.54,"c3":0.552,"c4":0.79},{"time":0.4,"angle":50,"curve":0.551,"c2":0.02,"c3":0.514},{"time":0.6667}],"translate":[{"time":0.0667,"curve":0.385,"c2":0.54,"c3":0.552,"c4":0.79},{"time":0.4,"x":-5.65,"y":0.53,"curve":0.551,"c2":0.02,"c3":0.514},{"time":0.6667}]},"L_hand":{"rotate":[{"time":0.0667,"curve":0.385,"c2":0.54,"c3":0.552,"c4":0.79},{"time":0.4,"angle":-54.82,"curve":0.551,"c2":0.02,"c3":0.514},{"time":0.6667}],"translate":[{"time":0.0667,"curve":0.385,"c2":0.54,"c3":0.552,"c4":0.79},{"time":0.4,"x":25.68,"y":0.41,"curve":0.551,"c2":0.02,"c3":0.514},{"time":0.6667}]},"R_leg_01":{"rotate":[{"curve":0.385,"c2":0.54,"c3":0.552,"c4":0.79},{"time":0.0667,"angle":-25.55,"curve":0.385,"c2":0.54,"c3":0.552,"c4":0.79},{"time":0.4,"angle":22.19,"curve":0.396,"c2":0.04,"c3":0.722,"c4":0.41},{"time":0.6667}]},"R_leg_02":{"rotate":[{"curve":0.385,"c2":0.54,"c3":0.552,"c4":0.79},{"time":0.0667,"angle":-30.67,"curve":0.385,"c2":0.54,"c3":0.552,"c4":0.79},{"time":0.4667,"angle":18.72,"curve":0.551,"c2":0.02,"c3":0.514},{"time":0.6667}]},"L_leg_01":{"rotate":[{"curve":0.385,"c2":0.54,"c3":0.552,"c4":0.79},{"time":0.0667,"angle":23.9,"curve":0.385,"c2":0.54,"c3":0.552,"c4":0.79},{"time":0.4,"angle":-14.89,"curve":0.396,"c2":0.04,"c3":0.722,"c4":0.41},{"time":0.6667}]},"L_leg_02":{"rotate":[{"curve":0.385,"c2":0.54,"c3":0.552,"c4":0.79},{"time":0.0667,"angle":34.25,"curve":0.385,"c2":0.54,"c3":0.552,"c4":0.79},{"time":0.4667,"angle":-29.49,"curve":0.551,"c2":0.02,"c3":0.514},{"time":0.6667}]}}},"recover":{"slots":{"Bee/eyes_02":{"attachment":[{"name":"Bee/eyes_06"},{"time":0.0667,"name":"Bee/eyes_03"},{"time":0.1333,"name":"Bee/eyes_04"},{"time":0.2,"name":"Bee/eyes_05"},{"time":0.2667,"name":"Bee/eyes_04"},{"time":0.3333,"name":"Bee/eyes_03"},{"time":0.4,"name":"Bee/eyes_02"},{"time":0.4667,"name":null}]},"Poof/poof_1":{"attachment":[{"name":null}]}},"bones":{"body":{"translate":[{"y":-22.53,"curve":0.551,"c2":0.02,"c3":0.514},{"time":0.3}]},"R_wing":{"rotate":[{"angle":-5.26,"curve":0.551,"c2":0.02,"c3":0.514},{"time":0.3667}]},"L_wing":{"rotate":[{"angle":15.57,"curve":0.551,"c2":0.02,"c3":0.514},{"time":0.3667}]},"R_hand":{"rotate":[{"angle":6.24,"curve":0.551,"c2":0.02,"c3":0.514},{"time":0.3}]},"L_hand":{"rotate":[{"angle":-2.21,"curve":0.551,"c2":0.02,"c3":0.514},{"time":0.3}]},"R_leg_01":{"rotate":[{"angle":5.53,"curve":0.551,"c2":0.02,"c3":0.514},{"time":0.3}]},"R_leg_02":{"rotate":[{"angle":4.48,"curve":0.551,"c2":0.02,"c3":0.514},{"time":0.3}]},"L_leg_01":{"rotate":[{"angle":-4.2,"curve":0.551,"c2":0.02,"c3":0.514},{"time":0.3}]},"L_leg_02":{"rotate":[{"angle":-8.34,"curve":0.551,"c2":0.02,"c3":0.514},{"time":0.3}]}}}}}