{"skeleton":{"hash":"9qLc8bfGFA5KOBi4163GH88qDmM","spine":"3.8.95","x":-60.86,"y":-105.85,"width":123.08,"height":201.05},"bones":[{"name":"root","scaleX":0.17,"scaleY":0.17},{"name":"body","parent":"root","x":0.08,"y":-464.89},{"name":"eyes","parent":"body","x":-0.85,"y":220.55},{"name":"r_pupil","parent":"eyes","x":67.03,"y":-4.02},{"name":"l_pupil","parent":"eyes","x":-75.42,"y":-1.98},{"name":"poof","parent":"root","x":1.66,"y":-269.88},{"name":"l_arm","parent":"body","length":86.63,"rotation":-51.15,"x":-115.14,"y":150.13},{"name":"r_arm","parent":"body","length":83.03,"rotation":-130.88,"x":98.49,"y":146.38},{"name":"mouth","parent":"body","x":-5.22,"y":172.28}],"slots":[{"name":"Ghost/platform","bone":"root","attachment":"Ghost/platform"},{"name":"Grunt_spider/head","bone":"body","attachment":"Ghost/head"},{"name":"Grunt_spider/eyes_01","bone":"eyes"},{"name":"Grunt_spider/l_pupil","bone":"l_pupil","attachment":"Ghost/l_pupil"},{"name":"Grunt_spider/r_pupil","bone":"r_pupil","attachment":"Ghost/r_pupil"},{"name":"Grunt_spider/eyes_02","bone":"eyes"},{"name":"Poof/poof_2","bone":"poof","attachment":"Poof/poof_01"},{"name":"Ghost/l_hand","bone":"l_arm","attachment":"Ghost/l_hand"},{"name":"Ghost/mouth_01","bone":"mouth","attachment":"Ghost/mouth_01"},{"name":"Ghost/r_hand","bone":"r_arm","attachment":"Ghost/r_hand"}],"skins":[{"name":"default","attachments":{"Ghost/l_hand":{"Ghost/l_hand":{"x":-172.94,"y":287.06,"rotation":51.15,"width":580,"height":1120}},"Ghost/mouth_01":{"Ghost/mouth_01":{"x":5.14,"y":292.6,"width":580,"height":1120},"Ghost/mouth_02":{"x":5.14,"y":292.6,"width":580,"height":1120}},"Ghost/platform":{"Ghost/platform":{"width":580,"height":1120}},"Ghost/r_hand":{"Ghost/r_hand":{"x":-176.29,"y":-282.99,"rotation":130.88,"width":580,"height":1120}},"Grunt_spider/eyes_02":{"Ghost/eyes_02":{"x":0.77,"y":244.34,"width":580,"height":1120},"Ghost/eyes_03":{"x":0.77,"y":244.34,"width":580,"height":1120},"Ghost/eyes_04":{"x":0.77,"y":244.34,"width":580,"height":1120},"Ghost/eyes_05":{"x":0.77,"y":244.34,"width":580,"height":1120},"Ghost/eyes_06":{"x":0.77,"y":244.34,"width":580,"height":1120}},"Grunt_spider/head":{"Ghost/head":{"x":-0.08,"y":464.89,"width":580,"height":1120}},"Grunt_spider/l_pupil":{"Ghost/l_pupil":{"x":76.18,"y":246.32,"width":580,"height":1120}},"Grunt_spider/r_pupil":{"Ghost/r_pupil":{"x":-66.27,"y":248.36,"width":580,"height":1120}},"Poof/poof_2":{"Poof/poof_01":{"x":2.32,"y":25.71,"width":724,"height":757},"Poof/poof_02":{"x":2.32,"y":25.71,"width":724,"height":757},"Poof/poof_03":{"x":2.32,"y":25.71,"width":724,"height":757},"Poof/poof_04":{"x":2.32,"y":25.71,"width":724,"height":757},"Poof/poof_05":{"x":2.32,"y":25.71,"width":724,"height":757},"Poof/poof_06":{"x":2.32,"y":25.71,"width":724,"height":757},"Poof/poof_07":{"x":2.32,"y":25.71,"width":724,"height":757},"Poof/poof_08":{"x":2.32,"y":25.71,"width":724,"height":757},"Poof/poof_09":{"x":2.32,"y":25.71,"width":724,"height":757}}}}],"animations":{"damage":{"slots":{"Ghost/mouth_01":{"attachment":[{"time":0.1,"name":"Ghost/mouth_02"}]},"Poof/poof_2":{"attachment":[{"name":null}]}},"bones":{"root":{"translate":[{"curve":0.551,"c2":0.02,"c3":0.514},{"time":0.0333,"x":18.46,"curve":0.551,"c2":0.02,"c3":0.514},{"time":0.0667,"x":-18.46,"curve":0.551,"c2":0.02,"c3":0.514},{"time":0.1,"x":18.46,"curve":0.551,"c2":0.02,"c3":0.514},{"time":0.1333,"x":-21.81,"curve":0.551,"c2":0.02,"c3":0.514},{"time":0.1667}]},"body":{"scale":[{"curve":0.551,"c2":0.02,"c3":0.514},{"time":0.1667,"x":1.054,"y":0.928}]},"l_arm":{"rotate":[{"curve":0.551,"c2":0.02,"c3":0.514},{"time":0.1,"angle":69.02}],"translate":[{"curve":0.551,"c2":0.02,"c3":0.514},{"time":0.1,"x":-33.25,"y":-10.73}]},"r_arm":{"rotate":[{"curve":0.551,"c2":0.02,"c3":0.514},{"time":0.1,"angle":-70.83}],"translate":[{"curve":0.551,"c2":0.02,"c3":0.514},{"time":0.1,"x":18.39,"y":-7.32}]}}},"die":{"slots":{"Ghost/l_hand":{"color":[{"color":"ffffffff","curve":0.551,"c2":0.02,"c3":0.514},{"time":0.1,"color":"ffffff00"}]},"Ghost/mouth_01":{"color":[{"color":"ffffffff","curve":0.551,"c2":0.02,"c3":0.514},{"time":0.1,"color":"ffffff00"}]},"Ghost/platform":{"color":[{"color":"ffffffff","curve":0.551,"c2":0.02,"c3":0.514},{"time":0.1,"color":"ffffff00"}]},"Ghost/r_hand":{"color":[{"color":"ffffffff","curve":0.551,"c2":0.02,"c3":0.514},{"time":0.1,"color":"ffffff00"}]},"Grunt_spider/eyes_01":{"color":[{"color":"ffffffff","curve":0.551,"c2":0.02,"c3":0.514},{"time":0.1,"color":"ffffff00"}]},"Grunt_spider/eyes_02":{"color":[{"color":"ffffffff","curve":0.551,"c2":0.02,"c3":0.514},{"time":0.1,"color":"ffffff00"}]},"Grunt_spider/head":{"color":[{"color":"ffffffff","curve":0.551,"c2":0.02,"c3":0.514},{"time":0.1,"color":"ffffff00"}]},"Grunt_spider/l_pupil":{"color":[{"color":"ffffffff","curve":0.551,"c2":0.02,"c3":0.514},{"time":0.1,"color":"ffffff00"}]},"Grunt_spider/r_pupil":{"color":[{"color":"ffffffff","curve":0.551,"c2":0.02,"c3":0.514},{"time":0.1,"color":"ffffff00"}]},"Poof/poof_2":{"attachment":[{"name":null},{"time":0.0667,"name":"Poof/poof_01"},{"time":0.1,"name":"Poof/poof_02"},{"time":0.1333,"name":"Poof/poof_03"},{"time":0.1667,"name":"Poof/poof_04"},{"time":0.2,"name":"Poof/poof_05"},{"time":0.2333,"name":"Poof/poof_06"},{"time":0.2667,"name":"Poof/poof_07"},{"time":0.3,"name":"Poof/poof_08"},{"time":0.3333,"name":"Poof/poof_09"},{"time":0.3667,"name":null}]}}},"idle":{"slots":{"Grunt_spider/eyes_02":{"attachment":[{"time":0.3667,"name":"Ghost/eyes_02"},{"time":0.4333,"name":"Ghost/eyes_03"},{"time":0.5,"name":"Ghost/eyes_04"},{"time":0.5667,"name":"Ghost/eyes_05"},{"time":0.6333,"name":"Ghost/eyes_04"},{"time":0.7,"name":"Ghost/eyes_03"},{"time":0.7667,"name":"Ghost/eyes_02"},{"time":0.8333,"name":null}]},"Poof/poof_2":{"attachment":[{"name":null}]}},"bones":{"body":{"translate":[{"curve":0.551,"c2":0.02,"c3":0.514},{"time":1,"y":10.29,"curve":0.551,"c2":0.02,"c3":0.514},{"time":2,"curve":0.551,"c2":0.02,"c3":0.514},{"time":3,"y":10.29,"curve":0.551,"c2":0.02,"c3":0.514},{"time":4}],"scale":[{"curve":0.551,"c2":0.02,"c3":0.514},{"time":1,"x":0.943,"y":1.058,"curve":0.551,"c2":0.02,"c3":0.514},{"time":2,"curve":0.551,"c2":0.02,"c3":0.514},{"time":3,"x":0.943,"y":1.058,"curve":0.551,"c2":0.02,"c3":0.514},{"time":4}]},"eyes":{"translate":[{"curve":0.551,"c2":0.02,"c3":0.514},{"time":1,"y":4.35,"curve":0.551,"c2":0.02,"c3":0.514},{"time":2,"curve":0.551,"c2":0.02,"c3":0.514},{"time":3,"y":4.35,"curve":0.551,"c2":0.02,"c3":0.514},{"time":4}]},"l_arm":{"rotate":[{"curve":0.551,"c2":0.02,"c3":0.514},{"time":1,"angle":-8.09,"curve":0.551,"c2":0.02,"c3":0.514},{"time":2,"curve":0.551,"c2":0.02,"c3":0.514},{"time":3,"angle":-8.09,"curve":0.551,"c2":0.02,"c3":0.514},{"time":4}]},"r_arm":{"rotate":[{"curve":0.551,"c2":0.02,"c3":0.514},{"time":1,"angle":2.34,"curve":0.551,"c2":0.02,"c3":0.514},{"time":2,"curve":0.551,"c2":0.02,"c3":0.514},{"time":3,"angle":2.34,"curve":0.551,"c2":0.02,"c3":0.514},{"time":4}]}}},"idle_invisible":{"slots":{"Ghost/l_hand":{"color":[{"color":"ffffff3b"}]},"Ghost/r_hand":{"color":[{"color":"ffffff3b"}]},"Grunt_spider/eyes_01":{"color":[{"color":"ffffff64"}]},"Grunt_spider/eyes_02":{"color":[{"color":"ffffff64"}]},"Grunt_spider/head":{"color":[{"color":"ffffff64"}]},"Poof/poof_2":{"color":[{"color":"ffffff64"}],"attachment":[{"name":null}]}},"bones":{"body":{"translate":[{"curve":0.551,"c2":0.02,"c3":0.514},{"time":1,"y":10.29,"curve":0.551,"c2":0.02,"c3":0.514},{"time":2,"curve":0.551,"c2":0.02,"c3":0.514},{"time":3,"y":10.29,"curve":0.551,"c2":0.02,"c3":0.514},{"time":4}],"scale":[{"curve":0.551,"c2":0.02,"c3":0.514},{"time":1,"x":0.943,"y":1.058,"curve":0.551,"c2":0.02,"c3":0.514},{"time":2,"curve":0.551,"c2":0.02,"c3":0.514},{"time":3,"x":0.943,"y":1.058,"curve":0.551,"c2":0.02,"c3":0.514},{"time":4}]},"eyes":{"translate":[{"curve":0.551,"c2":0.02,"c3":0.514},{"time":1,"y":4.35,"curve":0.551,"c2":0.02,"c3":0.514},{"time":2,"curve":0.551,"c2":0.02,"c3":0.514},{"time":3,"y":4.35,"curve":0.551,"c2":0.02,"c3":0.514},{"time":4}]},"l_arm":{"rotate":[{"curve":0.551,"c2":0.02,"c3":0.514},{"time":1,"angle":-8.09,"curve":0.551,"c2":0.02,"c3":0.514},{"time":2,"curve":0.551,"c2":0.02,"c3":0.514},{"time":3,"angle":-8.09,"curve":0.551,"c2":0.02,"c3":0.514},{"time":4}]},"r_arm":{"rotate":[{"curve":0.551,"c2":0.02,"c3":0.514},{"time":1,"angle":2.34,"curve":0.551,"c2":0.02,"c3":0.514},{"time":2,"curve":0.551,"c2":0.02,"c3":0.514},{"time":3,"angle":2.34,"curve":0.551,"c2":0.02,"c3":0.514},{"time":4}]}}},"jump_down":{"slots":{"Poof/poof_2":{"attachment":[{"name":null}]}},"bones":{"body":{"translate":[{"curve":0.551,"c2":0.02,"c3":0.514},{"time":0.1,"y":-6.41,"curve":0.385,"c2":0.54,"c3":0.552,"c4":0.79},{"time":0.3333,"y":80.11,"curve":0.614,"c2":0.14,"c3":0.784,"c4":0.49},{"time":0.5333,"curve":0.551,"c2":0.02,"c3":0.514},{"time":0.6,"y":-6.41,"curve":0.551,"c2":0.02,"c3":0.514},{"time":0.6667}],"scale":[{"curve":0.551,"c2":0.02,"c3":0.514},{"time":0.1,"x":1.099,"y":0.934,"curve":0.385,"c2":0.54,"c3":0.552,"c4":0.79},{"time":0.3333,"x":0.953,"y":1.082,"curve":0.614,"c2":0.14,"c3":0.784,"c4":0.49},{"time":0.5333,"curve":0.551,"c2":0.02,"c3":0.514},{"time":0.6,"x":1.099,"y":0.934,"curve":0.551,"c2":0.02,"c3":0.514},{"time":0.6667}]},"r_pupil":{"translate":[{"curve":0.551,"c2":0.02,"c3":0.514},{"time":0.1667,"y":-16.79,"curve":0.36,"c2":0.34,"c3":0.464},{"time":0.6667}]},"l_pupil":{"translate":[{"curve":0.551,"c2":0.02,"c3":0.514},{"time":0.1667,"y":-16.79,"curve":0.36,"c2":0.34,"c3":0.464},{"time":0.6667}]},"l_arm":{"rotate":[{"curve":0.551,"c2":0.02,"c3":0.514},{"time":0.3333,"angle":-17.23,"curve":0.551,"c2":0.02,"c3":0.514},{"time":0.6667}]},"r_arm":{"rotate":[{"curve":0.551,"c2":0.02,"c3":0.514},{"time":0.3333,"angle":13.52,"curve":0.551,"c2":0.02,"c3":0.514},{"time":0.6667}]}}},"jump_fadein":{"slots":{"Ghost/l_hand":{"color":[{"color":"ffffff3c","curve":0.551,"c2":0.02,"c3":0.514},{"time":0.3333,"color":"ffffffff"}]},"Ghost/r_hand":{"color":[{"color":"ffffff3c","curve":0.551,"c2":0.02,"c3":0.514},{"time":0.3333,"color":"ffffffff"}]},"Grunt_spider/eyes_01":{"color":[{"color":"ffffff64","curve":0.551,"c2":0.02,"c3":0.514},{"time":0.3333,"color":"ffffffff"}]},"Grunt_spider/eyes_02":{"color":[{"color":"ffffff64","curve":0.551,"c2":0.02,"c3":0.514},{"time":0.3333,"color":"ffffffff"}]},"Grunt_spider/head":{"color":[{"color":"ffffff64","curve":0.551,"c2":0.02,"c3":0.514},{"time":0.3333,"color":"ffffffff"}]},"Poof/poof_2":{"attachment":[{"name":null}]}},"bones":{"body":{"translate":[{"curve":0.551,"c2":0.02,"c3":0.514},{"time":0.1,"y":-6.41,"curve":0.385,"c2":0.54,"c3":0.552,"c4":0.79},{"time":0.3333,"y":80.11,"curve":0.614,"c2":0.14,"c3":0.784,"c4":0.49},{"time":0.5333,"curve":0.551,"c2":0.02,"c3":0.514},{"time":0.6,"y":-6.41,"curve":0.551,"c2":0.02,"c3":0.514},{"time":0.6667}],"scale":[{"curve":0.551,"c2":0.02,"c3":0.514},{"time":0.1,"x":1.099,"y":0.934,"curve":0.385,"c2":0.54,"c3":0.552,"c4":0.79},{"time":0.3333,"x":0.953,"y":1.082,"curve":0.614,"c2":0.14,"c3":0.784,"c4":0.49},{"time":0.5333,"curve":0.551,"c2":0.02,"c3":0.514},{"time":0.6,"x":1.099,"y":0.934,"curve":0.551,"c2":0.02,"c3":0.514},{"time":0.6667}]},"l_arm":{"rotate":[{"curve":0.551,"c2":0.02,"c3":0.514},{"time":0.3333,"angle":-17.23,"curve":0.551,"c2":0.02,"c3":0.514},{"time":0.6667}]},"r_arm":{"rotate":[{"curve":0.551,"c2":0.02,"c3":0.514},{"time":0.3333,"angle":13.52,"curve":0.551,"c2":0.02,"c3":0.514},{"time":0.6667}]}}},"jump_fadeout":{"slots":{"Ghost/l_hand":{"color":[{"time":0.1667,"color":"ffffffff","curve":0.551,"c2":0.02,"c3":0.514},{"time":0.3333,"color":"ffffff3c"}]},"Ghost/r_hand":{"color":[{"time":0.1667,"color":"ffffffff","curve":0.551,"c2":0.02,"c3":0.514},{"time":0.3333,"color":"ffffff3c"}]},"Grunt_spider/eyes_01":{"color":[{"time":0.1667,"color":"ffffffff","curve":0.551,"c2":0.02,"c3":0.514},{"time":0.3333,"color":"ffffff64"}]},"Grunt_spider/eyes_02":{"color":[{"time":0.1667,"color":"ffffffff","curve":0.551,"c2":0.02,"c3":0.514},{"time":0.3333,"color":"ffffff64"}]},"Grunt_spider/head":{"color":[{"time":0.1667,"color":"ffffffff","curve":0.551,"c2":0.02,"c3":0.514},{"time":0.3333,"color":"ffffff64"}]},"Poof/poof_2":{"attachment":[{"name":null}]}},"bones":{"body":{"translate":[{"curve":0.551,"c2":0.02,"c3":0.514},{"time":0.1,"y":-6.41,"curve":0.385,"c2":0.54,"c3":0.552,"c4":0.79},{"time":0.3333,"y":80.11,"curve":0.614,"c2":0.14,"c3":0.784,"c4":0.49},{"time":0.5333,"curve":0.551,"c2":0.02,"c3":0.514},{"time":0.6,"y":-6.41,"curve":0.551,"c2":0.02,"c3":0.514},{"time":0.6667}],"scale":[{"curve":0.551,"c2":0.02,"c3":0.514},{"time":0.1,"x":1.099,"y":0.934,"curve":0.385,"c2":0.54,"c3":0.552,"c4":0.79},{"time":0.3333,"x":0.953,"y":1.082,"curve":0.614,"c2":0.14,"c3":0.784,"c4":0.49},{"time":0.5333,"curve":0.551,"c2":0.02,"c3":0.514},{"time":0.6,"x":1.099,"y":0.934,"curve":0.551,"c2":0.02,"c3":0.514},{"time":0.6667}]},"r_pupil":{"translate":[{"curve":0.551,"c2":0.02,"c3":0.514},{"time":0.1667,"y":-16.79,"curve":0.36,"c2":0.34,"c3":0.464},{"time":0.6667}]},"l_pupil":{"translate":[{"curve":0.551,"c2":0.02,"c3":0.514},{"time":0.1667,"y":-16.79,"curve":0.36,"c2":0.34,"c3":0.464},{"time":0.6667}]},"l_arm":{"rotate":[{"curve":0.551,"c2":0.02,"c3":0.514},{"time":0.3333,"angle":-17.23,"curve":0.551,"c2":0.02,"c3":0.514},{"time":0.6667}]},"r_arm":{"rotate":[{"curve":0.551,"c2":0.02,"c3":0.514},{"time":0.3333,"angle":13.52,"curve":0.551,"c2":0.02,"c3":0.514},{"time":0.6667}]}}},"recover":{"slots":{"Ghost/mouth_01":{"attachment":[{"name":"Ghost/mouth_02"},{"time":0.1667,"name":"Ghost/mouth_01"}]},"Grunt_spider/eyes_02":{"attachment":[{"time":0.0667,"name":"Ghost/eyes_03"},{"time":0.1333,"name":"Ghost/eyes_04"},{"time":0.2,"name":"Ghost/eyes_05"},{"time":0.2667,"name":"Ghost/eyes_04"},{"time":0.3333,"name":"Ghost/eyes_03"},{"time":0.4,"name":"Ghost/eyes_02"},{"time":0.4667,"name":null}]},"Poof/poof_2":{"attachment":[{"name":null}]}},"bones":{"body":{"scale":[{"x":1.054,"y":0.928,"curve":0.551,"c2":0.02,"c3":0.514},{"time":0.4667}]},"l_arm":{"rotate":[{"angle":69.02,"curve":0.551,"c2":0.02,"c3":0.514},{"time":0.4667}],"translate":[{"x":-33.25,"y":-10.73,"curve":0.551,"c2":0.02,"c3":0.514},{"time":0.4667}]},"r_arm":{"rotate":[{"angle":-70.83,"curve":0.551,"c2":0.02,"c3":0.514},{"time":0.4667}],"translate":[{"x":18.39,"y":-7.32,"curve":0.551,"c2":0.02,"c3":0.514},{"time":0.4667}]}}}}}