{"skeleton":{"hash":"HoeYgbzOcjRSxdAKF+2u4/5JneI","spine":"3.8.95","x":-60.86,"y":-105.85,"width":123.08,"height":201.05},"bones":[{"name":"root","scaleX":0.17,"scaleY":0.17},{"name":"body","parent":"root","x":0.08,"y":-464.89},{"name":"eyes","parent":"body","y":169.67},{"name":"r_pupil","parent":"eyes","x":28.45,"y":24.38},{"name":"l_pupil","parent":"eyes","x":-35.56,"y":21.34},{"name":"poof","parent":"root","x":1.66,"y":-269.88}],"slots":[{"name":"Grunt_spider/platform","bone":"root","attachment":"Grunt_spider/platform"},{"name":"Grunt_spider/head","bone":"body","attachment":"Grunt_spider/head"},{"name":"Grunt_spider/eyes_01","bone":"eyes","attachment":"Grunt_spider/eyes_01"},{"name":"Grunt_spider/l_pupil","bone":"l_pupil","attachment":"Grunt_spider/l_pupil"},{"name":"Grunt_spider/r_pupil","bone":"r_pupil","attachment":"Grunt_spider/r_pupil"},{"name":"Grunt_spider/eyes_02","bone":"eyes"},{"name":"Poof/poof_2","bone":"poof","attachment":"Poof/poof_01"}],"skins":[{"name":"default","attachments":{"Grunt_spider/eyes_01":{"Grunt_spider/eyes_01":{"x":-0.08,"y":295.22,"width":580,"height":1120}},"Grunt_spider/eyes_02":{"Grunt_spider/eyes_02":{"x":-0.08,"y":295.22,"width":580,"height":1120},"Grunt_spider/eyes_03":{"x":-0.08,"y":295.22,"width":580,"height":1120},"Grunt_spider/eyes_04":{"x":-0.08,"y":295.22,"width":580,"height":1120},"Grunt_spider/eyes_05":{"x":-0.08,"y":295.22,"width":580,"height":1120},"Grunt_spider/eyes_06":{"x":-0.08,"y":295.22,"width":580,"height":1120}},"Grunt_spider/head":{"Grunt_spider/head":{"x":-0.08,"y":464.89,"width":580,"height":1120}},"Grunt_spider/l_pupil":{"Grunt_spider/l_pupil":{"x":35.48,"y":273.88,"width":580,"height":1120}},"Grunt_spider/platform":{"Grunt_spider/platform":{"width":580,"height":1120}},"Grunt_spider/r_pupil":{"Grunt_spider/r_pupil":{"x":-28.53,"y":270.83,"width":580,"height":1120}},"Poof/poof_2":{"Poof/poof_01":{"x":2.32,"y":25.71,"width":724,"height":757},"Poof/poof_02":{"x":2.32,"y":25.71,"width":724,"height":757},"Poof/poof_03":{"x":2.32,"y":25.71,"width":724,"height":757},"Poof/poof_04":{"x":2.32,"y":25.71,"width":724,"height":757},"Poof/poof_05":{"x":2.32,"y":25.71,"width":724,"height":757},"Poof/poof_06":{"x":2.32,"y":25.71,"width":724,"height":757},"Poof/poof_07":{"x":2.32,"y":25.71,"width":724,"height":757},"Poof/poof_08":{"x":2.32,"y":25.71,"width":724,"height":757},"Poof/poof_09":{"x":2.32,"y":25.71,"width":724,"height":757}}}}],"animations":{"damage":{"slots":{"Grunt_spider/eyes_02":{"attachment":[{"time":0.0667,"name":"Grunt_spider/eyes_06"}]},"Poof/poof_2":{"attachment":[{"name":null}]}},"bones":{"root":{"translate":[{"curve":0.551,"c2":0.02,"c3":0.514},{"time":0.0333,"x":18.46,"curve":0.551,"c2":0.02,"c3":0.514},{"time":0.0667,"x":-18.46,"curve":0.551,"c2":0.02,"c3":0.514},{"time":0.1,"x":18.46,"curve":0.551,"c2":0.02,"c3":0.514},{"time":0.1333,"x":-21.81,"curve":0.551,"c2":0.02,"c3":0.514},{"time":0.1667}]},"body":{"scale":[{"curve":0.551,"c2":0.02,"c3":0.514},{"time":0.1667,"x":1.054,"y":0.928}]},"r_pupil":{"translate":[{"curve":0.551,"c2":0.02,"c3":0.514},{"time":0.1667,"y":-36.95}]},"l_pupil":{"translate":[{"curve":0.551,"c2":0.02,"c3":0.514},{"time":0.1667,"y":-36.95}]}}},"die":{"slots":{"Grunt_spider/eyes_01":{"color":[{"color":"ffffffff","curve":0.551,"c2":0.02,"c3":0.514},{"time":0.1,"color":"ffffff00"}]},"Grunt_spider/eyes_02":{"color":[{"color":"ffffffff","curve":0.551,"c2":0.02,"c3":0.514},{"time":0.1,"color":"ffffff00"}]},"Grunt_spider/head":{"color":[{"color":"ffffffff","curve":0.551,"c2":0.02,"c3":0.514},{"time":0.1,"color":"ffffff00"}]},"Grunt_spider/l_pupil":{"color":[{"color":"ffffffff","curve":0.551,"c2":0.02,"c3":0.514},{"time":0.1,"color":"ffffff00"}]},"Grunt_spider/platform":{"color":[{"color":"ffffffff","curve":0.551,"c2":0.02,"c3":0.514},{"time":0.1,"color":"ffffff00"}]},"Grunt_spider/r_pupil":{"color":[{"color":"ffffffff","curve":0.551,"c2":0.02,"c3":0.514},{"time":0.1,"color":"ffffff00"}]},"Poof/poof_2":{"attachment":[{"name":null},{"time":0.0667,"name":"Poof/poof_01"},{"time":0.1,"name":"Poof/poof_02"},{"time":0.1333,"name":"Poof/poof_03"},{"time":0.1667,"name":"Poof/poof_04"},{"time":0.2,"name":"Poof/poof_05"},{"time":0.2333,"name":"Poof/poof_06"},{"time":0.2667,"name":"Poof/poof_07"},{"time":0.3,"name":"Poof/poof_08"},{"time":0.3333,"name":"Poof/poof_09"},{"time":0.3667,"name":null}]}}},"idle":{"slots":{"Grunt_spider/eyes_02":{"attachment":[{"time":1.8,"name":"Grunt_spider/eyes_02"},{"time":1.8667,"name":"Grunt_spider/eyes_03"},{"time":1.9333,"name":"Grunt_spider/eyes_04"},{"time":2,"name":"Grunt_spider/eyes_05"},{"time":2.0667,"name":"Grunt_spider/eyes_04"},{"time":2.1333,"name":"Grunt_spider/eyes_03"},{"time":2.2,"name":"Grunt_spider/eyes_02"},{"time":2.2667,"name":null}]},"Poof/poof_2":{"attachment":[{"name":null}]}},"bones":{"body":{"translate":[{"curve":0.525,"c2":0.02,"c3":0.77,"c4":0.51},{"time":1,"y":4.19,"curve":0.253,"c2":0.5,"c3":0.489},{"time":2,"curve":0.525,"c2":0.02,"c3":0.77,"c4":0.51},{"time":3,"y":4.19,"curve":0.253,"c2":0.5,"c3":0.489},{"time":4}],"scale":[{"curve":0.551,"c2":0.02,"c3":0.514},{"time":1,"x":0.943,"y":1.058,"curve":0.551,"c2":0.02,"c3":0.514},{"time":2,"curve":0.551,"c2":0.02,"c3":0.514},{"time":3,"x":0.943,"y":1.058,"curve":0.551,"c2":0.02,"c3":0.514},{"time":4}]},"eyes":{"translate":[{"curve":0.551,"c2":0.02,"c3":0.514},{"time":1,"y":4.35,"curve":0.551,"c2":0.02,"c3":0.514},{"time":2,"curve":0.551,"c2":0.02,"c3":0.514},{"time":3,"y":4.35,"curve":0.551,"c2":0.02,"c3":0.514},{"time":4}]}}},"jump_down":{"slots":{"Grunt_spider/eyes_02":{"attachment":[{"time":0.1,"name":"Grunt_spider/eyes_02"},{"time":0.1667,"name":"Grunt_spider/eyes_03"},{"time":0.3333,"name":"Grunt_spider/eyes_02"},{"time":0.3667,"name":null}]},"Poof/poof_2":{"attachment":[{"name":null}]}},"bones":{"body":{"translate":[{"curve":0.551,"c2":0.02,"c3":0.514},{"time":0.1,"y":-23.96,"curve":0.385,"c2":0.54,"c3":0.552,"c4":0.79},{"time":0.3333,"y":80.11,"curve":0.756,"c2":0.13,"c3":0.82,"c4":0.47},{"time":0.5333,"curve":0.551,"c2":0.02,"c3":0.514},{"time":0.6,"y":-23.96,"curve":0.551,"c2":0.02,"c3":0.514},{"time":0.6667}],"scale":[{"curve":0.551,"c2":0.02,"c3":0.514},{"time":0.1,"x":1.099,"y":0.934,"curve":0.385,"c2":0.54,"c3":0.552,"c4":0.79},{"time":0.3333,"x":0.994,"y":1.066,"curve":0.756,"c2":0.13,"c3":0.82,"c4":0.47},{"time":0.5333,"curve":0.551,"c2":0.02,"c3":0.514},{"time":0.6,"x":1.099,"y":0.934,"curve":0.551,"c2":0.02,"c3":0.514},{"time":0.6667}]},"r_pupil":{"translate":[{"curve":0.43,"c2":0.03,"c3":0.745,"c4":0.43},{"time":0.1667,"y":-16.79,"curve":0.36,"c2":0.34,"c3":0.464},{"time":0.6667}]},"l_pupil":{"translate":[{"curve":0.43,"c2":0.03,"c3":0.745,"c4":0.43},{"time":0.1667,"y":-16.79,"curve":0.36,"c2":0.34,"c3":0.464},{"time":0.6667}]}}},"recover":{"slots":{"Grunt_spider/eyes_02":{"attachment":[{"name":"Grunt_spider/eyes_06"},{"time":0.0667,"name":"Grunt_spider/eyes_03"},{"time":0.1333,"name":"Grunt_spider/eyes_04"},{"time":0.2,"name":"Grunt_spider/eyes_05"},{"time":0.2667,"name":"Grunt_spider/eyes_04"},{"time":0.3333,"name":"Grunt_spider/eyes_03"},{"time":0.4,"name":"Grunt_spider/eyes_02"},{"time":0.4667,"name":null}]},"Poof/poof_2":{"attachment":[{"name":null}]}},"bones":{"body":{"scale":[{"x":1.054,"y":0.928,"curve":0.551,"c2":0.02,"c3":0.514},{"time":0.4667}]},"r_pupil":{"translate":[{"y":-36.95,"curve":0.551,"c2":0.02,"c3":0.514},{"time":0.4667}]},"l_pupil":{"translate":[{"y":-36.95,"curve":0.551,"c2":0.02,"c3":0.514},{"time":0.4667}]}}}}}