{"skeleton":{"hash":"XtKTB3s30/Zr68R69fPM7kP0vN0","spine":"3.8.95","x":-60.86,"y":-105.85,"width":123.08,"height":201.05},"bones":[{"name":"root","scaleX":0.17,"scaleY":0.17},{"name":"body","parent":"root","x":0.08,"y":-464.89},{"name":"eyes","parent":"body","y":211.21},{"name":"r_pupil","parent":"eyes","x":31.38,"y":7.44},{"name":"l_pupil","parent":"eyes","x":-30.05,"y":6.59},{"name":"hat_03","parent":"root","x":-2.23,"y":-100.08},{"name":"hat_01","parent":"root","x":-1.34,"y":-153.49},{"name":"poof","parent":"root","x":-1.28,"y":-270.98},{"name":"hat_02","parent":"root","y":-427.3},{"name":"shield","parent":"root","x":-110.41,"y":-362.09},{"name":"poof2","parent":"shield","x":-3.6,"y":-0.51,"scaleX":0.673,"scaleY":0.673}],"slots":[{"name":"Knight_spider/platform","bone":"root","attachment":"Knight_spider/platform"},{"name":"Spider/head","bone":"body","attachment":"Knight_spider/head"},{"name":"Spider/eyes_01","bone":"eyes","attachment":"Knight_spider/eyes_01"},{"name":"Spider/l_pupil","bone":"l_pupil","attachment":"Knight_spider/l_pupil"},{"name":"Spider/r_pupil","bone":"r_pupil","attachment":"Knight_spider/r_pupil"},{"name":"Spider/eyes_02","bone":"eyes"},{"name":"Knight_spider/hat_03","bone":"hat_03","attachment":"Knight_spider/hat_03"},{"name":"Knight_spider/hat_02","bone":"hat_02","attachment":"Knight_spider/hat_02"},{"name":"Spider/hat","bone":"hat_01","attachment":"Knight_spider/hat_01"},{"name":"Poof/poof_3","bone":"poof","attachment":"Poof/poof_01"},{"name":"Knight_spider/shield","bone":"shield","attachment":"Knight_spider/shield"},{"name":"Poof/poof_4","bone":"poof2","attachment":"Poof/poof_01"}],"skins":[{"name":"default","attachments":{"Knight_spider/hat_02":{"Knight_spider/hat_02":{"y":427.3,"width":580,"height":1120}},"Knight_spider/hat_03":{"Knight_spider/hat_03":{"x":2.23,"y":100.08,"width":580,"height":1120}},"Knight_spider/platform":{"Knight_spider/platform":{"width":580,"height":1120}},"Knight_spider/shield":{"Knight_spider/shield":{"x":110.41,"y":362.09,"width":580,"height":1120}},"Poof/poof_3":{"Poof/poof_01":{"x":5.26,"y":26.81,"width":724,"height":757},"Poof/poof_02":{"x":5.26,"y":26.81,"width":724,"height":757},"Poof/poof_03":{"x":5.26,"y":26.81,"width":724,"height":757},"Poof/poof_04":{"x":5.26,"y":26.81,"width":724,"height":757},"Poof/poof_05":{"x":5.26,"y":26.81,"width":724,"height":757},"Poof/poof_06":{"x":5.26,"y":26.81,"width":724,"height":757},"Poof/poof_07":{"x":5.26,"y":26.81,"width":724,"height":757},"Poof/poof_08":{"x":5.26,"y":26.81,"width":724,"height":757},"Poof/poof_09":{"x":5.26,"y":26.81,"width":724,"height":757}},"Poof/poof_4":{"Poof/poof_01":{"x":8.18,"y":26.88,"width":724,"height":757},"Poof/poof_02":{"x":8.18,"y":26.88,"width":724,"height":757},"Poof/poof_03":{"x":8.18,"y":26.88,"width":724,"height":757},"Poof/poof_04":{"x":8.18,"y":26.88,"width":724,"height":757},"Poof/poof_05":{"x":8.18,"y":26.88,"width":724,"height":757},"Poof/poof_06":{"x":8.18,"y":26.88,"width":724,"height":757},"Poof/poof_07":{"x":8.18,"y":26.88,"width":724,"height":757},"Poof/poof_08":{"x":8.18,"y":26.88,"width":724,"height":757},"Poof/poof_09":{"x":8.18,"y":26.88,"width":724,"height":757}},"Spider/eyes_01":{"Knight_spider/eyes_01":{"x":-0.08,"y":253.68,"width":580,"height":1120}},"Spider/eyes_02":{"Knight_spider/eyes_02":{"x":-0.08,"y":253.68,"width":580,"height":1120},"Knight_spider/eyes_03":{"x":-0.08,"y":253.68,"width":580,"height":1120},"Knight_spider/eyes_04":{"x":-0.08,"y":253.68,"width":580,"height":1120},"Knight_spider/eyes_05":{"x":-0.08,"y":253.68,"width":580,"height":1120},"Knight_spider/eyes_06":{"x":-0.08,"y":253.68,"width":580,"height":1120}},"Spider/hat":{"Knight_spider/hat_01":{"x":1.34,"y":153.49,"width":580,"height":1120}},"Spider/head":{"Knight_spider/head":{"x":-0.08,"y":464.89,"width":580,"height":1120}},"Spider/l_pupil":{"Knight_spider/l_pupil":{"x":29.97,"y":247.09,"width":580,"height":1120}},"Spider/r_pupil":{"Knight_spider/r_pupil":{"x":-31.47,"y":246.24,"width":580,"height":1120}}}}],"animations":{"damage_01":{"slots":{"Poof/poof_3":{"attachment":[{"name":null}]},"Poof/poof_4":{"color":[{"color":"ffffff00"}]},"Spider/eyes_02":{"attachment":[{"time":0.0333,"name":"Knight_spider/eyes_03"},{"time":0.0667,"name":"Knight_spider/eyes_04"},{"time":0.1,"name":"Knight_spider/eyes_05"}]}},"bones":{"root":{"translate":[{"curve":0.551,"c2":0.02,"c3":0.514},{"time":0.0333,"x":18.46,"curve":0.551,"c2":0.02,"c3":0.514},{"time":0.0667,"x":-18.46,"curve":0.551,"c2":0.02,"c3":0.514},{"time":0.1,"x":18.46,"curve":0.551,"c2":0.02,"c3":0.514},{"time":0.1333,"x":-21.81,"curve":0.551,"c2":0.02,"c3":0.514},{"time":0.1667}]},"body":{"scale":[{"curve":0.551,"c2":0.02,"c3":0.514},{"time":0.1667,"x":1.054,"y":0.928}]},"hat_01":{"translate":[{"curve":0.551,"c2":0.02,"c3":0.514},{"time":0.1,"x":0.8,"y":-20.88}],"scale":[{"curve":0.551,"c2":0.02,"c3":0.514},{"time":0.1,"y":1.106}]},"hat_03":{"translate":[{"curve":0.551,"c2":0.02,"c3":0.514},{"time":0.1,"y":-20.77}]},"hat_02":{"translate":[{"curve":0.551,"c2":0.02,"c3":0.514},{"time":0.1,"y":-6.77}],"scale":[{"curve":0.551,"c2":0.02,"c3":0.514},{"time":0.1,"x":1.012,"y":0.946}]},"shield":{"translate":[{"curve":0.551,"c2":0.02,"c3":0.514},{"time":0.1,"x":29.71,"y":40.23}]}}},"damage_02":{"slots":{"Knight_spider/shield":{"color":[{"time":0.0667,"color":"ffffffff","curve":0.551,"c2":0.02,"c3":0.514},{"time":0.1333,"color":"ffffff00"}]},"Poof/poof_3":{"attachment":[{"name":null}]},"Poof/poof_4":{"color":[{"color":"ffffff00","curve":"stepped"},{"time":0.0667,"color":"ffffff00","curve":0.247,"c2":0.57,"c3":0.541},{"time":0.1,"color":"ffffffff"}],"attachment":[{"time":0.1333,"name":"Poof/poof_02"},{"time":0.1667,"name":"Poof/poof_03"},{"time":0.2,"name":"Poof/poof_04"},{"time":0.2333,"name":"Poof/poof_05"},{"time":0.2667,"name":"Poof/poof_06"},{"time":0.3,"name":"Poof/poof_07"},{"time":0.3333,"name":"Poof/poof_08"},{"time":0.3667,"name":"Poof/poof_09"},{"time":0.4,"name":null}]},"Spider/eyes_02":{"attachment":[{"time":0.0333,"name":"Knight_spider/eyes_03"},{"time":0.0667,"name":"Knight_spider/eyes_04"},{"time":0.1,"name":"Knight_spider/eyes_05"}]}},"bones":{"root":{"translate":[{"curve":0.551,"c2":0.02,"c3":0.514},{"time":0.0333,"x":18.46,"curve":0.551,"c2":0.02,"c3":0.514},{"time":0.0667,"x":-18.46,"curve":0.551,"c2":0.02,"c3":0.514},{"time":0.1,"x":18.46,"curve":0.551,"c2":0.02,"c3":0.514},{"time":0.1333,"x":-21.81,"curve":0.551,"c2":0.02,"c3":0.514},{"time":0.1667}]},"body":{"scale":[{"curve":0.551,"c2":0.02,"c3":0.514},{"time":0.1667,"x":1.054,"y":0.928}]},"hat_01":{"translate":[{"curve":0.551,"c2":0.02,"c3":0.514},{"time":0.1,"x":0.8,"y":-20.88}],"scale":[{"curve":0.551,"c2":0.02,"c3":0.514},{"time":0.1,"y":1.106}]},"hat_03":{"translate":[{"curve":0.551,"c2":0.02,"c3":0.514},{"time":0.1,"y":-20.77}]},"hat_02":{"translate":[{"curve":0.551,"c2":0.02,"c3":0.514},{"time":0.1,"y":-6.77}],"scale":[{"curve":0.551,"c2":0.02,"c3":0.514},{"time":0.1,"x":1.012,"y":0.946}]},"shield":{"translate":[{"curve":0.551,"c2":0.02,"c3":0.514},{"time":0.1,"x":29.71,"y":40.23}]}}},"damage_03":{"slots":{"Knight_spider/shield":{"color":[{"color":"ffffff00"}]},"Poof/poof_3":{"attachment":[{"name":null}]},"Poof/poof_4":{"color":[{"color":"ffffff00"}]},"Spider/eyes_02":{"attachment":[{"time":0.0333,"name":"Knight_spider/eyes_03"},{"time":0.0667,"name":"Knight_spider/eyes_04"},{"time":0.1,"name":"Knight_spider/eyes_05"}]}},"bones":{"root":{"translate":[{"curve":0.551,"c2":0.02,"c3":0.514},{"time":0.0333,"x":18.46,"curve":0.551,"c2":0.02,"c3":0.514},{"time":0.0667,"x":-18.46,"curve":0.551,"c2":0.02,"c3":0.514},{"time":0.1,"x":18.46,"curve":0.551,"c2":0.02,"c3":0.514},{"time":0.1333,"x":-21.81,"curve":0.551,"c2":0.02,"c3":0.514},{"time":0.1667}]},"body":{"scale":[{"curve":0.551,"c2":0.02,"c3":0.514},{"time":0.1667,"x":1.054,"y":0.928}]},"hat_01":{"translate":[{"curve":0.551,"c2":0.02,"c3":0.514},{"time":0.1,"x":0.8,"y":-20.88}],"scale":[{"curve":0.551,"c2":0.02,"c3":0.514},{"time":0.1,"y":1.106}]},"hat_03":{"translate":[{"curve":0.551,"c2":0.02,"c3":0.514},{"time":0.1,"y":-20.77}]},"hat_02":{"translate":[{"curve":0.551,"c2":0.02,"c3":0.514},{"time":0.1,"y":-6.77}],"scale":[{"curve":0.551,"c2":0.02,"c3":0.514},{"time":0.1,"x":1.012,"y":0.946}]},"shield":{"translate":[{"curve":0.551,"c2":0.02,"c3":0.514},{"time":0.1,"x":29.71,"y":40.23}]}}},"die":{"slots":{"Knight_spider/hat_02":{"color":[{"color":"ffffffff","curve":0.551,"c2":0.02,"c3":0.514},{"time":0.1,"color":"ffffff00"}]},"Knight_spider/hat_03":{"color":[{"color":"ffffffff","curve":0.551,"c2":0.02,"c3":0.514},{"time":0.1,"color":"ffffff00"}]},"Knight_spider/shield":{"color":[{"color":"ffffff00"}]},"Poof/poof_3":{"attachment":[{"name":null},{"time":0.0667,"name":"Poof/poof_01"},{"time":0.1,"name":"Poof/poof_02"},{"time":0.1333,"name":"Poof/poof_03"},{"time":0.1667,"name":"Poof/poof_04"},{"time":0.2,"name":"Poof/poof_05"},{"time":0.2333,"name":"Poof/poof_06"},{"time":0.2667,"name":"Poof/poof_07"},{"time":0.3,"name":"Poof/poof_08"},{"time":0.3333,"name":"Poof/poof_09"},{"time":0.3667,"name":null}]},"Poof/poof_4":{"color":[{"color":"ffffff00"}]},"Spider/eyes_01":{"color":[{"color":"ffffffff","curve":0.551,"c2":0.02,"c3":0.514},{"time":0.1,"color":"ffffff00"}]},"Spider/eyes_02":{"color":[{"color":"ffffffff","curve":0.551,"c2":0.02,"c3":0.514},{"time":0.1,"color":"ffffff00"}]},"Spider/hat":{"color":[{"color":"ffffffff","curve":0.551,"c2":0.02,"c3":0.514},{"time":0.1,"color":"ffffff00"}]},"Spider/head":{"color":[{"color":"ffffffff","curve":0.551,"c2":0.02,"c3":0.514},{"time":0.1,"color":"ffffff00"}]},"Spider/l_pupil":{"color":[{"color":"ffffffff","curve":0.551,"c2":0.02,"c3":0.514},{"time":0.1,"color":"ffffff00"}]},"Spider/r_pupil":{"color":[{"color":"ffffffff","curve":0.551,"c2":0.02,"c3":0.514},{"time":0.1,"color":"ffffff00"}]}}},"idle_01":{"slots":{"Poof/poof_3":{"attachment":[{"name":null}]},"Poof/poof_4":{"color":[{"color":"ffffff00"}]}},"bones":{"body":{"translate":[{"curve":0.551,"c2":0.02,"c3":0.514},{"time":1,"y":4.19,"curve":0.551,"c2":0.02,"c3":0.514},{"time":2,"curve":0.551,"c2":0.02,"c3":0.514},{"time":3,"y":4.19,"curve":0.551,"c2":0.02,"c3":0.514},{"time":4}],"scale":[{"curve":0.551,"c2":0.02,"c3":0.514},{"time":1,"x":0.943,"y":1.058,"curve":0.551,"c2":0.02,"c3":0.514},{"time":2,"curve":0.551,"c2":0.02,"c3":0.514},{"time":3,"x":0.943,"y":1.058,"curve":0.551,"c2":0.02,"c3":0.514},{"time":4}]},"eyes":{"translate":[{"curve":0.551,"c2":0.02,"c3":0.514},{"time":1,"y":4.35,"curve":0.551,"c2":0.02,"c3":0.514},{"time":2,"curve":0.551,"c2":0.02,"c3":0.514},{"time":3,"y":4.35,"curve":0.551,"c2":0.02,"c3":0.514},{"time":4}]},"hat_01":{"translate":[{"curve":0.551,"c2":0.02,"c3":0.514},{"time":1.1667,"y":30.34,"curve":0.551,"c2":0.02,"c3":0.514},{"time":2,"curve":0.551,"c2":0.02,"c3":0.514},{"time":3.1667,"y":30.34,"curve":0.551,"c2":0.02,"c3":0.514},{"time":4}]},"hat_03":{"translate":[{"curve":0.551,"c2":0.02,"c3":0.514},{"time":1,"y":20.36,"curve":0.418,"c2":0.26,"c3":0.473},{"time":2,"curve":0.551,"c2":0.02,"c3":0.514},{"time":3,"y":20.36,"curve":0.418,"c2":0.26,"c3":0.473},{"time":4}]},"hat_02":{"translate":[{"curve":0.551,"c2":0.02,"c3":0.514},{"time":1,"y":1.12,"curve":0.551,"c2":0.02,"c3":0.514},{"time":2,"curve":0.551,"c2":0.02,"c3":0.514},{"time":3,"y":1.12,"curve":0.551,"c2":0.02,"c3":0.514},{"time":4}],"scale":[{"curve":0.551,"c2":0.02,"c3":0.514},{"time":1,"x":0.966,"y":1.011,"curve":0.551,"c2":0.02,"c3":0.514},{"time":2,"curve":0.551,"c2":0.02,"c3":0.514},{"time":3,"x":0.966,"y":1.011,"curve":0.551,"c2":0.02,"c3":0.514},{"time":4}]},"shield":{"translate":[{"curve":0.551,"c2":0.02,"c3":0.514},{"time":1.1667,"x":15.74,"y":34.03,"curve":0.551,"c2":0.02,"c3":0.514},{"time":2,"curve":0.551,"c2":0.02,"c3":0.514},{"time":3.1667,"x":15.74,"y":34.03,"curve":0.551,"c2":0.02,"c3":0.514},{"time":4}]}}},"idle_02+03":{"slots":{"Knight_spider/shield":{"color":[{"color":"ffffff00"}]},"Poof/poof_3":{"attachment":[{"name":null}]},"Poof/poof_4":{"color":[{"color":"ffffff00"}]}},"bones":{"body":{"translate":[{"curve":0.551,"c2":0.02,"c3":0.514},{"time":1,"y":4.19,"curve":0.551,"c2":0.02,"c3":0.514},{"time":2,"curve":0.551,"c2":0.02,"c3":0.514},{"time":3,"y":4.19,"curve":0.551,"c2":0.02,"c3":0.514},{"time":4}],"scale":[{"curve":0.551,"c2":0.02,"c3":0.514},{"time":1,"x":0.943,"y":1.058,"curve":0.551,"c2":0.02,"c3":0.514},{"time":2,"curve":0.551,"c2":0.02,"c3":0.514},{"time":3,"x":0.943,"y":1.058,"curve":0.551,"c2":0.02,"c3":0.514},{"time":4}]},"eyes":{"translate":[{"curve":0.551,"c2":0.02,"c3":0.514},{"time":1,"y":4.35,"curve":0.551,"c2":0.02,"c3":0.514},{"time":2,"curve":0.551,"c2":0.02,"c3":0.514},{"time":3,"y":4.35,"curve":0.551,"c2":0.02,"c3":0.514},{"time":4}]},"hat_01":{"translate":[{"curve":0.551,"c2":0.02,"c3":0.514},{"time":1.1667,"y":30.34,"curve":0.551,"c2":0.02,"c3":0.514},{"time":2,"curve":0.551,"c2":0.02,"c3":0.514},{"time":3.1667,"y":30.34,"curve":0.551,"c2":0.02,"c3":0.514},{"time":4}]},"hat_03":{"translate":[{"curve":0.551,"c2":0.02,"c3":0.514},{"time":1,"y":20.36,"curve":0.418,"c2":0.26,"c3":0.473},{"time":2,"curve":0.551,"c2":0.02,"c3":0.514},{"time":3,"y":20.36,"curve":0.418,"c2":0.26,"c3":0.473},{"time":4}]},"hat_02":{"translate":[{"curve":0.551,"c2":0.02,"c3":0.514},{"time":1,"y":1.12,"curve":0.551,"c2":0.02,"c3":0.514},{"time":2,"curve":0.551,"c2":0.02,"c3":0.514},{"time":3,"y":1.12,"curve":0.551,"c2":0.02,"c3":0.514},{"time":4}],"scale":[{"curve":0.551,"c2":0.02,"c3":0.514},{"time":1,"x":0.966,"y":1.011,"curve":0.551,"c2":0.02,"c3":0.514},{"time":2,"curve":0.551,"c2":0.02,"c3":0.514},{"time":3,"x":0.966,"y":1.011,"curve":0.551,"c2":0.02,"c3":0.514},{"time":4}]},"shield":{"translate":[{"curve":0.551,"c2":0.02,"c3":0.514},{"time":1.1667,"x":15.74,"y":34.03,"curve":0.551,"c2":0.02,"c3":0.514},{"time":2,"curve":0.551,"c2":0.02,"c3":0.514},{"time":3.1667,"x":15.74,"y":34.03,"curve":0.551,"c2":0.02,"c3":0.514},{"time":4}]}}},"idle_wo_shield":{"slots":{"Poof/poof_3":{"attachment":[{"name":null}]},"Poof/poof_4":{"color":[{"color":"ffffff00"}]}},"bones":{"body":{"translate":[{"curve":0.551,"c2":0.02,"c3":0.514},{"time":1,"y":4.19,"curve":0.551,"c2":0.02,"c3":0.514},{"time":2,"curve":0.551,"c2":0.02,"c3":0.514},{"time":3,"y":4.19,"curve":0.551,"c2":0.02,"c3":0.514},{"time":4}],"scale":[{"curve":0.551,"c2":0.02,"c3":0.514},{"time":1,"x":0.943,"y":1.058,"curve":0.551,"c2":0.02,"c3":0.514},{"time":2,"curve":0.551,"c2":0.02,"c3":0.514},{"time":3,"x":0.943,"y":1.058,"curve":0.551,"c2":0.02,"c3":0.514},{"time":4}]},"eyes":{"translate":[{"curve":0.551,"c2":0.02,"c3":0.514},{"time":1,"y":4.35,"curve":0.551,"c2":0.02,"c3":0.514},{"time":2,"curve":0.551,"c2":0.02,"c3":0.514},{"time":3,"y":4.35,"curve":0.551,"c2":0.02,"c3":0.514},{"time":4}]},"hat_01":{"translate":[{"curve":0.551,"c2":0.02,"c3":0.514},{"time":1.1667,"y":30.34,"curve":0.551,"c2":0.02,"c3":0.514},{"time":2,"curve":0.551,"c2":0.02,"c3":0.514},{"time":3.1667,"y":30.34,"curve":0.551,"c2":0.02,"c3":0.514},{"time":4}]},"hat_03":{"translate":[{"curve":0.551,"c2":0.02,"c3":0.514},{"time":1,"y":20.36,"curve":0.418,"c2":0.26,"c3":0.473},{"time":2,"curve":0.551,"c2":0.02,"c3":0.514},{"time":3,"y":20.36,"curve":0.418,"c2":0.26,"c3":0.473},{"time":4}]},"hat_02":{"translate":[{"curve":0.551,"c2":0.02,"c3":0.514},{"time":1,"y":1.12,"curve":0.551,"c2":0.02,"c3":0.514},{"time":2,"curve":0.551,"c2":0.02,"c3":0.514},{"time":3,"y":1.12,"curve":0.551,"c2":0.02,"c3":0.514},{"time":4}],"scale":[{"curve":0.551,"c2":0.02,"c3":0.514},{"time":1,"x":0.966,"y":1.011,"curve":0.551,"c2":0.02,"c3":0.514},{"time":2,"curve":0.551,"c2":0.02,"c3":0.514},{"time":3,"x":0.966,"y":1.011,"curve":0.551,"c2":0.02,"c3":0.514},{"time":4}]},"shield":{"translate":[{"curve":0.551,"c2":0.02,"c3":0.514},{"time":1.1667,"x":15.74,"y":34.03,"curve":0.551,"c2":0.02,"c3":0.514},{"time":2,"curve":0.551,"c2":0.02,"c3":0.514},{"time":3.1667,"x":15.74,"y":34.03,"curve":0.551,"c2":0.02,"c3":0.514},{"time":4}]}}},"jump_down_01":{"slots":{"Poof/poof_3":{"attachment":[{"name":null}]},"Poof/poof_4":{"color":[{"color":"ffffff00"}]}},"bones":{"body":{"translate":[{"curve":0.551,"c2":0.02,"c3":0.514},{"time":0.1,"y":-23.96,"curve":0.566,"c2":0.37,"c3":0.514},{"time":0.3333,"y":80.11,"curve":0.766,"c2":0.03,"c4":0.45},{"time":0.5333,"curve":0.551,"c2":0.02,"c3":0.514},{"time":0.6,"y":-23.96,"curve":0.551,"c2":0.02,"c3":0.514},{"time":0.6667}],"scale":[{"curve":0.551,"c2":0.02,"c3":0.514},{"time":0.1,"x":1.099,"y":0.934,"curve":0.566,"c2":0.37,"c3":0.514},{"time":0.3333,"x":0.994,"y":1.066,"curve":0.766,"c2":0.03,"c4":0.45},{"time":0.5333,"curve":0.551,"c2":0.02,"c3":0.514},{"time":0.6,"x":1.099,"y":0.934,"curve":0.551,"c2":0.02,"c3":0.514},{"time":0.6667}]},"r_pupil":{"translate":[{"curve":0.551,"c2":0.02,"c3":0.514},{"time":0.1667,"y":-16.79,"curve":0.416,"c2":0.27,"c3":0.654,"c4":0.7},{"time":0.4667,"y":3.31,"curve":0.25,"c2":0.58,"c3":0.553},{"time":0.6667}]},"l_pupil":{"translate":[{"curve":0.551,"c2":0.02,"c3":0.514},{"time":0.1667,"y":-16.79,"curve":0.416,"c2":0.27,"c3":0.654,"c4":0.7},{"time":0.4667,"y":3.31,"curve":0.25,"c2":0.58,"c3":0.553},{"time":0.6667}]},"hat_01":{"translate":[{"curve":0.551,"c2":0.02,"c3":0.514},{"time":0.1333,"x":1.08,"y":-44.14,"curve":0.566,"c2":0.37,"c3":0.514},{"time":0.3667,"x":1.08,"y":102.57,"curve":0.604,"c2":0.04,"c3":0.893,"c4":0.43},{"time":0.5333,"x":1.08,"y":1.56,"curve":0.699,"c2":0.31,"c4":0.64},{"time":0.6,"x":1.08,"y":-63.51,"curve":0.551,"c2":0.02,"c3":0.514},{"time":0.6667}],"scale":[{"curve":0.551,"c2":0.02,"c3":0.514},{"time":0.1333,"x":1.035,"curve":"stepped"},{"time":0.6,"x":1.035,"curve":0.551,"c2":0.02,"c3":0.514},{"time":0.6667}]},"hat_03":{"translate":[{"curve":0.551,"c2":0.02,"c3":0.514},{"time":0.1,"y":-48.09,"curve":0.566,"c2":0.37,"c3":0.514},{"time":0.3333,"y":100.92,"curve":0.604,"c2":0.04,"c3":0.893,"c4":0.43},{"time":0.5333,"y":-3.22,"curve":0.699,"c2":0.31,"c4":0.64},{"time":0.6,"y":-68.41,"curve":0.551,"c2":0.02,"c3":0.514},{"time":0.6667}],"scale":[{"curve":0.551,"c2":0.02,"c3":0.514},{"time":0.1,"x":1.079,"curve":0.566,"c2":0.37,"c3":0.514},{"time":0.3333,"x":1.006,"y":1.069,"curve":0.766,"c2":0.03,"c4":0.45},{"time":0.6,"x":1.088,"y":0.962,"curve":0.551,"c2":0.02,"c3":0.514},{"time":0.6667}]},"hat_02":{"translate":[{"curve":0.551,"c2":0.02,"c3":0.514},{"time":0.1333,"y":-22.04,"curve":0.566,"c2":0.37,"c3":0.514},{"time":0.3667,"y":88.12,"curve":0.604,"c2":0.04,"c3":0.893,"c4":0.43},{"time":0.5333,"y":-5.08,"curve":0.699,"c2":0.31,"c4":0.64},{"time":0.6,"y":-31.89,"curve":0.551,"c2":0.02,"c3":0.514},{"time":0.6667}],"scale":[{"curve":0.551,"c2":0.02,"c3":0.514},{"time":0.1333,"x":1.016,"y":1.063,"curve":0.566,"c2":0.37,"c3":0.514},{"time":0.3667,"x":0.932,"y":1.137,"curve":0.766,"c2":0.03,"c4":0.45},{"time":0.6,"x":0.995,"y":0.936,"curve":0.551,"c2":0.02,"c3":0.514},{"time":0.6667}]},"shield":{"translate":[{"curve":0.551,"c2":0.02,"c3":0.514},{"time":0.1333,"x":-0.22,"y":-44.74,"curve":0.566,"c2":0.37,"c3":0.514},{"time":0.4,"x":-3.01,"y":68.51,"curve":0.604,"c2":0.04,"c3":0.893,"c4":0.43},{"time":0.5333,"x":-3.49,"y":-17.81,"curve":0.699,"c2":0.31,"c4":0.64},{"time":0.6,"x":-4.81,"y":-48.54,"curve":0.551,"c2":0.02,"c3":0.514},{"time":0.6667}]}}},"jump_down_02+03":{"slots":{"Knight_spider/shield":{"color":[{"color":"ffffff00"}]},"Poof/poof_3":{"attachment":[{"name":null}]},"Poof/poof_4":{"color":[{"color":"ffffff00"}]}},"bones":{"body":{"translate":[{"curve":0.551,"c2":0.02,"c3":0.514},{"time":0.1,"y":-23.96,"curve":0.566,"c2":0.37,"c3":0.514},{"time":0.3333,"y":80.11,"curve":0.766,"c2":0.03,"c4":0.45},{"time":0.5333,"curve":0.551,"c2":0.02,"c3":0.514},{"time":0.6,"y":-23.96,"curve":0.551,"c2":0.02,"c3":0.514},{"time":0.6667}],"scale":[{"curve":0.551,"c2":0.02,"c3":0.514},{"time":0.1,"x":1.099,"y":0.934,"curve":0.566,"c2":0.37,"c3":0.514},{"time":0.3333,"x":0.994,"y":1.066,"curve":0.766,"c2":0.03,"c4":0.45},{"time":0.5333,"curve":0.551,"c2":0.02,"c3":0.514},{"time":0.6,"x":1.099,"y":0.934,"curve":0.551,"c2":0.02,"c3":0.514},{"time":0.6667}]},"r_pupil":{"translate":[{"curve":0.551,"c2":0.02,"c3":0.514},{"time":0.1667,"y":-16.79,"curve":0.416,"c2":0.27,"c3":0.654,"c4":0.7},{"time":0.4667,"y":3.31,"curve":0.25,"c2":0.58,"c3":0.553},{"time":0.6667}]},"l_pupil":{"translate":[{"curve":0.551,"c2":0.02,"c3":0.514},{"time":0.1667,"y":-16.79,"curve":0.416,"c2":0.27,"c3":0.654,"c4":0.7},{"time":0.4667,"y":3.31,"curve":0.25,"c2":0.58,"c3":0.553},{"time":0.6667}]},"hat_01":{"translate":[{"curve":0.551,"c2":0.02,"c3":0.514},{"time":0.1333,"x":1.08,"y":-44.14,"curve":0.566,"c2":0.37,"c3":0.514},{"time":0.3667,"x":1.08,"y":102.57,"curve":0.604,"c2":0.04,"c3":0.893,"c4":0.43},{"time":0.5333,"x":1.08,"y":1.56,"curve":0.699,"c2":0.31,"c4":0.64},{"time":0.6,"x":1.08,"y":-63.51,"curve":0.551,"c2":0.02,"c3":0.514},{"time":0.6667}],"scale":[{"curve":0.551,"c2":0.02,"c3":0.514},{"time":0.1333,"x":1.035,"curve":"stepped"},{"time":0.6,"x":1.035,"curve":0.551,"c2":0.02,"c3":0.514},{"time":0.6667}]},"hat_03":{"translate":[{"curve":0.551,"c2":0.02,"c3":0.514},{"time":0.1,"y":-48.09,"curve":0.566,"c2":0.37,"c3":0.514},{"time":0.3333,"y":100.92,"curve":0.604,"c2":0.04,"c3":0.893,"c4":0.43},{"time":0.5333,"y":-3.22,"curve":0.699,"c2":0.31,"c4":0.64},{"time":0.6,"y":-68.41,"curve":0.551,"c2":0.02,"c3":0.514},{"time":0.6667}],"scale":[{"curve":0.551,"c2":0.02,"c3":0.514},{"time":0.1,"x":1.079,"curve":0.566,"c2":0.37,"c3":0.514},{"time":0.3333,"x":1.006,"y":1.069,"curve":0.766,"c2":0.03,"c4":0.45},{"time":0.6,"x":1.088,"y":0.962,"curve":0.551,"c2":0.02,"c3":0.514},{"time":0.6667}]},"hat_02":{"translate":[{"curve":0.551,"c2":0.02,"c3":0.514},{"time":0.1333,"y":-22.04,"curve":0.566,"c2":0.37,"c3":0.514},{"time":0.3667,"y":88.12,"curve":0.604,"c2":0.04,"c3":0.893,"c4":0.43},{"time":0.5333,"y":-5.08,"curve":0.699,"c2":0.31,"c4":0.64},{"time":0.6,"y":-31.89,"curve":0.551,"c2":0.02,"c3":0.514},{"time":0.6667}],"scale":[{"curve":0.551,"c2":0.02,"c3":0.514},{"time":0.1333,"x":1.016,"y":1.063,"curve":0.566,"c2":0.37,"c3":0.514},{"time":0.3667,"x":0.932,"y":1.137,"curve":0.766,"c2":0.03,"c4":0.45},{"time":0.6,"x":0.995,"y":0.936,"curve":0.551,"c2":0.02,"c3":0.514},{"time":0.6667}]},"shield":{"translate":[{"curve":0.551,"c2":0.02,"c3":0.514},{"time":0.1333,"x":-0.22,"y":-44.74,"curve":0.566,"c2":0.37,"c3":0.514},{"time":0.4,"x":-3.01,"y":68.51,"curve":0.604,"c2":0.04,"c3":0.893,"c4":0.43},{"time":0.5333,"x":-3.49,"y":-17.81,"curve":0.699,"c2":0.31,"c4":0.64},{"time":0.6,"x":-4.81,"y":-48.54,"curve":0.551,"c2":0.02,"c3":0.514},{"time":0.6667}]}}},"recover_01":{"slots":{"Knight_spider/platform":{"color":[{"color":"ffffffff","curve":0.551,"c2":0.02,"c3":0.514},{"time":0.1,"color":"ffffff00"}]},"Poof/poof_3":{"attachment":[{"name":null}]},"Poof/poof_4":{"color":[{"color":"ffffff00"}]},"Spider/eyes_02":{"attachment":[{"name":"Knight_spider/eyes_05"},{"time":0.2,"name":"Knight_spider/eyes_04"},{"time":0.2667,"name":"Knight_spider/eyes_03"},{"time":0.3333,"name":"Knight_spider/eyes_02"},{"time":0.4,"name":null}]}},"bones":{"shield":{"translate":[{"x":29.71,"y":40.23,"curve":0.551,"c2":0.02,"c3":0.514},{"time":0.4667}]},"hat_02":{"translate":[{"y":-6.77,"curve":0.551,"c2":0.02,"c3":0.514},{"time":0.4667}],"scale":[{"x":1.012,"y":0.946,"curve":0.551,"c2":0.02,"c3":0.514},{"time":0.4667}]},"body":{"scale":[{"x":1.054,"y":0.928,"curve":0.551,"c2":0.02,"c3":0.514},{"time":0.4667}]},"hat_01":{"translate":[{"x":0.8,"y":-20.88,"curve":0.551,"c2":0.02,"c3":0.514},{"time":0.4667}],"scale":[{"y":1.106,"curve":0.551,"c2":0.02,"c3":0.514},{"time":0.4667}]},"hat_03":{"translate":[{"y":-20.77,"curve":0.551,"c2":0.02,"c3":0.514},{"time":0.4667}]}}},"recover_02+03":{"slots":{"Knight_spider/shield":{"color":[{"color":"ffffff00"}]},"Poof/poof_3":{"attachment":[{"name":null}]},"Poof/poof_4":{"color":[{"color":"ffffff00"}]},"Spider/eyes_02":{"attachment":[{"name":"Knight_spider/eyes_05"},{"time":0.2,"name":"Knight_spider/eyes_04"},{"time":0.2667,"name":"Knight_spider/eyes_03"},{"time":0.3333,"name":"Knight_spider/eyes_02"},{"time":0.4,"name":null}]}},"bones":{"shield":{"translate":[{"x":29.71,"y":40.23,"curve":0.551,"c2":0.02,"c3":0.514},{"time":0.4667}]},"body":{"scale":[{"x":1.054,"y":0.928,"curve":0.551,"c2":0.02,"c3":0.514},{"time":0.4667}]},"hat_02":{"translate":[{"y":-6.77,"curve":0.551,"c2":0.02,"c3":0.514},{"time":0.4667}],"scale":[{"x":1.012,"y":0.946,"curve":0.551,"c2":0.02,"c3":0.514},{"time":0.4667}]},"hat_01":{"translate":[{"x":0.8,"y":-20.88,"curve":0.551,"c2":0.02,"c3":0.514},{"time":0.4667}],"scale":[{"y":1.106,"curve":0.551,"c2":0.02,"c3":0.514},{"time":0.4667}]},"hat_03":{"translate":[{"y":-20.77,"curve":0.551,"c2":0.02,"c3":0.514},{"time":0.4667}]}}}}}