{"skeleton":{"hash":"+BrpZn5hIBvhIsNoMD5DCrpmJ1A","spine":"3.8.95","x":-60,"y":-60,"width":120,"height":120},"bones":[{"name":"root","scaleX":0.1,"scaleY":0.1},{"name":"body","parent":"root","x":1.12,"y":-67.01},{"name":"r_leg","parent":"body","length":167.59,"rotation":-21.92,"x":222.6,"y":-160.61},{"name":"l_leg","parent":"body","length":187.67,"rotation":-150.33,"x":-224.86,"y":-135.96},{"name":"top","parent":"body","x":-5.73,"y":193.72},{"name":"r_hand","parent":"body","length":215.21,"rotation":-100.43,"x":133.97,"y":-51.76},{"name":"l_hand","parent":"body","length":214.65,"rotation":-74.05,"x":-156.66,"y":-45.44},{"name":"top2","parent":"top","length":14.89,"rotation":91.88,"x":-0.28,"y":8.84},{"name":"top3","parent":"top2","length":21.72,"rotation":-2.52,"x":15.38,"y":-0.02},{"name":"top4","parent":"top3","length":56.62,"rotation":-0.34,"x":21.72},{"name":"top5","parent":"top","length":22.32,"rotation":-89.08,"x":-0.1,"y":-12.99},{"name":"top6","parent":"top5","length":28.44,"rotation":-1.65,"x":22.32},{"name":"top7","parent":"top6","length":55.45,"rotation":1.84,"x":28.44,"y":0.36},{"name":"shadow","parent":"root","x":-0.71,"y":-331.27}],"slots":[{"name":"Images/Player/Character/shadow","bone":"shadow","attachment":"Images/Player/Character/shadow"},{"name":"Images/Player/Character/r_hand","bone":"l_hand","attachment":"Images/Player/Character/r_hand"},{"name":"Images/Player/Character/l_hand","bone":"r_hand","attachment":"Images/Player/Character/l_hand"},{"name":"Images/Player/Character/l_leg","bone":"l_leg","attachment":"Images/Player/Character/l_leg"},{"name":"Images/Player/Character/r_leg","bone":"r_leg","attachment":"Images/Player/Character/r_leg"},{"name":"Images/Player/Character/l_leg_2","bone":"l_leg","attachment":"Images/Player/Character/l_leg_2"},{"name":"Images/Player/Character/r_leg_2","bone":"r_leg","attachment":"Images/Player/Character/r_leg_2"},{"name":"Images/Player/Character/damage_glow","bone":"body","attachment":"Images/Player/Character/damage_glow"},{"name":"Images/Player/Character/body","bone":"body","attachment":"Images/Player/Character/body"},{"name":"Images/Player/Character/body_3","bone":"body","attachment":"Images/Player/Character/body_3"},{"name":"Images/Player/Character/body_2","bone":"body","attachment":"Images/Player/Character/body_2"},{"name":"Images/Player/Character/top","bone":"top","attachment":"Images/Player/Character/top"}],"skins":[{"name":"default","attachments":{"Images/Player/Character/body":{"Images/Player/Character/body":{"x":-1.12,"y":67.01,"width":1200,"height":1200}},"Images/Player/Character/body_2":{"Images/Player/Character/body_2":{"x":-1.12,"y":67.01,"width":1200,"height":1200}},"Images/Player/Character/body_3":{"Images/Player/Character/body_3":{"x":-1.12,"y":67.01,"width":1200,"height":1200}},"Images/Player/Character/damage_glow":{"Images/Player/Character/damage_glow":{"x":-1.12,"y":67.01,"width":1200,"height":1200}},"Images/Player/Character/l_hand":{"Images/Player/Character/l_hand":{"x":-92.35,"y":-154.36,"rotation":100.43,"width":1200,"height":1200}},"Images/Player/Character/l_leg":{"Images/Player/Character/l_leg":{"x":-294.88,"y":-65.59,"rotation":150.33,"width":1200,"height":1200}},"Images/Player/Character/l_leg_2":{"Images/Player/Character/l_leg_2":{"x":-294.88,"y":-65.59,"rotation":150.33,"width":1200,"height":1200}},"Images/Player/Character/r_hand":{"Images/Player/Character/r_hand":{"x":-65.39,"y":180.44,"rotation":74.05,"width":1200,"height":1200}},"Images/Player/Character/r_leg":{"Images/Player/Character/r_leg":{"x":-292.52,"y":127.64,"rotation":21.92,"width":1200,"height":1200}},"Images/Player/Character/r_leg_2":{"Images/Player/Character/r_leg_2":{"x":-292.52,"y":127.64,"rotation":21.92,"width":1200,"height":1200}},"Images/Player/Character/shadow":{"Images/Player/Character/shadow":{"x":0.71,"y":331.27,"width":1200,"height":1200}},"Images/Player/Character/top":{"Images/Player/Character/top":{"type":"mesh","uvs":[0.45903,0.40642,0.47201,0.41481,0.47757,0.42411,0.47772,0.43492,0.47445,0.44144,0.45996,0.46183,0.45969,0.4733,0.46089,0.48197,0.46572,0.49312,0.47509,0.50587,0.5168,0.50805,0.53341,0.49372,0.53555,0.48308,0.53646,0.47279,0.53398,0.46108,0.51917,0.44123,0.51589,0.43167,0.51541,0.42322,0.52006,0.41599,0.53448,0.40206,0.52551,0.3953,0.51906,0.38909,0.51625,0.38298,0.51369,0.37692,0.51351,0.36914,0.51462,0.36193,0.5173,0.3555,0.52446,0.35116,0.54132,0.3357,0.54319,0.32072,0.53804,0.30198,0.52352,0.2884,0.50011,0.28278,0.47669,0.28512,0.45936,0.29683,0.45046,0.32025,0.45561,0.33711,0.46685,0.34882,0.47809,0.35678,0.47909,0.36215,0.48044,0.36942,0.47918,0.37721,0.47669,0.38394,0.47233,0.38892,0.46685,0.39518],"triangles":[29,27,30,36,35,34,37,34,33,36,34,37,27,31,30,28,27,29,27,26,32,27,32,31,32,37,33,38,32,26,38,37,32,25,38,26,4,6,5,15,8,7,12,14,13,7,6,15,12,8,14,14,8,15,6,4,15,12,9,8,12,10,9,11,10,12,16,3,2,16,2,17,3,16,15,15,4,3,39,38,25,25,40,39,24,40,25,40,24,23,22,41,23,41,40,23,0,44,1,1,44,43,18,2,21,41,21,42,21,41,22,18,20,19,18,21,20,42,21,1,1,43,42,17,2,18,21,2,1],"vertices":[1,4,-44.56,-14.42,1,1,4,-28.99,-24.49,1,5,4,-22.31,-35.64,0.02465,7,-43.74,23.48,0.00161,10,22.29,-22.57,0.53796,11,0.62,-22.56,0.43081,12,-28.54,-22.02,0.00498,4,4,-22.13,-48.61,3.1E-4,10,35.26,-22.6,0.10145,11,13.59,-22.22,0.76923,12,-15.57,-22.09,0.12901,3,10,43.03,-26.65,0.0127,11,21.47,-26.04,0.60552,12,-7.82,-26.16,0.38178,2,11,46.15,-43.12,0.09579,12,16.3,-44.03,0.90421,2,11,59.92,-43.27,0.03452,12,30.06,-44.62,0.96548,2,11,70.3,-41.7,0.01013,12,40.49,-43.38,0.98987,2,11,83.6,-35.74,1.6E-4,12,53.98,-37.86,0.99984,1,12,69.5,-26.9,1,1,12,73.09,23.08,1,2,11,83.3,45.5,1.7E-4,12,56.28,43.35,0.99983,2,11,70.5,47.91,0.00709,12,43.57,46.17,0.99291,2,11,58.14,48.83,0.03079,12,31.24,47.49,0.96921,2,11,44.13,45.68,0.09269,12,17.14,44.79,0.90731,4,4,27.61,-56.19,2.4E-4,10,43.64,27,0.02082,11,20.53,27.61,0.59178,12,-7.03,27.49,0.38716,4,4,23.68,-44.72,0.01242,10,32.11,23.26,0.19983,11,9.11,23.54,0.70412,12,-18.57,23.78,0.08362,5,4,23.09,-34.57,0.0718,7,-44.16,-21.93,0.00599,10,21.95,22.84,0.54423,11,-1.03,22.82,0.37261,12,-28.73,23.39,0.00537,1,4,28.67,-25.9,1,1,4,45.98,-9.18,1,1,4,35.22,-1.08,1,4,4,27.47,6.38,0.992,7,-3.37,-27.65,0.00412,8,-17.52,-28.43,2.4E-4,10,-18.92,27.88,0.00364,5,4,24.11,13.71,0.27523,7,4.07,-24.53,0.49814,8,-10.23,-24.99,0.09963,10,-26.31,24.63,0.12656,9,-31.79,-25.18,4.4E-4,5,4,21.03,20.99,0.12782,7,11.44,-21.69,0.53158,8,-2.98,-21.83,0.29587,10,-33.63,21.67,0.03501,9,-24.57,-21.98,0.00972,5,4,20.82,30.32,0.02466,7,20.78,-21.79,0.27245,8,6.35,-21.51,0.5975,10,-42.97,21.61,0.00211,9,-15.24,-21.61,0.10328,4,4,22.15,38.97,0.00194,7,29.38,-23.41,0.07743,8,15.01,-22.75,0.55534,9,-6.57,-22.79,0.36529,3,7,36.99,-26.87,0.01007,8,22.77,-25.87,0.28766,9,1.21,-25.87,0.70227,2,8,28.07,-34.41,0.4144,9,6.56,-34.37,0.5856,2,8,46.84,-54.43,0.0037,9,25.45,-54.28,0.9963,1,9,43.47,-56.21,1,1,9,65.84,-49.65,1,1,9,81.84,-31.95,1,1,9,88.09,-3.73,1,1,9,84.8,24.31,1,1,9,70.39,44.86,1,1,9,42.11,55.05,1,2,8,44,48.39,0.00624,9,21.99,48.52,0.99376,2,8,30.1,34.75,0.35621,9,8.18,34.8,0.64379,3,7,36.99,20.2,0.00251,8,20.7,21.15,0.48033,9,-1.14,21.15,0.51717,3,7,30.51,19.22,0.04104,8,14.27,19.89,0.66226,9,-7.57,19.84,0.2967,5,4,-18.87,29.98,0.00774,7,21.73,17.89,0.2298,8,5.56,18.17,0.70392,10,-43.26,-18.08,9.6E-4,9,-16.27,18.07,0.05758,5,4,-20.38,20.64,0.08197,7,12.45,19.71,0.58315,8,-3.8,19.58,0.30228,10,-33.95,-19.74,0.03095,9,-25.63,19.42,0.00164,4,4,-23.37,12.56,0.936,7,4.47,22.96,0.04539,8,-11.91,22.47,0.00621,10,-25.92,-22.85,0.0124,1,4,-28.6,6.58,1,4,4,-35.17,-0.93,0.992,7,-8.63,35.2,0.00201,8,-25.53,34.12,0,10,-12.62,-34.87,0.00598],"hull":45}}}}],"animations":{"activate_damagex2":{"slots":{"Images/Player/Character/body_2":{"color":[{"color":"ffffff00"}]},"Images/Player/Character/body_3":{"color":[{"color":"ffffff00","curve":"stepped"},{"time":0.1333,"color":"ffffff00","curve":0.551,"c2":0.02,"c3":0.514},{"time":0.2333,"color":"ffffffff","curve":"stepped"},{"time":0.3333,"color":"ffffffff","curve":0.551,"c2":0.02,"c3":0.514},{"time":0.4333,"color":"ffffff8c","curve":0.551,"c2":0.02,"c3":0.514},{"time":0.5,"color":"ffffffff"}]},"Images/Player/Character/damage_glow":{"color":[{"color":"ffffff00","curve":"stepped"},{"time":0.1333,"color":"ffffff00","curve":0.551,"c2":0.02,"c3":0.514},{"time":0.2333,"color":"ffffffff","curve":"stepped"},{"time":0.3333,"color":"ffffffff","curve":0.551,"c2":0.02,"c3":0.514},{"time":0.4333,"color":"ffffff8c","curve":0.551,"c2":0.02,"c3":0.514},{"time":0.5,"color":"ffffffff"}]},"Images/Player/Character/l_leg_2":{"color":[{"color":"ffffff00","curve":"stepped"},{"time":0.1,"color":"ffffff00","curve":0.551,"c2":0.02,"c3":0.514},{"time":0.2333,"color":"ffffffff","curve":"stepped"},{"time":0.3333,"color":"ffffffff","curve":0.551,"c2":0.02,"c3":0.514},{"time":0.4333,"color":"ffffff6e","curve":0.551,"c2":0.02,"c3":0.514},{"time":0.5333,"color":"ffffffff"}]},"Images/Player/Character/r_leg_2":{"color":[{"color":"ffffff00","curve":"stepped"},{"time":0.1,"color":"ffffff00","curve":0.551,"c2":0.02,"c3":0.514},{"time":0.2333,"color":"ffffffff","curve":"stepped"},{"time":0.3333,"color":"ffffffff","curve":0.551,"c2":0.02,"c3":0.514},{"time":0.4333,"color":"ffffff6e","curve":0.551,"c2":0.02,"c3":0.514},{"time":0.5333,"color":"ffffffff"}]},"Images/Player/Character/shadow":{"color":[{"color":"ffffffff","curve":0.551,"c2":0.02,"c3":0.514},{"time":0.2333,"color":"ffffff6c","curve":"stepped"},{"time":0.3333,"color":"ffffff6c","curve":0.551,"c2":0.02,"c3":0.514},{"time":0.4333,"color":"ffffffff"}]}},"bones":{"body":{"translate":[{"curve":0.567,"c2":0.02,"c3":0.565},{"time":0.1,"y":-10.43,"curve":0.567,"c2":0.02,"c3":0.565},{"time":0.2333,"y":280.74,"curve":"stepped"},{"time":0.3333,"y":280.74,"curve":0.614,"c2":0.14,"c3":0.784,"c4":0.49},{"time":0.4333,"curve":0.567,"c2":0.02,"c3":0.565},{"time":0.5333,"y":-10.43,"curve":0.567,"c2":0.02,"c3":0.565},{"time":0.6333}],"scale":[{"curve":0.567,"c2":0.02,"c3":0.565},{"time":0.1,"x":1.066,"y":0.958,"curve":0.567,"c2":0.02,"c3":0.565},{"time":0.2333,"x":0.831,"y":0.988,"curve":"stepped"},{"time":0.3333,"x":0.831,"y":0.988,"curve":0.614,"c2":0.14,"c3":0.784,"c4":0.49},{"time":0.4333,"curve":0.567,"c2":0.02,"c3":0.565},{"time":0.5333,"x":1.066,"y":0.958,"curve":0.567,"c2":0.02,"c3":0.565},{"time":0.6333}]},"r_leg":{"rotate":[{"curve":0.567,"c2":0.02,"c3":0.565},{"time":0.1,"angle":-5.04,"curve":0.567,"c2":0.02,"c3":0.565},{"time":0.2333,"angle":-70.23,"curve":"stepped"},{"time":0.3333,"angle":-70.23,"curve":0.614,"c2":0.14,"c3":0.784,"c4":0.49},{"time":0.4333,"curve":0.567,"c2":0.02,"c3":0.565},{"time":0.5333,"angle":-5.04,"curve":0.567,"c2":0.02,"c3":0.565},{"time":0.6333}],"translate":[{"time":0.1,"curve":0.567,"c2":0.02,"c3":0.565},{"time":0.2333,"x":-22.02,"y":7.56,"curve":"stepped"},{"time":0.3333,"x":-22.02,"y":7.56,"curve":0.614,"c2":0.14,"c3":0.784,"c4":0.49},{"time":0.4333}]},"l_leg":{"rotate":[{"curve":0.567,"c2":0.02,"c3":0.565},{"time":0.1,"angle":5.79,"curve":0.567,"c2":0.02,"c3":0.565},{"time":0.2333,"angle":66.68,"curve":"stepped"},{"time":0.3333,"angle":66.68,"curve":0.614,"c2":0.14,"c3":0.784,"c4":0.49},{"time":0.4333,"curve":0.567,"c2":0.02,"c3":0.565},{"time":0.5333,"angle":5.79,"curve":0.567,"c2":0.02,"c3":0.565},{"time":0.6333}]},"top":{"translate":[{"curve":0.567,"c2":0.02,"c3":0.565},{"time":0.1,"y":8.8,"curve":"stepped"},{"time":0.3333,"y":8.8,"curve":0.614,"c2":0.14,"c3":0.784,"c4":0.49},{"time":0.4333,"curve":0.567,"c2":0.02,"c3":0.565},{"time":0.5333,"y":8.8,"curve":0.567,"c2":0.02,"c3":0.565},{"time":0.6333}]},"r_hand":{"rotate":[{"time":0.1,"curve":0.567,"c2":0.02,"c3":0.565},{"time":0.2333,"angle":57.23,"curve":"stepped"},{"time":0.3333,"angle":57.23,"curve":0.614,"c2":0.14,"c3":0.784,"c4":0.49},{"time":0.4333}],"translate":[{"curve":0.567,"c2":0.02,"c3":0.565},{"time":0.1,"y":-34.81,"curve":0.567,"c2":0.02,"c3":0.565},{"time":0.2333,"x":67.25,"y":8.35,"curve":"stepped"},{"time":0.3333,"x":67.25,"y":8.35,"curve":0.614,"c2":0.14,"c3":0.784,"c4":0.49},{"time":0.4333,"curve":0.567,"c2":0.02,"c3":0.565},{"time":0.5333,"y":-34.81,"curve":0.567,"c2":0.02,"c3":0.565},{"time":0.6333}]},"l_hand":{"rotate":[{"time":0.1,"curve":0.567,"c2":0.02,"c3":0.565},{"time":0.2333,"angle":-70.57,"curve":"stepped"},{"time":0.3333,"angle":-70.57,"curve":0.614,"c2":0.14,"c3":0.784,"c4":0.49},{"time":0.4333}],"translate":[{"curve":0.567,"c2":0.02,"c3":0.565},{"time":0.1,"y":-34.81,"curve":0.567,"c2":0.02,"c3":0.565},{"time":0.2333,"x":-20.45,"y":6.05,"curve":"stepped"},{"time":0.3333,"x":-20.45,"y":6.05,"curve":0.614,"c2":0.14,"c3":0.784,"c4":0.49},{"time":0.4333,"curve":0.567,"c2":0.02,"c3":0.565},{"time":0.5333,"y":-34.81,"curve":0.567,"c2":0.02,"c3":0.565},{"time":0.6333}]},"top3":{"rotate":[{"curve":0.551,"c2":0.02,"c3":0.514},{"time":0.1,"angle":16.53,"curve":"stepped"},{"time":0.3333,"angle":16.53,"curve":0.614,"c2":0.14,"c3":0.784,"c4":0.49},{"time":0.4333,"curve":0.551,"c2":0.02,"c3":0.514},{"time":0.5333,"angle":16.53,"curve":0.551,"c2":0.02,"c3":0.514},{"time":0.6333}]},"top6":{"rotate":[{"curve":0.551,"c2":0.02,"c3":0.514},{"time":0.1,"angle":-6.52,"curve":"stepped"},{"time":0.3333,"angle":-6.52,"curve":0.614,"c2":0.14,"c3":0.784,"c4":0.49},{"time":0.4333,"curve":0.551,"c2":0.02,"c3":0.514},{"time":0.5333,"angle":-6.52,"curve":0.551,"c2":0.02,"c3":0.514},{"time":0.6333}]},"top7":{"rotate":[{"curve":0.551,"c2":0.02,"c3":0.514},{"time":0.1,"angle":-29.56,"curve":"stepped"},{"time":0.3333,"angle":-29.56,"curve":0.614,"c2":0.14,"c3":0.784,"c4":0.49},{"time":0.4333,"curve":0.551,"c2":0.02,"c3":0.514},{"time":0.5333,"angle":-29.56,"curve":0.551,"c2":0.02,"c3":0.514},{"time":0.6333}]},"top4":{"rotate":[{"curve":0.551,"c2":0.02,"c3":0.514},{"time":0.1,"angle":18.71,"curve":"stepped"},{"time":0.3333,"angle":18.71,"curve":0.614,"c2":0.14,"c3":0.784,"c4":0.49},{"time":0.4333,"curve":0.551,"c2":0.02,"c3":0.514},{"time":0.5333,"angle":18.71,"curve":0.551,"c2":0.02,"c3":0.514},{"time":0.6333}]},"shadow":{"scale":[{"curve":0.551,"c2":0.02,"c3":0.514},{"time":0.2333,"x":0.825,"y":0.825,"curve":"stepped"},{"time":0.3333,"x":0.825,"y":0.825,"curve":0.551,"c2":0.02,"c3":0.514},{"time":0.4333}]}}},"attack":{"slots":{"Images/Player/Character/body_2":{"color":[{"color":"ffffff00"}]},"Images/Player/Character/body_3":{"color":[{"color":"ffffff00"}]},"Images/Player/Character/damage_glow":{"color":[{"color":"ffffff00"}]},"Images/Player/Character/l_leg_2":{"color":[{"color":"ffffff00"}]},"Images/Player/Character/r_leg_2":{"color":[{"color":"ffffff00"}]}},"bones":{"body":{"translate":[{"curve":0.489,"c2":0.02,"c3":0.77,"c4":0.47},{"time":0.1333,"y":-33.01,"curve":0.282,"c2":0.45,"c3":0.47},{"time":0.3333}],"scale":[{"curve":0.489,"c2":0.02,"c3":0.77,"c4":0.47},{"time":0.1333,"x":1.099,"y":0.903,"curve":0.282,"c2":0.45,"c3":0.47},{"time":0.3333}]},"r_leg":{"rotate":[{"curve":0.489,"c2":0.02,"c3":0.77,"c4":0.47},{"time":0.1333,"angle":7.54,"curve":0.282,"c2":0.45,"c3":0.47},{"time":0.3333}]},"l_leg":{"rotate":[{"curve":0.489,"c2":0.02,"c3":0.77,"c4":0.47},{"time":0.1333,"angle":-8.58,"curve":0.282,"c2":0.45,"c3":0.47},{"time":0.3333}]},"top":{"translate":[{"curve":0.554,"c2":0.02,"c3":0.753,"c4":0.57},{"time":0.2,"x":-4,"y":-24.28,"curve":0.244,"c2":0.55,"c3":0.518},{"time":0.3333}]},"top7":{"rotate":[{"curve":0.554,"c2":0.02,"c3":0.753,"c4":0.57},{"time":0.2333,"angle":7.12,"curve":0.244,"c2":0.55,"c3":0.518},{"time":0.3333}]},"top6":{"rotate":[{"curve":0.554,"c2":0.02,"c3":0.753,"c4":0.57},{"time":0.2,"angle":7.17,"curve":0.244,"c2":0.55,"c3":0.518},{"time":0.3333}]},"top4":{"rotate":[{"curve":0.554,"c2":0.02,"c3":0.753,"c4":0.57},{"time":0.2333,"angle":-12.91,"curve":0.244,"c2":0.55,"c3":0.518},{"time":0.3333}]},"top3":{"rotate":[{"curve":0.554,"c2":0.02,"c3":0.753,"c4":0.57},{"time":0.2,"angle":-9.46,"curve":0.244,"c2":0.55,"c3":0.518},{"time":0.3333}]}}},"attack_damagex2":{"slots":{"Images/Player/Character/body_2":{"color":[{"color":"ffffff00"}]},"Images/Player/Character/body_3":{"color":[{"color":"ffffffff","curve":0.41,"c2":0.04,"c3":0.732,"c4":0.42},{"time":0.1333,"color":"ffffffb6","curve":0.445,"c2":0.24,"c3":0.664,"c4":0.69},{"time":0.2333,"color":"ffffffff"}]},"Images/Player/Character/damage_glow":{"color":[{"color":"ffffffff","curve":0.41,"c2":0.04,"c3":0.732,"c4":0.42},{"time":0.1333,"color":"ffffffb6","curve":0.445,"c2":0.24,"c3":0.664,"c4":0.69},{"time":0.2333,"color":"ffffffff"}]},"Images/Player/Character/l_leg_2":{"color":[{"color":"ffffffff","curve":0.551,"c2":0.02,"c3":0.514},{"time":0.0667,"color":"ffffffb6","curve":0.551,"c2":0.02,"c3":0.514},{"time":0.2333,"color":"ffffffff"}]},"Images/Player/Character/r_leg_2":{"color":[{"color":"ffffffff","curve":0.551,"c2":0.02,"c3":0.514},{"time":0.1333,"color":"ffffffb6","curve":0.551,"c2":0.02,"c3":0.514},{"time":0.2333,"color":"ffffffff"}]}},"bones":{"body":{"translate":[{"curve":0.489,"c2":0.02,"c3":0.77,"c4":0.47},{"time":0.1333,"y":-33.01,"curve":0.282,"c2":0.45,"c3":0.47},{"time":0.3333}],"scale":[{"curve":0.489,"c2":0.02,"c3":0.77,"c4":0.47},{"time":0.1333,"x":1.099,"y":0.903,"curve":0.282,"c2":0.45,"c3":0.47},{"time":0.3333}]},"r_leg":{"rotate":[{"curve":0.489,"c2":0.02,"c3":0.77,"c4":0.47},{"time":0.1333,"angle":7.54,"curve":0.282,"c2":0.45,"c3":0.47},{"time":0.3333}]},"l_leg":{"rotate":[{"curve":0.489,"c2":0.02,"c3":0.77,"c4":0.47},{"time":0.1333,"angle":-8.58,"curve":0.282,"c2":0.45,"c3":0.47},{"time":0.3333}]},"top":{"translate":[{"curve":0.554,"c2":0.02,"c3":0.753,"c4":0.57},{"time":0.2,"x":-4,"y":-24.28,"curve":0.244,"c2":0.55,"c3":0.518},{"time":0.3333}]},"top7":{"rotate":[{"curve":0.554,"c2":0.02,"c3":0.753,"c4":0.57},{"time":0.2333,"angle":7.12,"curve":0.244,"c2":0.55,"c3":0.518},{"time":0.3333}]},"top6":{"rotate":[{"curve":0.554,"c2":0.02,"c3":0.753,"c4":0.57},{"time":0.2,"angle":7.17,"curve":0.244,"c2":0.55,"c3":0.518},{"time":0.3333}]},"top4":{"rotate":[{"curve":0.554,"c2":0.02,"c3":0.753,"c4":0.57},{"time":0.2333,"angle":-12.91,"curve":0.244,"c2":0.55,"c3":0.518},{"time":0.3333}]},"top3":{"rotate":[{"curve":0.554,"c2":0.02,"c3":0.753,"c4":0.57},{"time":0.2,"angle":-9.46,"curve":0.244,"c2":0.55,"c3":0.518},{"time":0.3333}]}}},"damage":{"slots":{"Images/Player/Character/body_2":{"color":[{"color":"ffffff00"}]},"Images/Player/Character/body_3":{"color":[{"color":"ffffff00"}]},"Images/Player/Character/damage_glow":{"color":[{"color":"ffffff00"}]},"Images/Player/Character/l_leg_2":{"color":[{"color":"ffffff00"}]},"Images/Player/Character/r_leg_2":{"color":[{"color":"ffffff00"}]}},"bones":{"root":{"translate":[{"curve":0.38,"c2":0.05,"c3":0.709,"c4":0.41},{"time":0.0333,"x":22.02,"curve":0.551,"c2":0.02,"c3":0.514},{"time":0.0667,"x":-18.09,"curve":0.551,"c2":0.02,"c3":0.514},{"time":0.1,"x":22.02,"curve":0.551,"c2":0.02,"c3":0.514},{"time":0.1333,"x":-18.09,"curve":0.551,"c2":0.02,"c3":0.514},{"time":0.1667}]},"r_leg":{"rotate":[{"curve":0.525,"c2":0.02,"c3":0.77,"c4":0.51},{"time":0.1333,"angle":-8.96,"curve":0.253,"c2":0.5,"c3":0.489},{"time":0.2667}]},"l_leg":{"rotate":[{"curve":0.525,"c2":0.02,"c3":0.77,"c4":0.51},{"time":0.1333,"angle":10.02,"curve":0.253,"c2":0.5,"c3":0.489},{"time":0.2667}]},"top7":{"rotate":[{"curve":0.525,"c2":0.02,"c3":0.77,"c4":0.51},{"time":0.1333,"angle":22.65,"curve":0.253,"c2":0.5,"c3":0.489},{"time":0.2667}]},"top6":{"rotate":[{"curve":0.525,"c2":0.02,"c3":0.77,"c4":0.51},{"time":0.1333,"angle":25.1,"curve":0.253,"c2":0.5,"c3":0.489},{"time":0.2667}]},"top4":{"rotate":[{"curve":0.525,"c2":0.02,"c3":0.77,"c4":0.51},{"time":0.1333,"angle":-2.53,"curve":0.253,"c2":0.5,"c3":0.489},{"time":0.2667}]},"top3":{"rotate":[{"curve":0.525,"c2":0.02,"c3":0.77,"c4":0.51},{"time":0.1333,"angle":-23.76,"curve":0.253,"c2":0.5,"c3":0.489},{"time":0.2667}]},"top2":{"rotate":[{"curve":0.525,"c2":0.02,"c3":0.77,"c4":0.51},{"time":0.1333,"angle":-3.98,"curve":0.253,"c2":0.5,"c3":0.489},{"time":0.2667}]},"body":{"translate":[{"curve":0.551,"c2":0.02,"c3":0.514},{"time":0.1333,"y":-26.97,"curve":0.551,"c2":0.02,"c3":0.514},{"time":0.2667}],"scale":[{"curve":0.551,"c2":0.02,"c3":0.514},{"time":0.1333,"x":1.062,"y":0.917,"curve":0.551,"c2":0.02,"c3":0.514},{"time":0.2667}]}}},"damage_paint":{"slots":{"Images/Player/Character/body_2":{"color":[{"color":"ffffff00","curve":0.551,"c2":0.02,"c3":0.514},{"time":0.0333,"color":"ffffffff"}]},"Images/Player/Character/body_3":{"color":[{"color":"ffffff00"}]},"Images/Player/Character/damage_glow":{"color":[{"color":"ffffff00"}]},"Images/Player/Character/l_leg_2":{"color":[{"color":"ffffff00"}]},"Images/Player/Character/r_leg_2":{"color":[{"color":"ffffff00"}]}},"bones":{"root":{"translate":[{"curve":0.38,"c2":0.05,"c3":0.709,"c4":0.41},{"time":0.0333,"x":22.02,"curve":0.551,"c2":0.02,"c3":0.514},{"time":0.0667,"x":-18.09,"curve":0.551,"c2":0.02,"c3":0.514},{"time":0.1,"x":22.02,"curve":0.551,"c2":0.02,"c3":0.514},{"time":0.1333,"x":-18.09,"curve":0.551,"c2":0.02,"c3":0.514},{"time":0.1667}]},"r_leg":{"rotate":[{"curve":0.525,"c2":0.02,"c3":0.77,"c4":0.51},{"time":0.1333,"angle":-8.96,"curve":0.253,"c2":0.5,"c3":0.489},{"time":0.2667}]},"l_leg":{"rotate":[{"curve":0.525,"c2":0.02,"c3":0.77,"c4":0.51},{"time":0.1333,"angle":10.02,"curve":0.253,"c2":0.5,"c3":0.489},{"time":0.2667}]},"top7":{"rotate":[{"curve":0.525,"c2":0.02,"c3":0.77,"c4":0.51},{"time":0.1333,"angle":22.65,"curve":0.253,"c2":0.5,"c3":0.489},{"time":0.2667}]},"top6":{"rotate":[{"curve":0.525,"c2":0.02,"c3":0.77,"c4":0.51},{"time":0.1333,"angle":25.1,"curve":0.253,"c2":0.5,"c3":0.489},{"time":0.2667}]},"top4":{"rotate":[{"curve":0.525,"c2":0.02,"c3":0.77,"c4":0.51},{"time":0.1333,"angle":-2.53,"curve":0.253,"c2":0.5,"c3":0.489},{"time":0.2667}]},"top3":{"rotate":[{"curve":0.525,"c2":0.02,"c3":0.77,"c4":0.51},{"time":0.1333,"angle":-23.76,"curve":0.253,"c2":0.5,"c3":0.489},{"time":0.2667}]},"top2":{"rotate":[{"curve":0.525,"c2":0.02,"c3":0.77,"c4":0.51},{"time":0.1333,"angle":-3.98,"curve":0.253,"c2":0.5,"c3":0.489},{"time":0.2667}]},"body":{"translate":[{"curve":0.551,"c2":0.02,"c3":0.514},{"time":0.1333,"y":-26.97,"curve":0.551,"c2":0.02,"c3":0.514},{"time":0.2667}],"scale":[{"curve":0.551,"c2":0.02,"c3":0.514},{"time":0.1333,"x":1.062,"y":0.917,"curve":0.551,"c2":0.02,"c3":0.514},{"time":0.2667}]}}},"idle":{"slots":{"Images/Player/Character/body_2":{"color":[{"color":"ffffff00"}]},"Images/Player/Character/body_3":{"color":[{"color":"ffffff00"}]},"Images/Player/Character/damage_glow":{"color":[{"color":"ffffff00"}]},"Images/Player/Character/l_leg_2":{"color":[{"color":"ffffff00"}]},"Images/Player/Character/r_leg_2":{"color":[{"color":"ffffff00"}]}},"bones":{"body":{"translate":[{"curve":0.551,"c2":0.02,"c3":0.514},{"time":1,"y":18.62,"curve":0.551,"c2":0.02,"c3":0.514},{"time":2,"curve":0.551,"c2":0.02,"c3":0.514},{"time":3,"y":18.62,"curve":0.551,"c2":0.02,"c3":0.514},{"time":4}],"scale":[{"curve":0.551,"c2":0.02,"c3":0.514},{"time":1,"x":0.983,"y":1.052,"curve":0.551,"c2":0.02,"c3":0.514},{"time":2,"curve":0.551,"c2":0.02,"c3":0.514},{"time":3,"x":0.983,"y":1.052,"curve":0.551,"c2":0.02,"c3":0.514},{"time":4}]},"r_leg":{"translate":[{"curve":0.551,"c2":0.02,"c3":0.514},{"time":1,"x":7,"curve":0.551,"c2":0.02,"c3":0.514},{"time":2,"curve":0.551,"c2":0.02,"c3":0.514},{"time":3,"x":7,"curve":0.551,"c2":0.02,"c3":0.514},{"time":4}]},"l_leg":{"translate":[{"curve":0.551,"c2":0.02,"c3":0.514},{"time":1,"x":-9,"curve":0.551,"c2":0.02,"c3":0.514},{"time":2,"curve":0.551,"c2":0.02,"c3":0.514},{"time":3,"x":-9,"curve":0.551,"c2":0.02,"c3":0.514},{"time":4}]},"top":{"translate":[{"curve":0.551,"c2":0.02,"c3":0.514},{"time":1,"y":19.33,"curve":"stepped"},{"time":3,"y":19.33,"curve":0.551,"c2":0.02,"c3":0.514},{"time":4}]},"r_hand":{"translate":[{"curve":0.551,"c2":0.02,"c3":0.514},{"time":1,"y":-24.69,"curve":0.551,"c2":0.02,"c3":0.514},{"time":2,"curve":0.551,"c2":0.02,"c3":0.514},{"time":3,"y":-24.69,"curve":0.551,"c2":0.02,"c3":0.514},{"time":4}]},"l_hand":{"translate":[{"curve":0.551,"c2":0.02,"c3":0.514},{"time":1,"y":-24.69,"curve":0.551,"c2":0.02,"c3":0.514},{"time":2,"curve":0.551,"c2":0.02,"c3":0.514},{"time":3,"y":-24.69,"curve":0.551,"c2":0.02,"c3":0.514},{"time":4}]},"top7":{"rotate":[{"curve":0.551,"c2":0.02,"c3":0.514},{"time":1,"angle":11.71,"curve":0.551,"c2":0.02,"c3":0.514},{"time":3,"angle":-24.44,"curve":0.551,"c2":0.02,"c3":0.514},{"time":4}]},"top6":{"rotate":[{"curve":0.551,"c2":0.02,"c3":0.514},{"time":1,"angle":15.04,"curve":0.551,"c2":0.02,"c3":0.514},{"time":3,"angle":-13.33,"curve":0.551,"c2":0.02,"c3":0.514},{"time":4}]},"top5":{"rotate":[{"curve":0.551,"c2":0.02,"c3":0.514},{"time":1,"angle":-0.32,"curve":0.551,"c2":0.02,"c3":0.514},{"time":3,"angle":2.83,"curve":0.551,"c2":0.02,"c3":0.514},{"time":4}]},"top4":{"rotate":[{"curve":0.551,"c2":0.02,"c3":0.514},{"time":1,"angle":-12.12,"curve":0.551,"c2":0.02,"c3":0.514},{"time":3,"angle":10.06,"curve":0.551,"c2":0.02,"c3":0.514},{"time":4}]},"top3":{"rotate":[{"curve":0.551,"c2":0.02,"c3":0.514},{"time":1,"angle":-7.39,"curve":0.551,"c2":0.02,"c3":0.514},{"time":3,"angle":13.45,"curve":0.551,"c2":0.02,"c3":0.514},{"time":4}]},"top2":{"rotate":[{"curve":0.551,"c2":0.02,"c3":0.514},{"time":1,"angle":-4.96,"curve":0.551,"c2":0.02,"c3":0.514},{"time":3,"angle":-4.92,"curve":0.551,"c2":0.02,"c3":0.514},{"time":4}]}}},"idle_damagex2":{"slots":{"Images/Player/Character/body_2":{"color":[{"color":"ffffff00"}]},"Images/Player/Character/body_3":{"color":[{"color":"ffffffff","curve":0.551,"c2":0.02,"c3":0.514},{"time":0.5,"color":"ffffff9a","curve":0.551,"c2":0.02,"c3":0.514},{"time":1,"color":"ffffffff","curve":0.551,"c2":0.02,"c3":0.514},{"time":1.5,"color":"ffffff9a","curve":0.551,"c2":0.02,"c3":0.514},{"time":2,"color":"ffffffff"}]},"Images/Player/Character/damage_glow":{"color":[{"color":"ffffffff","curve":0.551,"c2":0.02,"c3":0.514},{"time":0.5,"color":"ffffff9a","curve":0.551,"c2":0.02,"c3":0.514},{"time":1,"color":"ffffffff","curve":0.551,"c2":0.02,"c3":0.514},{"time":1.5,"color":"ffffff9a","curve":0.551,"c2":0.02,"c3":0.514},{"time":2,"color":"ffffffff"}]},"Images/Player/Character/l_leg_2":{"color":[{"color":"ffffffff","curve":0.551,"c2":0.02,"c3":0.514},{"time":0.5,"color":"ffffff6a","curve":0.551,"c2":0.02,"c3":0.514},{"time":1,"color":"ffffffff","curve":0.551,"c2":0.02,"c3":0.514},{"time":1.5,"color":"ffffff6a","curve":0.551,"c2":0.02,"c3":0.514},{"time":2,"color":"ffffffff"}]},"Images/Player/Character/r_leg_2":{"color":[{"color":"ffffffff","curve":0.551,"c2":0.02,"c3":0.514},{"time":0.5,"color":"ffffff6a","curve":0.551,"c2":0.02,"c3":0.514},{"time":1,"color":"ffffffff","curve":0.551,"c2":0.02,"c3":0.514},{"time":1.5,"color":"ffffff6a","curve":0.551,"c2":0.02,"c3":0.514},{"time":2,"color":"ffffffff"}]}},"bones":{"body":{"translate":[{"curve":0.551,"c2":0.02,"c3":0.514},{"time":0.5,"y":18.62,"curve":0.551,"c2":0.02,"c3":0.514},{"time":1,"curve":0.551,"c2":0.02,"c3":0.514},{"time":1.5,"y":18.62,"curve":0.551,"c2":0.02,"c3":0.514},{"time":2}],"scale":[{"curve":0.551,"c2":0.02,"c3":0.514},{"time":0.5,"x":0.983,"y":1.052,"curve":0.551,"c2":0.02,"c3":0.514},{"time":1,"curve":0.551,"c2":0.02,"c3":0.514},{"time":1.5,"x":0.983,"y":1.052,"curve":0.551,"c2":0.02,"c3":0.514},{"time":2}]},"r_leg":{"translate":[{"curve":0.551,"c2":0.02,"c3":0.514},{"time":0.5,"x":7,"curve":0.551,"c2":0.02,"c3":0.514},{"time":1,"curve":0.551,"c2":0.02,"c3":0.514},{"time":1.5,"x":7,"curve":0.551,"c2":0.02,"c3":0.514},{"time":2}]},"l_leg":{"translate":[{"curve":0.551,"c2":0.02,"c3":0.514},{"time":0.5,"x":-9,"curve":0.551,"c2":0.02,"c3":0.514},{"time":1,"curve":0.551,"c2":0.02,"c3":0.514},{"time":1.5,"x":-9,"curve":0.551,"c2":0.02,"c3":0.514},{"time":2}]},"top":{"translate":[{"curve":0.551,"c2":0.02,"c3":0.514},{"time":0.5,"y":19.33,"curve":"stepped"},{"time":1.5,"y":19.33,"curve":0.551,"c2":0.02,"c3":0.514},{"time":2}]},"r_hand":{"translate":[{"curve":0.551,"c2":0.02,"c3":0.514},{"time":0.5,"y":-24.69,"curve":0.551,"c2":0.02,"c3":0.514},{"time":1,"curve":0.551,"c2":0.02,"c3":0.514},{"time":1.5,"y":-24.69,"curve":0.551,"c2":0.02,"c3":0.514},{"time":2}]},"l_hand":{"translate":[{"curve":0.551,"c2":0.02,"c3":0.514},{"time":0.5,"y":-24.69,"curve":0.551,"c2":0.02,"c3":0.514},{"time":1,"curve":0.551,"c2":0.02,"c3":0.514},{"time":1.5,"y":-24.69,"curve":0.551,"c2":0.02,"c3":0.514},{"time":2}]},"top7":{"rotate":[{"curve":0.551,"c2":0.02,"c3":0.514},{"time":0.5,"angle":11.71,"curve":0.551,"c2":0.02,"c3":0.514},{"time":1.5,"angle":-24.44,"curve":0.551,"c2":0.02,"c3":0.514},{"time":2}]},"top6":{"rotate":[{"curve":0.551,"c2":0.02,"c3":0.514},{"time":0.5,"angle":15.04,"curve":0.551,"c2":0.02,"c3":0.514},{"time":1.5,"angle":-13.33,"curve":0.551,"c2":0.02,"c3":0.514},{"time":2}]},"top5":{"rotate":[{"curve":0.551,"c2":0.02,"c3":0.514},{"time":0.5,"angle":-0.32,"curve":0.551,"c2":0.02,"c3":0.514},{"time":1.5,"angle":2.83,"curve":0.551,"c2":0.02,"c3":0.514},{"time":2}]},"top4":{"rotate":[{"curve":0.551,"c2":0.02,"c3":0.514},{"time":0.5,"angle":-12.12,"curve":0.551,"c2":0.02,"c3":0.514},{"time":1.5,"angle":10.06,"curve":0.551,"c2":0.02,"c3":0.514},{"time":2}]},"top3":{"rotate":[{"curve":0.551,"c2":0.02,"c3":0.514},{"time":0.5,"angle":-7.39,"curve":0.551,"c2":0.02,"c3":0.514},{"time":1.5,"angle":13.45,"curve":0.551,"c2":0.02,"c3":0.514},{"time":2}]},"top2":{"rotate":[{"curve":0.551,"c2":0.02,"c3":0.514},{"time":0.5,"angle":-4.96,"curve":0.551,"c2":0.02,"c3":0.514},{"time":1.5,"angle":-4.92,"curve":0.551,"c2":0.02,"c3":0.514},{"time":2}]}}},"idle_paint":{"slots":{"Images/Player/Character/body_2":{"color":[{"color":"ffffffff","curve":0.551,"c2":0.02,"c3":0.514},{"time":1,"color":"ffffff00"}]},"Images/Player/Character/body_3":{"color":[{"color":"ffffff00"}]},"Images/Player/Character/damage_glow":{"color":[{"color":"ffffff00"}]},"Images/Player/Character/l_leg_2":{"color":[{"color":"ffffff00"}]},"Images/Player/Character/r_leg_2":{"color":[{"color":"ffffff00"}]}},"bones":{"body":{"translate":[{"curve":0.551,"c2":0.02,"c3":0.514},{"time":1,"y":18.62,"curve":0.551,"c2":0.02,"c3":0.514},{"time":2,"curve":0.551,"c2":0.02,"c3":0.514},{"time":3,"y":18.62,"curve":0.551,"c2":0.02,"c3":0.514},{"time":4}],"scale":[{"curve":0.551,"c2":0.02,"c3":0.514},{"time":1,"x":0.983,"y":1.052,"curve":0.551,"c2":0.02,"c3":0.514},{"time":2,"curve":0.551,"c2":0.02,"c3":0.514},{"time":3,"x":0.983,"y":1.052,"curve":0.551,"c2":0.02,"c3":0.514},{"time":4}]},"r_leg":{"translate":[{"curve":0.551,"c2":0.02,"c3":0.514},{"time":1,"x":7,"curve":0.551,"c2":0.02,"c3":0.514},{"time":2,"curve":0.551,"c2":0.02,"c3":0.514},{"time":3,"x":7,"curve":0.551,"c2":0.02,"c3":0.514},{"time":4}]},"l_leg":{"translate":[{"curve":0.551,"c2":0.02,"c3":0.514},{"time":1,"x":-9,"curve":0.551,"c2":0.02,"c3":0.514},{"time":2,"curve":0.551,"c2":0.02,"c3":0.514},{"time":3,"x":-9,"curve":0.551,"c2":0.02,"c3":0.514},{"time":4}]},"top":{"translate":[{"curve":0.551,"c2":0.02,"c3":0.514},{"time":1,"y":19.33,"curve":"stepped"},{"time":3,"y":19.33,"curve":0.551,"c2":0.02,"c3":0.514},{"time":4}]},"r_hand":{"translate":[{"curve":0.551,"c2":0.02,"c3":0.514},{"time":1,"y":-24.69,"curve":0.551,"c2":0.02,"c3":0.514},{"time":2,"curve":0.551,"c2":0.02,"c3":0.514},{"time":3,"y":-24.69,"curve":0.551,"c2":0.02,"c3":0.514},{"time":4}]},"l_hand":{"translate":[{"curve":0.551,"c2":0.02,"c3":0.514},{"time":1,"y":-24.69,"curve":0.551,"c2":0.02,"c3":0.514},{"time":2,"curve":0.551,"c2":0.02,"c3":0.514},{"time":3,"y":-24.69,"curve":0.551,"c2":0.02,"c3":0.514},{"time":4}]},"top7":{"rotate":[{"curve":0.551,"c2":0.02,"c3":0.514},{"time":1,"angle":11.71,"curve":0.551,"c2":0.02,"c3":0.514},{"time":3,"angle":-24.44,"curve":0.551,"c2":0.02,"c3":0.514},{"time":4}]},"top6":{"rotate":[{"curve":0.551,"c2":0.02,"c3":0.514},{"time":1,"angle":15.04,"curve":0.551,"c2":0.02,"c3":0.514},{"time":3,"angle":-13.33,"curve":0.551,"c2":0.02,"c3":0.514},{"time":4}]},"top5":{"rotate":[{"curve":0.551,"c2":0.02,"c3":0.514},{"time":1,"angle":-0.32,"curve":0.551,"c2":0.02,"c3":0.514},{"time":3,"angle":2.83,"curve":0.551,"c2":0.02,"c3":0.514},{"time":4}]},"top4":{"rotate":[{"curve":0.551,"c2":0.02,"c3":0.514},{"time":1,"angle":-12.12,"curve":0.551,"c2":0.02,"c3":0.514},{"time":3,"angle":10.06,"curve":0.551,"c2":0.02,"c3":0.514},{"time":4}]},"top3":{"rotate":[{"curve":0.551,"c2":0.02,"c3":0.514},{"time":1,"angle":-7.39,"curve":0.551,"c2":0.02,"c3":0.514},{"time":3,"angle":13.45,"curve":0.551,"c2":0.02,"c3":0.514},{"time":4}]},"top2":{"rotate":[{"curve":0.551,"c2":0.02,"c3":0.514},{"time":1,"angle":-4.96,"curve":0.551,"c2":0.02,"c3":0.514},{"time":3,"angle":-4.92,"curve":0.551,"c2":0.02,"c3":0.514},{"time":4}]}}},"jump_down":{"slots":{"Images/Player/Character/body_2":{"color":[{"color":"ffffff00"}]},"Images/Player/Character/body_3":{"color":[{"color":"ffffff00"}]},"Images/Player/Character/damage_glow":{"color":[{"color":"ffffff00"}]},"Images/Player/Character/l_leg_2":{"color":[{"color":"ffffff00"}]},"Images/Player/Character/r_leg_2":{"color":[{"color":"ffffff00"}]},"Images/Player/Character/shadow":{"color":[{"color":"ffffff6c","curve":0.551,"c2":0.02,"c3":0.514},{"time":0.1,"color":"ffffffff"}]}},"bones":{"body":{"translate":[{"y":280.74,"curve":0.614,"c2":0.14,"c3":0.784,"c4":0.49},{"time":0.1,"curve":0.567,"c2":0.02,"c3":0.565},{"time":0.2,"y":-10.43,"curve":0.567,"c2":0.02,"c3":0.565},{"time":0.3}],"scale":[{"x":0.831,"y":0.988,"curve":0.614,"c2":0.14,"c3":0.784,"c4":0.49},{"time":0.1,"curve":0.567,"c2":0.02,"c3":0.565},{"time":0.2,"x":1.066,"y":0.958,"curve":0.567,"c2":0.02,"c3":0.565},{"time":0.3}]},"r_leg":{"rotate":[{"angle":-70.23,"curve":0.614,"c2":0.14,"c3":0.784,"c4":0.49},{"time":0.1,"curve":0.567,"c2":0.02,"c3":0.565},{"time":0.2,"angle":-5.04,"curve":0.567,"c2":0.02,"c3":0.565},{"time":0.3}],"translate":[{"x":-22.02,"y":7.56,"curve":0.614,"c2":0.14,"c3":0.784,"c4":0.49},{"time":0.1}]},"l_leg":{"rotate":[{"angle":66.68,"curve":0.614,"c2":0.14,"c3":0.784,"c4":0.49},{"time":0.1,"curve":0.567,"c2":0.02,"c3":0.565},{"time":0.2,"angle":5.79,"curve":0.567,"c2":0.02,"c3":0.565},{"time":0.3}]},"top":{"translate":[{"y":8.8,"curve":0.614,"c2":0.14,"c3":0.784,"c4":0.49},{"time":0.1,"curve":0.567,"c2":0.02,"c3":0.565},{"time":0.2,"y":8.8,"curve":0.567,"c2":0.02,"c3":0.565},{"time":0.3}]},"r_hand":{"rotate":[{"angle":57.23,"curve":0.614,"c2":0.14,"c3":0.784,"c4":0.49},{"time":0.1}],"translate":[{"x":67.25,"y":8.35,"curve":0.614,"c2":0.14,"c3":0.784,"c4":0.49},{"time":0.1,"curve":0.567,"c2":0.02,"c3":0.565},{"time":0.2,"y":-34.81,"curve":0.567,"c2":0.02,"c3":0.565},{"time":0.3}]},"l_hand":{"rotate":[{"angle":-70.57,"curve":0.614,"c2":0.14,"c3":0.784,"c4":0.49},{"time":0.1}],"translate":[{"x":-20.45,"y":6.05,"curve":0.614,"c2":0.14,"c3":0.784,"c4":0.49},{"time":0.1,"curve":0.567,"c2":0.02,"c3":0.565},{"time":0.2,"y":-34.81,"curve":0.567,"c2":0.02,"c3":0.565},{"time":0.3}]},"top3":{"rotate":[{"angle":16.53,"curve":0.614,"c2":0.14,"c3":0.784,"c4":0.49},{"time":0.1,"curve":0.551,"c2":0.02,"c3":0.514},{"time":0.2,"angle":16.53,"curve":0.551,"c2":0.02,"c3":0.514},{"time":0.3}]},"top6":{"rotate":[{"angle":-6.52,"curve":0.614,"c2":0.14,"c3":0.784,"c4":0.49},{"time":0.1,"curve":0.551,"c2":0.02,"c3":0.514},{"time":0.2,"angle":-6.52,"curve":0.551,"c2":0.02,"c3":0.514},{"time":0.3}]},"top7":{"rotate":[{"angle":-29.56,"curve":0.614,"c2":0.14,"c3":0.784,"c4":0.49},{"time":0.1,"curve":0.551,"c2":0.02,"c3":0.514},{"time":0.2,"angle":-29.56,"curve":0.551,"c2":0.02,"c3":0.514},{"time":0.3}]},"top4":{"rotate":[{"angle":18.71,"curve":0.614,"c2":0.14,"c3":0.784,"c4":0.49},{"time":0.1,"curve":0.551,"c2":0.02,"c3":0.514},{"time":0.2,"angle":18.71,"curve":0.551,"c2":0.02,"c3":0.514},{"time":0.3}]},"shadow":{"scale":[{"x":0.825,"y":0.825,"curve":0.551,"c2":0.02,"c3":0.514},{"time":0.1}]}}},"jump_up":{"slots":{"Images/Player/Character/body_2":{"color":[{"color":"ffffff00"}]},"Images/Player/Character/body_3":{"color":[{"color":"ffffff00"}]},"Images/Player/Character/damage_glow":{"color":[{"color":"ffffff00"}]},"Images/Player/Character/l_leg_2":{"color":[{"color":"ffffff00"}]},"Images/Player/Character/r_leg_2":{"color":[{"color":"ffffff00"}]},"Images/Player/Character/shadow":{"color":[{"color":"ffffffff","curve":0.551,"c2":0.02,"c3":0.514},{"time":0.2333,"color":"ffffff6c"}]}},"bones":{"body":{"translate":[{"curve":0.567,"c2":0.02,"c3":0.565},{"time":0.1,"y":-10.43,"curve":0.567,"c2":0.02,"c3":0.565},{"time":0.2333,"y":280.74}],"scale":[{"curve":0.567,"c2":0.02,"c3":0.565},{"time":0.1,"x":1.066,"y":0.958,"curve":0.567,"c2":0.02,"c3":0.565},{"time":0.2333,"x":0.831,"y":0.988}]},"r_leg":{"rotate":[{"curve":0.567,"c2":0.02,"c3":0.565},{"time":0.1,"angle":-5.04,"curve":0.567,"c2":0.02,"c3":0.565},{"time":0.2333,"angle":-70.23}],"translate":[{"time":0.1,"curve":0.567,"c2":0.02,"c3":0.565},{"time":0.2333,"x":-22.02,"y":7.56}]},"l_leg":{"rotate":[{"curve":0.567,"c2":0.02,"c3":0.565},{"time":0.1,"angle":5.79,"curve":0.567,"c2":0.02,"c3":0.565},{"time":0.2333,"angle":66.68}]},"top":{"translate":[{"curve":0.567,"c2":0.02,"c3":0.565},{"time":0.1,"y":8.8}]},"r_hand":{"rotate":[{"time":0.1,"curve":0.567,"c2":0.02,"c3":0.565},{"time":0.2333,"angle":57.23}],"translate":[{"curve":0.567,"c2":0.02,"c3":0.565},{"time":0.1,"y":-34.81,"curve":0.567,"c2":0.02,"c3":0.565},{"time":0.2333,"x":67.25,"y":8.35}]},"l_hand":{"rotate":[{"time":0.1,"curve":0.567,"c2":0.02,"c3":0.565},{"time":0.2333,"angle":-70.57}],"translate":[{"curve":0.567,"c2":0.02,"c3":0.565},{"time":0.1,"y":-34.81,"curve":0.567,"c2":0.02,"c3":0.565},{"time":0.2333,"x":-20.45,"y":6.05}]},"top3":{"rotate":[{"curve":0.551,"c2":0.02,"c3":0.514},{"time":0.1,"angle":16.53}]},"top6":{"rotate":[{"curve":0.551,"c2":0.02,"c3":0.514},{"time":0.1,"angle":-6.52}]},"top7":{"rotate":[{"curve":0.551,"c2":0.02,"c3":0.514},{"time":0.1,"angle":-29.56}]},"top4":{"rotate":[{"curve":0.551,"c2":0.02,"c3":0.514},{"time":0.1,"angle":18.71}]},"shadow":{"scale":[{"curve":0.551,"c2":0.02,"c3":0.514},{"time":0.2333,"x":0.825,"y":0.825}]}}},"jump_up_deactivate_damagex2":{"slots":{"Images/Player/Character/body_2":{"color":[{"color":"ffffff00"}]},"Images/Player/Character/body_3":{"color":[{"time":0.1,"color":"ffffffff","curve":0.551,"c2":0.02,"c3":0.514},{"time":0.2333,"color":"ffffff00"}]},"Images/Player/Character/damage_glow":{"color":[{"time":0.1,"color":"ffffffff","curve":0.551,"c2":0.02,"c3":0.514},{"time":0.2333,"color":"ffffff00"}]},"Images/Player/Character/l_leg_2":{"color":[{"time":0.1,"color":"ffffffff","curve":0.551,"c2":0.02,"c3":0.514},{"time":0.2333,"color":"ffffff00"}]},"Images/Player/Character/r_leg_2":{"color":[{"time":0.1,"color":"ffffffff","curve":0.551,"c2":0.02,"c3":0.514},{"time":0.2333,"color":"ffffff00"}]},"Images/Player/Character/shadow":{"color":[{"color":"ffffffff","curve":0.551,"c2":0.02,"c3":0.514},{"time":0.2333,"color":"ffffff6c"}]}},"bones":{"body":{"translate":[{"curve":0.567,"c2":0.02,"c3":0.565},{"time":0.1,"y":-10.43,"curve":0.567,"c2":0.02,"c3":0.565},{"time":0.2333,"y":280.74}],"scale":[{"curve":0.567,"c2":0.02,"c3":0.565},{"time":0.1,"x":1.066,"y":0.958,"curve":0.567,"c2":0.02,"c3":0.565},{"time":0.2333,"x":0.831,"y":0.988}]},"r_leg":{"rotate":[{"curve":0.567,"c2":0.02,"c3":0.565},{"time":0.1,"angle":-5.04,"curve":0.567,"c2":0.02,"c3":0.565},{"time":0.2333,"angle":-70.23}],"translate":[{"time":0.1,"curve":0.567,"c2":0.02,"c3":0.565},{"time":0.2333,"x":-22.02,"y":7.56}]},"l_leg":{"rotate":[{"curve":0.567,"c2":0.02,"c3":0.565},{"time":0.1,"angle":5.79,"curve":0.567,"c2":0.02,"c3":0.565},{"time":0.2333,"angle":66.68}]},"top":{"translate":[{"curve":0.567,"c2":0.02,"c3":0.565},{"time":0.1,"y":8.8}]},"r_hand":{"rotate":[{"time":0.1,"curve":0.567,"c2":0.02,"c3":0.565},{"time":0.2333,"angle":57.23}],"translate":[{"curve":0.567,"c2":0.02,"c3":0.565},{"time":0.1,"y":-34.81,"curve":0.567,"c2":0.02,"c3":0.565},{"time":0.2333,"x":67.25,"y":8.35}]},"l_hand":{"rotate":[{"time":0.1,"curve":0.567,"c2":0.02,"c3":0.565},{"time":0.2333,"angle":-70.57}],"translate":[{"curve":0.567,"c2":0.02,"c3":0.565},{"time":0.1,"y":-34.81,"curve":0.567,"c2":0.02,"c3":0.565},{"time":0.2333,"x":-20.45,"y":6.05}]},"top3":{"rotate":[{"curve":0.551,"c2":0.02,"c3":0.514},{"time":0.1,"angle":16.53}]},"top6":{"rotate":[{"curve":0.551,"c2":0.02,"c3":0.514},{"time":0.1,"angle":-6.52}]},"top7":{"rotate":[{"curve":0.551,"c2":0.02,"c3":0.514},{"time":0.1,"angle":-29.56}]},"top4":{"rotate":[{"curve":0.551,"c2":0.02,"c3":0.514},{"time":0.1,"angle":18.71}]},"shadow":{"scale":[{"curve":0.551,"c2":0.02,"c3":0.514},{"time":0.2333,"x":0.825,"y":0.825}]}}}}}