{"skeleton":{"hash":"D5EB/tv34YSPuE7VPER51k3IPcc","spine":"3.8.95","x":-60.86,"y":-105.85,"width":123.08,"height":201.05},"bones":[{"name":"root","scaleX":0.17,"scaleY":0.17},{"name":"body","parent":"root","x":0.08,"y":-503.42},{"name":"mouth","parent":"body","y":171.74},{"name":"poof","parent":"root","x":1.66,"y":-269.88},{"name":"hair","parent":"body","x":1.18,"y":365.28},{"name":"hat","parent":"body","x":148.42,"y":414.82}],"slots":[{"name":"Pudding_monster/platform","bone":"root","attachment":"Pudding_monster/platform"},{"name":"Pudding_monster_body2","bone":"body","attachment":"Pudding_monster/body"},{"name":"Pudding_monster/body_02","bone":"body","attachment":"Pudding_monster/body_02"},{"name":"Pudding_monster/body_03","bone":"body","attachment":"Pudding_monster/body_03"},{"name":"Puding_monster_mouth","bone":"mouth","attachment":"Pudding_monster/mouth_01"},{"name":"Pudding_monster_hair2","bone":"hair","attachment":"Pudding_monster/hair"},{"name":"Pudding_monster_hat","bone":"hat","attachment":"Pudding_monster/hat"},{"name":"Poof/poof_2","bone":"poof","attachment":"Poof/poof_01"}],"skins":[{"name":"default","attachments":{"Poof/poof_2":{"Poof/poof_01":{"x":2.32,"y":25.71,"width":724,"height":757},"Poof/poof_02":{"x":2.32,"y":25.71,"width":724,"height":757},"Poof/poof_03":{"x":2.32,"y":25.71,"width":724,"height":757},"Poof/poof_04":{"x":2.32,"y":25.71,"width":724,"height":757},"Poof/poof_05":{"x":2.32,"y":25.71,"width":724,"height":757},"Poof/poof_06":{"x":2.32,"y":25.71,"width":724,"height":757},"Poof/poof_07":{"x":2.32,"y":25.71,"width":724,"height":757},"Poof/poof_08":{"x":2.32,"y":25.71,"width":724,"height":757},"Poof/poof_09":{"x":2.32,"y":25.71,"width":724,"height":757}},"Pudding_monster/body_02":{"Pudding_monster/body_02":{"x":-0.08,"y":503.42,"width":580,"height":1120}},"Pudding_monster/body_03":{"Pudding_monster/body_03":{"x":-0.08,"y":503.42,"width":580,"height":1120}},"Pudding_monster/platform":{"Pudding_monster/platform":{"width":580,"height":1120}},"Pudding_monster_body2":{"Pudding_monster/body":{"x":-0.08,"y":503.42,"width":580,"height":1120}},"Pudding_monster_hair2":{"Pudding_monster/hair":{"x":-1.27,"y":138.14,"width":580,"height":1120}},"Pudding_monster_hat":{"Pudding_monster/hat":{"x":-148.5,"y":88.6,"width":580,"height":1120}},"Puding_monster_mouth":{"Pudding_monster/mouth_01":{"x":-0.08,"y":331.68,"width":580,"height":1120},"Pudding_monster/mouth_02":{"x":-0.08,"y":331.68,"width":580,"height":1120},"Pudding_monster/mouth_03":{"x":-0.08,"y":331.68,"width":580,"height":1120},"Pudding_monster/mouth_04":{"x":-0.08,"y":331.68,"width":580,"height":1120},"Pudding_monster/mouth_05":{"x":-0.08,"y":331.68,"width":580,"height":1120}}}}],"animations":{"damage":{"slots":{"Poof/poof_2":{"attachment":[{"name":null}]},"Pudding_monster/body_02":{"color":[{"color":"ffffff00"}]},"Pudding_monster/body_03":{"color":[{"color":"ffffff00"}]},"Puding_monster_mouth":{"attachment":[{"time":0.0333,"name":"Pudding_monster/mouth_02"},{"time":0.0667,"name":"Pudding_monster/mouth_03"},{"time":0.1,"name":"Pudding_monster/mouth_04"},{"time":0.1333,"name":"Pudding_monster/mouth_05"}]}},"bones":{"root":{"translate":[{"curve":0.551,"c2":0.02,"c3":0.514},{"time":0.0333,"x":18.46,"curve":0.551,"c2":0.02,"c3":0.514},{"time":0.0667,"x":-18.46,"curve":0.551,"c2":0.02,"c3":0.514},{"time":0.1,"x":18.46,"curve":0.551,"c2":0.02,"c3":0.514},{"time":0.1333,"x":-21.81,"curve":0.551,"c2":0.02,"c3":0.514},{"time":0.1667}]},"body":{"scale":[{"curve":0.551,"c2":0.02,"c3":0.514},{"time":0.1667,"x":1.054,"y":0.928}]},"hair":{"translate":[{"curve":0.551,"c2":0.02,"c3":0.514},{"time":0.1,"y":-18.37}],"scale":[{"curve":0.551,"c2":0.02,"c3":0.514},{"time":0.1,"x":1.056,"y":1.222}]},"hat":{"rotate":[{"curve":0.551,"c2":0.02,"c3":0.514},{"time":0.1,"angle":-15.25}],"translate":[{"curve":0.551,"c2":0.02,"c3":0.514},{"time":0.1,"x":24.91,"y":-19.33}]}}},"die":{"slots":{"Poof/poof_2":{"attachment":[{"name":null},{"time":0.0667,"name":"Poof/poof_01"},{"time":0.1,"name":"Poof/poof_02"},{"time":0.1333,"name":"Poof/poof_03"},{"time":0.1667,"name":"Poof/poof_04"},{"time":0.2,"name":"Poof/poof_05"},{"time":0.2333,"name":"Poof/poof_06"},{"time":0.2667,"name":"Poof/poof_07"},{"time":0.3,"name":"Poof/poof_08"},{"time":0.3333,"name":"Poof/poof_09"},{"time":0.3667,"name":null}]},"Pudding_monster/body_02":{"color":[{"color":"ffffff00"}]},"Pudding_monster/body_03":{"color":[{"color":"ffffff00"}]},"Pudding_monster/platform":{"color":[{"color":"ffffffff","curve":0.551,"c2":0.02,"c3":0.514},{"time":0.1,"color":"ffffff00"}]},"Pudding_monster_body2":{"color":[{"color":"ffffffff","curve":0.551,"c2":0.02,"c3":0.514},{"time":0.1,"color":"ffffff00"}]},"Pudding_monster_hair2":{"color":[{"color":"ffffffff","curve":0.551,"c2":0.02,"c3":0.514},{"time":0.1,"color":"ffffff00"}]},"Pudding_monster_hat":{"color":[{"color":"ffffffff","curve":0.551,"c2":0.02,"c3":0.514},{"time":0.1,"color":"ffffff00"}]},"Puding_monster_mouth":{"color":[{"color":"ffffffff","curve":0.551,"c2":0.02,"c3":0.514},{"time":0.1,"color":"ffffff00"}]}}},"idle":{"slots":{"Poof/poof_2":{"attachment":[{"name":null}]},"Pudding_monster/body_02":{"color":[{"color":"ffffff00"}]},"Pudding_monster/body_03":{"color":[{"color":"ffffff00"}]}},"bones":{"body":{"translate":[{"curve":0.551,"c2":0.02,"c3":0.514},{"time":1,"y":4.19,"curve":0.551,"c2":0.02,"c3":0.514},{"time":2,"curve":0.551,"c2":0.02,"c3":0.514},{"time":3,"y":4.19,"curve":0.551,"c2":0.02,"c3":0.514},{"time":4}],"scale":[{"curve":0.551,"c2":0.02,"c3":0.514},{"time":1,"x":0.943,"y":1.058,"curve":0.551,"c2":0.02,"c3":0.514},{"time":2,"curve":0.551,"c2":0.02,"c3":0.514},{"time":3,"x":0.943,"y":1.058,"curve":0.551,"c2":0.02,"c3":0.514},{"time":4}]},"mouth":{"translate":[{"curve":0.551,"c2":0.02,"c3":0.514},{"time":1.1667,"y":14.88,"curve":0.551,"c2":0.02,"c3":0.514},{"time":2,"curve":0.551,"c2":0.02,"c3":0.514},{"time":3.1667,"y":14.88,"curve":0.551,"c2":0.02,"c3":0.514},{"time":4}]},"hair":{"translate":[{"curve":0.551,"c2":0.02,"c3":0.514},{"time":1.1667,"y":12.67,"curve":0.551,"c2":0.02,"c3":0.514},{"time":2,"curve":0.551,"c2":0.02,"c3":0.514},{"time":3.1667,"y":12.67,"curve":0.551,"c2":0.02,"c3":0.514},{"time":4}],"scale":[{"curve":0.551,"c2":0.02,"c3":0.514},{"time":1.1667,"x":1.023,"y":1.151,"curve":0.551,"c2":0.02,"c3":0.514},{"time":2,"curve":0.551,"c2":0.02,"c3":0.514},{"time":3.1667,"x":1.023,"y":1.151,"curve":0.551,"c2":0.02,"c3":0.514},{"time":4}]},"hat":{"translate":[{"curve":0.551,"c2":0.02,"c3":0.514},{"time":1.3333,"y":24.98,"curve":0.551,"c2":0.02,"c3":0.514},{"time":2,"curve":0.551,"c2":0.02,"c3":0.514},{"time":3.3333,"y":24.98,"curve":0.551,"c2":0.02,"c3":0.514},{"time":4}]}}},"idle_02":{"slots":{"Poof/poof_2":{"attachment":[{"name":null}]},"Pudding_monster/body_03":{"color":[{"color":"ffffff00"}]},"Puding_monster_mouth":{"attachment":[{"name":"Pudding_monster/mouth_03"}]}},"bones":{"body":{"translate":[{"curve":0.551,"c2":0.02,"c3":0.514},{"time":0.7667,"y":4.19,"curve":0.551,"c2":0.02,"c3":0.514},{"time":1.5,"curve":0.551,"c2":0.02,"c3":0.514},{"time":2.2667,"y":4.19,"curve":0.551,"c2":0.02,"c3":0.514},{"time":3}],"scale":[{"curve":0.551,"c2":0.02,"c3":0.514},{"time":0.7667,"x":0.943,"y":1.058,"curve":0.551,"c2":0.02,"c3":0.514},{"time":1.5,"curve":0.551,"c2":0.02,"c3":0.514},{"time":2.2667,"x":0.943,"y":1.058,"curve":0.551,"c2":0.02,"c3":0.514},{"time":3}]},"mouth":{"translate":[{"curve":0.551,"c2":0.02,"c3":0.514},{"time":0.8667,"y":14.88,"curve":0.551,"c2":0.02,"c3":0.514},{"time":1.5,"curve":0.551,"c2":0.02,"c3":0.514},{"time":2.4,"y":14.88,"curve":0.551,"c2":0.02,"c3":0.514},{"time":3}]},"hair":{"translate":[{"curve":0.551,"c2":0.02,"c3":0.514},{"time":0.8667,"y":12.67,"curve":0.551,"c2":0.02,"c3":0.514},{"time":1.5,"curve":0.551,"c2":0.02,"c3":0.514},{"time":2.4,"y":12.67,"curve":0.551,"c2":0.02,"c3":0.514},{"time":3}],"scale":[{"curve":0.551,"c2":0.02,"c3":0.514},{"time":0.8667,"x":1.023,"y":1.151,"curve":0.551,"c2":0.02,"c3":0.514},{"time":1.5,"curve":0.551,"c2":0.02,"c3":0.514},{"time":2.4,"x":1.023,"y":1.151,"curve":0.551,"c2":0.02,"c3":0.514},{"time":3}]},"hat":{"translate":[{"curve":0.551,"c2":0.02,"c3":0.514},{"time":1,"y":24.98,"curve":0.551,"c2":0.02,"c3":0.514},{"time":1.5,"curve":0.551,"c2":0.02,"c3":0.514},{"time":2.5333,"y":24.98,"curve":0.551,"c2":0.02,"c3":0.514},{"time":3}]}}},"idle_03":{"slots":{"Poof/poof_2":{"attachment":[{"name":null}]},"Puding_monster_mouth":{"attachment":[{"name":"Pudding_monster/mouth_05"}]}},"bones":{"body":{"translate":[{"curve":0.551,"c2":0.02,"c3":0.514},{"time":0.5,"y":4.19,"curve":0.551,"c2":0.02,"c3":0.514},{"time":1,"curve":0.551,"c2":0.02,"c3":0.514},{"time":1.5,"y":4.19,"curve":0.551,"c2":0.02,"c3":0.514},{"time":2}],"scale":[{"curve":0.551,"c2":0.02,"c3":0.514},{"time":0.5,"x":0.943,"y":1.058,"curve":0.551,"c2":0.02,"c3":0.514},{"time":1,"curve":0.551,"c2":0.02,"c3":0.514},{"time":1.5,"x":0.943,"y":1.058,"curve":0.551,"c2":0.02,"c3":0.514},{"time":2}]},"mouth":{"translate":[{"curve":0.551,"c2":0.02,"c3":0.514},{"time":0.6,"y":14.88,"curve":0.551,"c2":0.02,"c3":0.514},{"time":1,"curve":0.551,"c2":0.02,"c3":0.514},{"time":1.6,"y":14.88,"curve":0.551,"c2":0.02,"c3":0.514},{"time":2}]},"hair":{"translate":[{"curve":0.551,"c2":0.02,"c3":0.514},{"time":0.6,"y":12.67,"curve":0.551,"c2":0.02,"c3":0.514},{"time":1,"curve":0.551,"c2":0.02,"c3":0.514},{"time":1.6,"y":12.67,"curve":0.551,"c2":0.02,"c3":0.514},{"time":2}],"scale":[{"curve":0.551,"c2":0.02,"c3":0.514},{"time":0.6,"x":1.023,"y":1.151,"curve":0.551,"c2":0.02,"c3":0.514},{"time":1,"curve":0.551,"c2":0.02,"c3":0.514},{"time":1.6,"x":1.023,"y":1.151,"curve":0.551,"c2":0.02,"c3":0.514},{"time":2}]},"hat":{"translate":[{"curve":0.551,"c2":0.02,"c3":0.514},{"time":0.6667,"y":24.98,"curve":0.551,"c2":0.02,"c3":0.514},{"time":1,"curve":0.551,"c2":0.02,"c3":0.514},{"time":1.6667,"y":24.98,"curve":0.551,"c2":0.02,"c3":0.514},{"time":2}]}}},"jump_down":{"slots":{"Poof/poof_2":{"attachment":[{"name":null}]},"Pudding_monster/body_02":{"color":[{"color":"ffffff00"}]},"Pudding_monster/body_03":{"color":[{"color":"ffffff00"}]}},"bones":{"body":{"translate":[{"curve":0.551,"c2":0.02,"c3":0.514},{"time":0.1,"y":-23.96,"curve":0.385,"c2":0.54,"c3":0.552,"c4":0.79},{"time":0.3333,"y":80.11,"curve":0.766,"c2":0.03,"c4":0.45},{"time":0.5333,"curve":0.551,"c2":0.02,"c3":0.514},{"time":0.6,"y":-23.96,"curve":0.551,"c2":0.02,"c3":0.514},{"time":0.6667}],"scale":[{"curve":0.551,"c2":0.02,"c3":0.514},{"time":0.1,"x":1.127,"y":0.922,"curve":0.385,"c2":0.54,"c3":0.552,"c4":0.79},{"time":0.3333,"x":0.969,"y":1.066,"curve":0.766,"c2":0.03,"c4":0.45},{"time":0.5333,"curve":0.551,"c2":0.02,"c3":0.514},{"time":0.6,"x":1.127,"y":0.922,"curve":0.551,"c2":0.02,"c3":0.514},{"time":0.6667}]},"hair":{"scale":[{"curve":0.551,"c2":0.02,"c3":0.514},{"time":0.1,"x":0.987,"y":0.862,"curve":0.385,"c2":0.54,"c3":0.552,"c4":0.79},{"time":0.3333,"x":1.048,"y":1.106,"curve":0.766,"c2":0.03,"c4":0.45},{"time":0.6,"x":0.987,"y":0.862,"curve":0.551,"c2":0.02,"c3":0.514},{"time":0.6667}]},"hat":{"translate":[{"curve":0.551,"c2":0.02,"c3":0.514},{"time":0.1,"y":-5.45,"curve":0.402,"c2":0.43,"c3":0.697,"c4":0.74},{"time":0.4667,"y":51.14,"curve":0.28,"c2":0.42,"c3":0.567,"c4":0.73},{"time":0.6,"y":-5.45,"curve":0.551,"c2":0.02,"c3":0.514},{"time":0.6667}],"scale":[{"curve":0.551,"c2":0.02,"c3":0.514},{"time":0.1,"x":0.912,"curve":"stepped"},{"time":0.6,"x":0.912,"curve":0.551,"c2":0.02,"c3":0.514},{"time":0.6667}]}}},"jump_down_02":{"slots":{"Poof/poof_2":{"attachment":[{"name":null}]},"Pudding_monster/body_03":{"color":[{"color":"ffffff00"}]},"Puding_monster_mouth":{"attachment":[{"name":"Pudding_monster/mouth_03"}]}},"bones":{"body":{"translate":[{"curve":0.551,"c2":0.02,"c3":0.514},{"time":0.1,"y":-23.96,"curve":0.385,"c2":0.54,"c3":0.552,"c4":0.79},{"time":0.3333,"y":80.11,"curve":0.766,"c2":0.03,"c4":0.45},{"time":0.5333,"curve":0.551,"c2":0.02,"c3":0.514},{"time":0.6,"y":-23.96,"curve":0.551,"c2":0.02,"c3":0.514},{"time":0.6667}],"scale":[{"curve":0.551,"c2":0.02,"c3":0.514},{"time":0.1,"x":1.127,"y":0.922,"curve":0.385,"c2":0.54,"c3":0.552,"c4":0.79},{"time":0.3333,"x":0.969,"y":1.066,"curve":0.766,"c2":0.03,"c4":0.45},{"time":0.5333,"curve":0.551,"c2":0.02,"c3":0.514},{"time":0.6,"x":1.127,"y":0.922,"curve":0.551,"c2":0.02,"c3":0.514},{"time":0.6667}]},"hair":{"scale":[{"curve":0.551,"c2":0.02,"c3":0.514},{"time":0.1,"x":0.987,"y":0.862,"curve":0.385,"c2":0.54,"c3":0.552,"c4":0.79},{"time":0.3333,"x":1.048,"y":1.106,"curve":0.766,"c2":0.03,"c4":0.45},{"time":0.6,"x":0.987,"y":0.862,"curve":0.551,"c2":0.02,"c3":0.514},{"time":0.6667}]},"hat":{"translate":[{"curve":0.551,"c2":0.02,"c3":0.514},{"time":0.1,"y":-5.45,"curve":0.402,"c2":0.43,"c3":0.697,"c4":0.74},{"time":0.4667,"y":51.14,"curve":0.28,"c2":0.42,"c3":0.567,"c4":0.73},{"time":0.6,"y":-5.45,"curve":0.551,"c2":0.02,"c3":0.514},{"time":0.6667}],"scale":[{"curve":0.551,"c2":0.02,"c3":0.514},{"time":0.1,"x":0.912,"curve":"stepped"},{"time":0.6,"x":0.912,"curve":0.551,"c2":0.02,"c3":0.514},{"time":0.6667}]}}},"jump_down_03":{"slots":{"Poof/poof_2":{"attachment":[{"name":null}]},"Pudding_monster/body_02":{"color":[{"color":"ffffff00"}]},"Puding_monster_mouth":{"attachment":[{"name":"Pudding_monster/mouth_05"}]}},"bones":{"body":{"translate":[{"curve":0.551,"c2":0.02,"c3":0.514},{"time":0.1,"y":-23.96,"curve":0.385,"c2":0.54,"c3":0.552,"c4":0.79},{"time":0.3333,"y":80.11,"curve":0.766,"c2":0.03,"c4":0.45},{"time":0.5333,"curve":0.551,"c2":0.02,"c3":0.514},{"time":0.6,"y":-23.96,"curve":0.551,"c2":0.02,"c3":0.514},{"time":0.6667}],"scale":[{"curve":0.551,"c2":0.02,"c3":0.514},{"time":0.1,"x":1.127,"y":0.922,"curve":0.385,"c2":0.54,"c3":0.552,"c4":0.79},{"time":0.3333,"x":0.969,"y":1.066,"curve":0.766,"c2":0.03,"c4":0.45},{"time":0.5333,"curve":0.551,"c2":0.02,"c3":0.514},{"time":0.6,"x":1.127,"y":0.922,"curve":0.551,"c2":0.02,"c3":0.514},{"time":0.6667}]},"hair":{"scale":[{"curve":0.551,"c2":0.02,"c3":0.514},{"time":0.1,"x":0.987,"y":0.862,"curve":0.385,"c2":0.54,"c3":0.552,"c4":0.79},{"time":0.3333,"x":1.048,"y":1.106,"curve":0.766,"c2":0.03,"c4":0.45},{"time":0.6,"x":0.987,"y":0.862,"curve":0.551,"c2":0.02,"c3":0.514},{"time":0.6667}]},"hat":{"translate":[{"curve":0.551,"c2":0.02,"c3":0.514},{"time":0.1,"y":-5.45,"curve":0.402,"c2":0.43,"c3":0.697,"c4":0.74},{"time":0.4667,"y":51.14,"curve":0.28,"c2":0.42,"c3":0.567,"c4":0.73},{"time":0.6,"y":-5.45,"curve":0.551,"c2":0.02,"c3":0.514},{"time":0.6667}],"scale":[{"curve":0.551,"c2":0.02,"c3":0.514},{"time":0.1,"x":0.912,"curve":"stepped"},{"time":0.6,"x":0.912,"curve":0.551,"c2":0.02,"c3":0.514},{"time":0.6667}]}}},"recover":{"slots":{"Poof/poof_2":{"attachment":[{"name":null}]},"Pudding_monster/body_02":{"color":[{"color":"ffffff00"}]},"Pudding_monster/body_03":{"color":[{"color":"ffffff00"}]},"Puding_monster_mouth":{"attachment":[{"name":"Pudding_monster/mouth_05"},{"time":0.1,"name":"Pudding_monster/mouth_03"},{"time":0.1333,"name":"Pudding_monster/mouth_02"},{"time":0.1667,"name":"Pudding_monster/mouth_01"}]}},"bones":{"body":{"scale":[{"x":1.054,"y":0.928,"curve":0.551,"c2":0.02,"c3":0.514},{"time":0.4667}]},"hair":{"translate":[{"y":-18.37,"curve":0.551,"c2":0.02,"c3":0.514},{"time":0.4667}],"scale":[{"x":1.056,"y":1.222,"curve":0.551,"c2":0.02,"c3":0.514},{"time":0.4667}]},"hat":{"rotate":[{"angle":-15.25,"curve":0.551,"c2":0.02,"c3":0.514},{"time":0.4667}],"translate":[{"x":24.91,"y":-19.33,"curve":0.551,"c2":0.02,"c3":0.514},{"time":0.4667}]}}},"recover_02":{"slots":{"Poof/poof_2":{"attachment":[{"name":null}]},"Pudding_monster/body_02":{"color":[{"color":"ffffff00","curve":0.551,"c2":0.02,"c3":0.514},{"time":0.4667,"color":"ffffffff"}]},"Pudding_monster/body_03":{"color":[{"color":"ffffff00"}]},"Puding_monster_mouth":{"attachment":[{"name":"Pudding_monster/mouth_05"},{"time":0.1,"name":"Pudding_monster/mouth_03"}]}},"bones":{"body":{"scale":[{"x":1.054,"y":0.928,"curve":0.551,"c2":0.02,"c3":0.514},{"time":0.4667}]},"hair":{"translate":[{"y":-18.37,"curve":0.551,"c2":0.02,"c3":0.514},{"time":0.4667}],"scale":[{"x":1.056,"y":1.222,"curve":0.551,"c2":0.02,"c3":0.514},{"time":0.4667}]},"hat":{"rotate":[{"angle":-15.25,"curve":0.551,"c2":0.02,"c3":0.514},{"time":0.4667}],"translate":[{"x":24.91,"y":-19.33,"curve":0.551,"c2":0.02,"c3":0.514},{"time":0.4667}]}}},"recover_03":{"slots":{"Poof/poof_2":{"attachment":[{"name":null}]},"Pudding_monster/body_02":{"color":[{"color":"ffffff00"}]},"Pudding_monster/body_03":{"color":[{"color":"ffffff00","curve":0.551,"c2":0.02,"c3":0.514},{"time":0.4667,"color":"ffffffff"}]},"Puding_monster_mouth":{"attachment":[{"name":"Pudding_monster/mouth_05"}]}},"bones":{"body":{"scale":[{"x":1.054,"y":0.928,"curve":0.551,"c2":0.02,"c3":0.514},{"time":0.4667}]},"hair":{"translate":[{"y":-18.37,"curve":0.551,"c2":0.02,"c3":0.514},{"time":0.4667}],"scale":[{"x":1.056,"y":1.222,"curve":0.551,"c2":0.02,"c3":0.514},{"time":0.4667}]},"hat":{"rotate":[{"angle":-15.25,"curve":0.551,"c2":0.02,"c3":0.514},{"time":0.4667}],"translate":[{"x":24.91,"y":-19.33,"curve":0.551,"c2":0.02,"c3":0.514},{"time":0.4667}]}}},"sequence_01":{"slots":{"Poof/poof_2":{"attachment":[{"name":null}]},"Pudding_monster/body_02":{"color":[{"color":"ffffff00"}]},"Pudding_monster/body_03":{"color":[{"color":"ffffff00"}]},"Puding_monster_mouth":{"attachment":[{"time":0.0333,"name":"Pudding_monster/mouth_02"},{"time":0.0667,"name":"Pudding_monster/mouth_03"},{"time":0.1,"name":"Pudding_monster/mouth_04"},{"time":0.1333,"name":"Pudding_monster/mouth_05"},{"time":0.2667,"name":"Pudding_monster/mouth_03"},{"time":0.3,"name":"Pudding_monster/mouth_02"},{"time":0.3333,"name":"Pudding_monster/mouth_01"}]}},"bones":{"root":{"translate":[{"curve":0.551,"c2":0.02,"c3":0.514},{"time":0.0333,"x":18.46,"curve":0.551,"c2":0.02,"c3":0.514},{"time":0.0667,"x":-18.46,"curve":0.551,"c2":0.02,"c3":0.514},{"time":0.1,"x":18.46,"curve":0.551,"c2":0.02,"c3":0.514},{"time":0.1333,"x":-21.81,"curve":0.551,"c2":0.02,"c3":0.514},{"time":0.1667}]},"body":{"translate":[{"time":0.6333,"curve":0.551,"c2":0.02,"c3":0.514},{"time":1.6333,"y":4.19,"curve":0.551,"c2":0.02,"c3":0.514},{"time":2.6333,"curve":0.551,"c2":0.02,"c3":0.514},{"time":3.6333,"y":4.19,"curve":0.551,"c2":0.02,"c3":0.514},{"time":4.6333}],"scale":[{"curve":0.551,"c2":0.02,"c3":0.514},{"time":0.1667,"x":1.054,"y":0.928,"curve":0.551,"c2":0.02,"c3":0.514},{"time":0.6333,"curve":0.551,"c2":0.02,"c3":0.514},{"time":1.6333,"x":0.943,"y":1.058,"curve":0.551,"c2":0.02,"c3":0.514},{"time":2.6333,"curve":0.551,"c2":0.02,"c3":0.514},{"time":3.6333,"x":0.943,"y":1.058,"curve":0.551,"c2":0.02,"c3":0.514},{"time":4.6333}]},"mouth":{"translate":[{"time":0.6333,"curve":0.551,"c2":0.02,"c3":0.514},{"time":1.8,"y":14.88,"curve":0.551,"c2":0.02,"c3":0.514},{"time":2.6333,"curve":0.551,"c2":0.02,"c3":0.514},{"time":3.8,"y":14.88,"curve":0.551,"c2":0.02,"c3":0.514},{"time":4.6333}]},"hair":{"translate":[{"curve":0.551,"c2":0.02,"c3":0.514},{"time":0.1,"y":-18.37,"curve":"stepped"},{"time":0.1667,"y":-18.37,"curve":0.551,"c2":0.02,"c3":0.514},{"time":0.6333,"curve":0.551,"c2":0.02,"c3":0.514},{"time":1.8,"y":12.67,"curve":0.551,"c2":0.02,"c3":0.514},{"time":2.6333,"curve":0.551,"c2":0.02,"c3":0.514},{"time":3.8,"y":12.67,"curve":0.551,"c2":0.02,"c3":0.514},{"time":4.6333}],"scale":[{"curve":0.551,"c2":0.02,"c3":0.514},{"time":0.1,"x":1.056,"y":1.222,"curve":"stepped"},{"time":0.1667,"x":1.056,"y":1.222,"curve":0.551,"c2":0.02,"c3":0.514},{"time":0.6333,"curve":0.551,"c2":0.02,"c3":0.514},{"time":1.8,"x":1.023,"y":1.151,"curve":0.551,"c2":0.02,"c3":0.514},{"time":2.6333,"curve":0.551,"c2":0.02,"c3":0.514},{"time":3.8,"x":1.023,"y":1.151,"curve":0.551,"c2":0.02,"c3":0.514},{"time":4.6333}]},"hat":{"rotate":[{"curve":0.551,"c2":0.02,"c3":0.514},{"time":0.1,"angle":-15.25,"curve":"stepped"},{"time":0.1667,"angle":-15.25,"curve":0.551,"c2":0.02,"c3":0.514},{"time":0.6333}],"translate":[{"curve":0.551,"c2":0.02,"c3":0.514},{"time":0.1,"x":24.91,"y":-19.33,"curve":"stepped"},{"time":0.1667,"x":24.91,"y":-19.33,"curve":0.551,"c2":0.02,"c3":0.514},{"time":0.6333,"curve":0.551,"c2":0.02,"c3":0.514},{"time":1.9667,"y":24.98,"curve":0.551,"c2":0.02,"c3":0.514},{"time":2.6333,"curve":0.551,"c2":0.02,"c3":0.514},{"time":3.9667,"y":24.98,"curve":0.551,"c2":0.02,"c3":0.514},{"time":4.6333}]}}},"sequence_02":{"slots":{"Poof/poof_2":{"attachment":[{"name":null}]},"Pudding_monster/body_02":{"color":[{"color":"ffffff00","curve":"stepped"},{"time":0.1667,"color":"ffffff00","curve":0.551,"c2":0.02,"c3":0.514},{"time":0.6333,"color":"ffffffff"}]},"Pudding_monster/body_03":{"color":[{"color":"ffffff00"}]},"Puding_monster_mouth":{"attachment":[{"time":0.0333,"name":"Pudding_monster/mouth_02"},{"time":0.0667,"name":"Pudding_monster/mouth_03"},{"time":0.1,"name":"Pudding_monster/mouth_04"},{"time":0.1333,"name":"Pudding_monster/mouth_05"},{"time":0.2667,"name":"Pudding_monster/mouth_03"}]}},"bones":{"body":{"translate":[{"time":0.6333,"curve":0.551,"c2":0.02,"c3":0.514},{"time":1.4,"y":4.19,"curve":0.551,"c2":0.02,"c3":0.514},{"time":2.1333,"curve":0.551,"c2":0.02,"c3":0.514},{"time":2.9,"y":4.19,"curve":0.551,"c2":0.02,"c3":0.514},{"time":3.6333}],"scale":[{"curve":0.551,"c2":0.02,"c3":0.514},{"time":0.1667,"x":1.054,"y":0.928,"curve":0.551,"c2":0.02,"c3":0.514},{"time":0.6333,"curve":0.551,"c2":0.02,"c3":0.514},{"time":1.4,"x":0.943,"y":1.058,"curve":0.551,"c2":0.02,"c3":0.514},{"time":2.1333,"curve":0.551,"c2":0.02,"c3":0.514},{"time":2.9,"x":0.943,"y":1.058,"curve":0.551,"c2":0.02,"c3":0.514},{"time":3.6333}]},"root":{"translate":[{"curve":0.551,"c2":0.02,"c3":0.514},{"time":0.0333,"x":18.46,"curve":0.551,"c2":0.02,"c3":0.514},{"time":0.0667,"x":-18.46,"curve":0.551,"c2":0.02,"c3":0.514},{"time":0.1,"x":18.46,"curve":0.551,"c2":0.02,"c3":0.514},{"time":0.1333,"x":-21.81,"curve":0.551,"c2":0.02,"c3":0.514},{"time":0.1667}]},"mouth":{"translate":[{"time":0.6333,"curve":0.551,"c2":0.02,"c3":0.514},{"time":1.5,"y":14.88,"curve":0.551,"c2":0.02,"c3":0.514},{"time":2.1333,"curve":0.551,"c2":0.02,"c3":0.514},{"time":3.0333,"y":14.88,"curve":0.551,"c2":0.02,"c3":0.514},{"time":3.6333}]},"hair":{"translate":[{"curve":0.551,"c2":0.02,"c3":0.514},{"time":0.1,"y":-18.37,"curve":"stepped"},{"time":0.1667,"y":-18.37,"curve":0.551,"c2":0.02,"c3":0.514},{"time":0.6333,"curve":0.551,"c2":0.02,"c3":0.514},{"time":1.5,"y":12.67,"curve":0.551,"c2":0.02,"c3":0.514},{"time":2.1333,"curve":0.551,"c2":0.02,"c3":0.514},{"time":3.0333,"y":12.67,"curve":0.551,"c2":0.02,"c3":0.514},{"time":3.6333}],"scale":[{"curve":0.551,"c2":0.02,"c3":0.514},{"time":0.1,"x":1.056,"y":1.222,"curve":"stepped"},{"time":0.1667,"x":1.056,"y":1.222,"curve":0.551,"c2":0.02,"c3":0.514},{"time":0.6333,"curve":0.551,"c2":0.02,"c3":0.514},{"time":1.5,"x":1.023,"y":1.151,"curve":0.551,"c2":0.02,"c3":0.514},{"time":2.1333,"curve":0.551,"c2":0.02,"c3":0.514},{"time":3.0333,"x":1.023,"y":1.151,"curve":0.551,"c2":0.02,"c3":0.514},{"time":3.6333}]},"hat":{"rotate":[{"curve":0.551,"c2":0.02,"c3":0.514},{"time":0.1,"angle":-15.25,"curve":"stepped"},{"time":0.1667,"angle":-15.25,"curve":0.551,"c2":0.02,"c3":0.514},{"time":0.6333}],"translate":[{"curve":0.551,"c2":0.02,"c3":0.514},{"time":0.1,"x":24.91,"y":-19.33,"curve":"stepped"},{"time":0.1667,"x":24.91,"y":-19.33,"curve":0.551,"c2":0.02,"c3":0.514},{"time":0.6333,"curve":0.551,"c2":0.02,"c3":0.514},{"time":1.6333,"y":24.98,"curve":0.551,"c2":0.02,"c3":0.514},{"time":2.1333,"curve":0.551,"c2":0.02,"c3":0.514},{"time":3.1667,"y":24.98,"curve":0.551,"c2":0.02,"c3":0.514},{"time":3.6333}]}}},"sequence_03":{"slots":{"Poof/poof_2":{"attachment":[{"name":null}]},"Pudding_monster/body_02":{"color":[{"color":"ffffff00"}]},"Pudding_monster/body_03":{"color":[{"color":"ffffff00","curve":"stepped"},{"time":0.1667,"color":"ffffff00","curve":0.551,"c2":0.02,"c3":0.514},{"time":0.6333,"color":"ffffffff"}]},"Puding_monster_mouth":{"attachment":[{"time":0.0333,"name":"Pudding_monster/mouth_02"},{"time":0.0667,"name":"Pudding_monster/mouth_03"},{"time":0.1,"name":"Pudding_monster/mouth_04"},{"time":0.1333,"name":"Pudding_monster/mouth_05"}]}},"bones":{"body":{"translate":[{"time":0.6333,"curve":0.551,"c2":0.02,"c3":0.514},{"time":1.1333,"y":4.19,"curve":0.551,"c2":0.02,"c3":0.514},{"time":1.6333,"curve":0.551,"c2":0.02,"c3":0.514},{"time":2.1333,"y":4.19,"curve":0.551,"c2":0.02,"c3":0.514},{"time":2.6333}],"scale":[{"curve":0.551,"c2":0.02,"c3":0.514},{"time":0.1667,"x":1.054,"y":0.928,"curve":0.551,"c2":0.02,"c3":0.514},{"time":0.6333,"curve":0.551,"c2":0.02,"c3":0.514},{"time":1.1333,"x":0.943,"y":1.058,"curve":0.551,"c2":0.02,"c3":0.514},{"time":1.6333,"curve":0.551,"c2":0.02,"c3":0.514},{"time":2.1333,"x":0.943,"y":1.058,"curve":0.551,"c2":0.02,"c3":0.514},{"time":2.6333}]},"root":{"translate":[{"curve":0.551,"c2":0.02,"c3":0.514},{"time":0.0333,"x":18.46,"curve":0.551,"c2":0.02,"c3":0.514},{"time":0.0667,"x":-18.46,"curve":0.551,"c2":0.02,"c3":0.514},{"time":0.1,"x":18.46,"curve":0.551,"c2":0.02,"c3":0.514},{"time":0.1333,"x":-21.81,"curve":0.551,"c2":0.02,"c3":0.514},{"time":0.1667}]},"mouth":{"translate":[{"time":0.6333,"curve":0.551,"c2":0.02,"c3":0.514},{"time":1.2333,"y":14.88,"curve":0.551,"c2":0.02,"c3":0.514},{"time":1.6333,"curve":0.551,"c2":0.02,"c3":0.514},{"time":2.2333,"y":14.88,"curve":0.551,"c2":0.02,"c3":0.514},{"time":2.6333}]},"hair":{"translate":[{"curve":0.551,"c2":0.02,"c3":0.514},{"time":0.1,"y":-18.37,"curve":"stepped"},{"time":0.1667,"y":-18.37,"curve":0.551,"c2":0.02,"c3":0.514},{"time":0.6333,"curve":0.551,"c2":0.02,"c3":0.514},{"time":1.2333,"y":12.67,"curve":0.551,"c2":0.02,"c3":0.514},{"time":1.6333,"curve":0.551,"c2":0.02,"c3":0.514},{"time":2.2333,"y":12.67,"curve":0.551,"c2":0.02,"c3":0.514},{"time":2.6333}],"scale":[{"curve":0.551,"c2":0.02,"c3":0.514},{"time":0.1,"x":1.056,"y":1.222,"curve":"stepped"},{"time":0.1667,"x":1.056,"y":1.222,"curve":0.551,"c2":0.02,"c3":0.514},{"time":0.6333,"curve":0.551,"c2":0.02,"c3":0.514},{"time":1.2333,"x":1.023,"y":1.151,"curve":0.551,"c2":0.02,"c3":0.514},{"time":1.6333,"curve":0.551,"c2":0.02,"c3":0.514},{"time":2.2333,"x":1.023,"y":1.151,"curve":0.551,"c2":0.02,"c3":0.514},{"time":2.6333}]},"hat":{"rotate":[{"curve":0.551,"c2":0.02,"c3":0.514},{"time":0.1,"angle":-15.25,"curve":"stepped"},{"time":0.1667,"angle":-15.25,"curve":0.551,"c2":0.02,"c3":0.514},{"time":0.6333}],"translate":[{"curve":0.551,"c2":0.02,"c3":0.514},{"time":0.1,"x":24.91,"y":-19.33,"curve":"stepped"},{"time":0.1667,"x":24.91,"y":-19.33,"curve":0.551,"c2":0.02,"c3":0.514},{"time":0.6333,"curve":0.551,"c2":0.02,"c3":0.514},{"time":1.3,"y":24.98,"curve":0.551,"c2":0.02,"c3":0.514},{"time":1.6333,"curve":0.551,"c2":0.02,"c3":0.514},{"time":2.3,"y":24.98,"curve":0.551,"c2":0.02,"c3":0.514},{"time":2.6333}]}}}}}