{"skeleton":{"hash":"ggzqwT1udAdPNLvUc2qfQvh4/Ow","spine":"3.8.95"},"bones":[{"name":"root","rotation":0.16,"scaleX":0.1,"scaleY":0.1}],"slots":[{"name":"intro","bone":"root"},{"name":"loop","bone":"root"},{"name":"outro","bone":"root"}],"skins":[{"name":"default","attachments":{"intro":{"Player/Intro/pose_01":{"width":1200,"height":1200},"Player/Intro/pose_02":{"width":1200,"height":1200},"Player/Intro/pose_03":{"width":1200,"height":1200},"Player/Intro/pose_04":{"width":1200,"height":1200},"Player/Intro/pose_05":{"width":1200,"height":1200}},"loop":{"Player/Loop/pose_01":{"width":1200,"height":1200},"Player/Loop/pose_02":{"width":1200,"height":1200},"Player/Loop/pose_03":{"width":1200,"height":1200},"Player/Loop/pose_04":{"width":1200,"height":1200},"Player/Loop/pose_05":{"width":1200,"height":1200},"Player/Loop/pose_06":{"width":1200,"height":1200},"Player/Loop/pose_07":{"width":1200,"height":1200},"Player/Loop/pose_08":{"width":1200,"height":1200},"Player/Loop/pose_09":{"width":1200,"height":1200},"Player/Loop/pose_10":{"width":1200,"height":1200},"Player/Loop/pose_11":{"width":1200,"height":1200},"Player/Loop/pose_12":{"width":1200,"height":1200},"Player/Loop/pose_13":{"width":1200,"height":1200},"Player/Loop/pose_14":{"width":1200,"height":1200},"Player/Loop/pose_15":{"width":1200,"height":1200},"Player/Loop/pose_16":{"width":1200,"height":1200}},"outro":{"Player/Outro/pose_12":{"width":1200,"height":1200},"Player/Outro/pose_13":{"width":1200,"height":1200},"Player/Outro/pose_14":{"width":1200,"height":1200},"Player/Outro/pose_15":{"width":1200,"height":1200},"Player/Outro/pose_16":{"width":1200,"height":1200}}}}],"animations":{"complete":{"slots":{"intro":{"attachment":[{"name":"Player/Intro/pose_01"},{"time":0.0333,"name":"Player/Intro/pose_02"},{"time":0.0667,"name":"Player/Intro/pose_03"},{"time":0.1,"name":"Player/Intro/pose_04"},{"time":0.1333,"name":"Player/Intro/pose_05"},{"time":0.1667,"name":null},{"time":1.6,"name":"Player/Intro/pose_01"}]},"loop":{"attachment":[{"time":0.1667,"name":"Player/Loop/pose_06"},{"time":0.2,"name":"Player/Loop/pose_07"},{"time":0.2333,"name":"Player/Loop/pose_08"},{"time":0.2667,"name":"Player/Loop/pose_09"},{"time":0.3,"name":"Player/Loop/pose_10"},{"time":0.3333,"name":"Player/Loop/pose_11"},{"time":0.3667,"name":"Player/Loop/pose_12"},{"time":0.4,"name":"Player/Loop/pose_13"},{"time":0.4333,"name":"Player/Loop/pose_14"},{"time":0.4667,"name":"Player/Loop/pose_15"},{"time":0.5,"name":"Player/Loop/pose_16"},{"time":0.5333,"name":"Player/Loop/pose_01"},{"time":0.5667,"name":"Player/Loop/pose_02"},{"time":0.6,"name":"Player/Loop/pose_03"},{"time":0.6333,"name":"Player/Loop/pose_04"},{"time":0.6667,"name":"Player/Loop/pose_05"},{"time":0.7,"name":"Player/Loop/pose_06"},{"time":0.7333,"name":"Player/Loop/pose_07"},{"time":0.7667,"name":"Player/Loop/pose_08"},{"time":0.8,"name":"Player/Loop/pose_09"},{"time":0.8333,"name":"Player/Loop/pose_10"},{"time":0.8667,"name":"Player/Loop/pose_11"},{"time":0.9,"name":"Player/Loop/pose_12"},{"time":0.9333,"name":"Player/Loop/pose_13"},{"time":0.9667,"name":"Player/Loop/pose_14"},{"time":1,"name":"Player/Loop/pose_15"},{"time":1.0333,"name":"Player/Loop/pose_16"},{"time":1.0667,"name":"Player/Loop/pose_01"},{"time":1.1,"name":"Player/Loop/pose_02"},{"time":1.1333,"name":"Player/Loop/pose_03"},{"time":1.1667,"name":"Player/Loop/pose_04"},{"time":1.2,"name":"Player/Loop/pose_05"},{"time":1.2333,"name":"Player/Loop/pose_06"},{"time":1.2667,"name":"Player/Loop/pose_07"},{"time":1.3,"name":"Player/Loop/pose_08"},{"time":1.3333,"name":"Player/Loop/pose_09"},{"time":1.3667,"name":"Player/Loop/pose_10"},{"time":1.4,"name":"Player/Loop/pose_11"},{"time":1.4333,"name":null}]},"outro":{"attachment":[{"time":1.4333,"name":"Player/Outro/pose_12"},{"time":1.4667,"name":"Player/Outro/pose_13"},{"time":1.5,"name":"Player/Outro/pose_14"},{"time":1.5333,"name":"Player/Outro/pose_15"},{"time":1.5667,"name":"Player/Outro/pose_16"},{"time":1.6,"name":null}]}}},"intro":{"slots":{"intro":{"attachment":[{"name":"Player/Intro/pose_01"},{"time":0.0333,"name":"Player/Intro/pose_02"},{"time":0.0667,"name":"Player/Intro/pose_03"},{"time":0.1,"name":"Player/Intro/pose_04"},{"time":0.1333,"name":"Player/Intro/pose_05"},{"time":0.1667,"name":null}]},"loop":{"attachment":[{"time":0.1667,"name":"Player/Loop/pose_06"},{"time":0.2,"name":"Player/Loop/pose_07"},{"time":0.2333,"name":"Player/Loop/pose_08"},{"time":0.2667,"name":"Player/Loop/pose_09"},{"time":0.3,"name":"Player/Loop/pose_10"},{"time":0.3333,"name":"Player/Loop/pose_11"},{"time":0.3667,"name":"Player/Loop/pose_12"},{"time":0.4,"name":"Player/Loop/pose_13"},{"time":0.4333,"name":"Player/Loop/pose_14"},{"time":0.4667,"name":"Player/Loop/pose_15"},{"time":0.5,"name":"Player/Loop/pose_16"}]}}},"intro_short":{"slots":{"intro":{"attachment":[{"name":"Player/Intro/pose_01"},{"time":0.0333,"name":"Player/Intro/pose_02"},{"time":0.0667,"name":"Player/Intro/pose_03"},{"time":0.1,"name":"Player/Intro/pose_04"},{"time":0.1333,"name":"Player/Intro/pose_05"}]}}},"loop":{"slots":{"loop":{"attachment":[{"name":"Player/Loop/pose_01"},{"time":0.0333,"name":"Player/Loop/pose_02"},{"time":0.0667,"name":"Player/Loop/pose_03"},{"time":0.1,"name":"Player/Loop/pose_04"},{"time":0.1333,"name":"Player/Loop/pose_05"},{"time":0.1667,"name":"Player/Loop/pose_06"},{"time":0.2,"name":"Player/Loop/pose_07"},{"time":0.2333,"name":"Player/Loop/pose_08"},{"time":0.2667,"name":"Player/Loop/pose_09"},{"time":0.3,"name":"Player/Loop/pose_10"},{"time":0.3333,"name":"Player/Loop/pose_11"},{"time":0.3667,"name":"Player/Loop/pose_12"},{"time":0.4,"name":"Player/Loop/pose_13"},{"time":0.4333,"name":"Player/Loop/pose_14"},{"time":0.4667,"name":"Player/Loop/pose_15"},{"time":0.5,"name":"Player/Loop/pose_16"}]}}},"loop_fast":{"slots":{"loop":{"attachment":[{"name":"Player/Loop/pose_01"},{"time":0.0333,"name":"Player/Loop/pose_02"},{"time":0.0667,"name":"Player/Loop/pose_03"},{"time":0.1,"name":"Player/Loop/pose_05"},{"time":0.1333,"name":"Player/Loop/pose_06"},{"time":0.1667,"name":"Player/Loop/pose_07"},{"time":0.2,"name":"Player/Loop/pose_09"},{"time":0.2333,"name":"Player/Loop/pose_10"},{"time":0.2667,"name":"Player/Loop/pose_12"},{"time":0.3,"name":"Player/Loop/pose_13"},{"time":0.3333,"name":"Player/Loop/pose_16"}]}}},"outro":{"slots":{"intro":{"attachment":[{"time":0.5333,"name":"Player/Intro/pose_01"}]},"loop":{"attachment":[{"name":"Player/Loop/pose_01"},{"time":0.0333,"name":"Player/Loop/pose_02"},{"time":0.0667,"name":"Player/Loop/pose_03"},{"time":0.1,"name":"Player/Loop/pose_04"},{"time":0.1333,"name":"Player/Loop/pose_05"},{"time":0.1667,"name":"Player/Loop/pose_06"},{"time":0.2,"name":"Player/Loop/pose_07"},{"time":0.2333,"name":"Player/Loop/pose_08"},{"time":0.2667,"name":"Player/Loop/pose_09"},{"time":0.3,"name":"Player/Loop/pose_10"},{"time":0.3333,"name":"Player/Loop/pose_11"},{"time":0.3667,"name":null}]},"outro":{"attachment":[{"time":0.3667,"name":"Player/Outro/pose_12"},{"time":0.4,"name":"Player/Outro/pose_13"},{"time":0.4333,"name":"Player/Outro/pose_14"},{"time":0.4667,"name":"Player/Outro/pose_15"},{"time":0.5,"name":"Player/Outro/pose_16"},{"time":0.5333,"name":null}]}}},"outro_short":{"slots":{"intro":{"attachment":[{"time":0.1667,"name":"Player/Intro/pose_01"}]},"outro":{"attachment":[{"name":"Player/Outro/pose_12"},{"time":0.0333,"name":"Player/Outro/pose_13"},{"time":0.0667,"name":"Player/Outro/pose_14"},{"time":0.1,"name":"Player/Outro/pose_15"},{"time":0.1333,"name":"Player/Outro/pose_16"},{"time":0.1667,"name":null}]}}}}}