{"skeleton":{"hash":"h8ICpDPBenBFpR6oHT3KFX+ey6Q","spine":"3.8.95","x":-60.86,"y":-105.85,"width":123.08,"height":201.05},"bones":[{"name":"root","scaleX":0.17,"scaleY":0.17},{"name":"body","parent":"root","x":0.08,"y":-397.51},{"name":"eyes","parent":"body","y":146.36},{"name":"r_pupil","parent":"eyes","x":28.45,"y":3.05},{"name":"l_pupil","parent":"eyes","x":-31.59,"y":2.65},{"name":"hat","parent":"body","x":-1.42,"y":279.1},{"name":"poof","parent":"root","x":1.66,"y":-269.88}],"slots":[{"name":"Spider_friend/platform","bone":"root","attachment":"Spider_friend/platform"},{"name":"Spider/head","bone":"body","attachment":"Spider_friend/head"},{"name":"Spider/eyes_01","bone":"eyes","attachment":"Spider_friend/eyes_01"},{"name":"Spider/l_pupil","bone":"l_pupil","attachment":"Spider_friend/l_pupil"},{"name":"Spider/r_pupil","bone":"r_pupil","attachment":"Spider_friend/r_pupil"},{"name":"Spider/eyes_02","bone":"eyes"},{"name":"Spider/hat","bone":"hat","attachment":"Spider_friend/bow"},{"name":"Poof/poof_3","bone":"poof","attachment":"Poof/poof_01"}],"skins":[{"name":"default","attachments":{"Poof/poof_3":{"Poof/poof_01":{"x":2.32,"y":25.71,"width":724,"height":757},"Poof/poof_02":{"x":2.32,"y":25.71,"width":724,"height":757},"Poof/poof_03":{"x":2.32,"y":25.71,"width":724,"height":757},"Poof/poof_04":{"x":2.32,"y":25.71,"width":724,"height":757},"Poof/poof_05":{"x":2.32,"y":25.71,"width":724,"height":757},"Poof/poof_06":{"x":2.32,"y":25.71,"width":724,"height":757},"Poof/poof_07":{"x":2.32,"y":25.71,"width":724,"height":757},"Poof/poof_08":{"x":2.32,"y":25.71,"width":724,"height":757},"Poof/poof_09":{"x":2.32,"y":25.71,"width":724,"height":757}},"Spider/eyes_01":{"Spider_friend/eyes_01":{"x":-0.08,"y":251.15,"width":580,"height":1120}},"Spider/eyes_02":{"Spider_friend/eyes_02":{"x":-0.08,"y":251.15,"width":580,"height":1120},"Spider_friend/eyes_03":{"x":-0.08,"y":251.15,"width":580,"height":1120},"Spider_friend/eyes_04":{"x":-0.08,"y":251.15,"width":580,"height":1120},"Spider_friend/eyes_05":{"x":-0.08,"y":251.15,"width":580,"height":1120},"Spider_friend/eyes_06":{"x":-0.08,"y":251.15,"width":580,"height":1120}},"Spider/hat":{"Spider_friend/bow":{"x":1.34,"y":118.4,"width":580,"height":1120}},"Spider/head":{"Spider_friend/head":{"x":-0.08,"y":397.51,"width":580,"height":1120}},"Spider/l_pupil":{"Spider_friend/l_pupil":{"x":31.51,"y":248.49,"width":580,"height":1120}},"Spider/r_pupil":{"Spider_friend/r_pupil":{"x":-28.53,"y":248.09,"width":580,"height":1120}},"Spider_friend/platform":{"Spider_friend/platform":{"width":580,"height":1120}}}}],"animations":{"damage":{"slots":{"Poof/poof_3":{"attachment":[{"name":null}]},"Spider/eyes_02":{"attachment":[{"time":0.0333,"name":"Spider_friend/eyes_03"},{"time":0.0667,"name":"Spider_friend/eyes_04"},{"time":0.1,"name":"Spider_friend/eyes_05"}]}},"bones":{"root":{"translate":[{"curve":0.551,"c2":0.02,"c3":0.514},{"time":0.0333,"x":18.46,"curve":0.551,"c2":0.02,"c3":0.514},{"time":0.0667,"x":-18.46,"curve":0.551,"c2":0.02,"c3":0.514},{"time":0.1,"x":18.46,"curve":0.551,"c2":0.02,"c3":0.514},{"time":0.1333,"x":-21.81,"curve":0.551,"c2":0.02,"c3":0.514},{"time":0.1667}]},"body":{"scale":[{"curve":0.551,"c2":0.02,"c3":0.514},{"time":0.1667,"x":1.054,"y":0.928}]},"hat":{"rotate":[{"curve":0.551,"c2":0.02,"c3":0.514},{"time":0.1,"angle":2.97}],"translate":[{"curve":0.551,"c2":0.02,"c3":0.514},{"time":0.1,"x":0.8,"y":-20.88}],"scale":[{"curve":0.551,"c2":0.02,"c3":0.514},{"time":0.1,"y":1.106}]}}},"die":{"slots":{"Poof/poof_3":{"attachment":[{"name":null},{"time":0.0667,"name":"Poof/poof_01"},{"time":0.1,"name":"Poof/poof_02"},{"time":0.1333,"name":"Poof/poof_03"},{"time":0.1667,"name":"Poof/poof_04"},{"time":0.2,"name":"Poof/poof_05"},{"time":0.2333,"name":"Poof/poof_06"},{"time":0.2667,"name":"Poof/poof_07"},{"time":0.3,"name":"Poof/poof_08"},{"time":0.3333,"name":"Poof/poof_09"},{"time":0.3667,"name":null}]},"Spider/eyes_01":{"color":[{"color":"ffffffff","curve":0.551,"c2":0.02,"c3":0.514},{"time":0.1,"color":"ffffff00"}]},"Spider/eyes_02":{"color":[{"color":"ffffffff","curve":0.551,"c2":0.02,"c3":0.514},{"time":0.1,"color":"ffffff00"}]},"Spider/hat":{"color":[{"color":"ffffffff","curve":0.551,"c2":0.02,"c3":0.514},{"time":0.1,"color":"ffffff00"}]},"Spider/head":{"color":[{"color":"ffffffff","curve":0.551,"c2":0.02,"c3":0.514},{"time":0.1,"color":"ffffff00"}]},"Spider/l_pupil":{"color":[{"color":"ffffffff","curve":0.551,"c2":0.02,"c3":0.514},{"time":0.1,"color":"ffffff00"}]},"Spider/r_pupil":{"color":[{"color":"ffffffff","curve":0.551,"c2":0.02,"c3":0.514},{"time":0.1,"color":"ffffff00"}]},"Spider_friend/platform":{"color":[{"color":"ffffffff","curve":0.551,"c2":0.02,"c3":0.514},{"time":0.1,"color":"ffffff00"}]}}},"idle":{"slots":{"Poof/poof_3":{"attachment":[{"name":null}]},"Spider/eyes_02":{"attachment":[{"time":3.1667,"name":"Spider_friend/eyes_02"},{"time":3.2333,"name":"Spider_friend/eyes_03"},{"time":3.3,"name":"Spider_friend/eyes_04"},{"time":3.3667,"name":"Spider_friend/eyes_05"},{"time":3.4667,"name":"Spider_friend/eyes_04"},{"time":3.5333,"name":"Spider_friend/eyes_03"},{"time":3.6,"name":"Spider_friend/eyes_02"},{"time":3.6667,"name":null}]}},"bones":{"body":{"translate":[{"curve":0.525,"c2":0.02,"c3":0.77,"c4":0.51},{"time":1,"y":4.19,"curve":0.253,"c2":0.5,"c3":0.489},{"time":2,"curve":0.525,"c2":0.02,"c3":0.77,"c4":0.51},{"time":3,"y":4.19,"curve":0.253,"c2":0.5,"c3":0.489},{"time":4}],"scale":[{"curve":0.551,"c2":0.02,"c3":0.514},{"time":1,"x":0.943,"y":1.058,"curve":0.551,"c2":0.02,"c3":0.514},{"time":2,"curve":0.551,"c2":0.02,"c3":0.514},{"time":3,"x":0.943,"y":1.058,"curve":0.551,"c2":0.02,"c3":0.514},{"time":4}]},"eyes":{"translate":[{"curve":0.551,"c2":0.02,"c3":0.514},{"time":1,"y":4.35,"curve":0.551,"c2":0.02,"c3":0.514},{"time":2,"curve":0.551,"c2":0.02,"c3":0.514},{"time":3,"y":4.35,"curve":0.551,"c2":0.02,"c3":0.514},{"time":4}]},"hat":{"translate":[{"curve":0.551,"c2":0.02,"c3":0.514},{"time":1.1667,"y":15.27,"curve":0.551,"c2":0.02,"c3":0.514},{"time":2,"curve":0.551,"c2":0.02,"c3":0.514},{"time":3.1667,"y":15.27,"curve":0.551,"c2":0.02,"c3":0.514},{"time":4}],"scale":[{"curve":0.551,"c2":0.02,"c3":0.514},{"time":1.1667,"y":1.012,"curve":0.551,"c2":0.02,"c3":0.514},{"time":2,"curve":0.551,"c2":0.02,"c3":0.514},{"time":3.1667,"y":1.012,"curve":0.551,"c2":0.02,"c3":0.514},{"time":4}]}}},"jump_down":{"slots":{"Poof/poof_3":{"attachment":[{"name":null}]}},"bones":{"body":{"translate":[{"curve":0.551,"c2":0.02,"c3":0.514},{"time":0.1,"y":-23.96,"curve":0.385,"c2":0.54,"c3":0.552,"c4":0.79},{"time":0.3333,"y":80.11,"curve":0.756,"c2":0.13,"c3":0.82,"c4":0.47},{"time":0.5333,"curve":0.551,"c2":0.02,"c3":0.514},{"time":0.6,"y":-23.96,"curve":0.385,"c2":0.54,"c3":0.552,"c4":0.79},{"time":0.6667}],"scale":[{"curve":0.551,"c2":0.02,"c3":0.514},{"time":0.1,"x":1.099,"y":0.934,"curve":0.385,"c2":0.54,"c3":0.552,"c4":0.79},{"time":0.3333,"x":0.994,"y":1.066,"curve":0.756,"c2":0.13,"c3":0.82,"c4":0.47},{"time":0.5333,"curve":0.551,"c2":0.02,"c3":0.514},{"time":0.6,"x":1.099,"y":0.934,"curve":0.385,"c2":0.54,"c3":0.552,"c4":0.79},{"time":0.6667}]},"r_pupil":{"translate":[{"curve":0.43,"c2":0.03,"c3":0.745,"c4":0.43},{"time":0.1667,"y":-16.79,"curve":0.416,"c2":0.27,"c3":0.654,"c4":0.7},{"time":0.4667,"y":3.31,"curve":0.25,"c2":0.58,"c3":0.553},{"time":0.6667}]},"l_pupil":{"translate":[{"curve":0.43,"c2":0.03,"c3":0.745,"c4":0.43},{"time":0.1667,"y":-16.79,"curve":0.416,"c2":0.27,"c3":0.654,"c4":0.7},{"time":0.4667,"y":3.31,"curve":0.25,"c2":0.58,"c3":0.553},{"time":0.6667}]},"hat":{"translate":[{"curve":0.551,"c2":0.02,"c3":0.514},{"time":0.1,"x":1.08,"y":-22.81,"curve":0.551,"c2":0.02,"c3":0.514},{"time":0.4667,"x":1.08,"y":46.24,"curve":0.551,"c2":0.02,"c3":0.514},{"time":0.6,"x":1.08,"y":-22.81,"curve":0.551,"c2":0.02,"c3":0.514},{"time":0.6667}],"scale":[{"curve":0.551,"c2":0.02,"c3":0.514},{"time":0.1,"x":1.094,"y":0.872,"curve":0.551,"c2":0.02,"c3":0.514},{"time":0.4667,"x":0.937,"curve":0.551,"c2":0.02,"c3":0.514},{"time":0.6,"x":1.094,"y":0.872,"curve":0.551,"c2":0.02,"c3":0.514},{"time":0.6667}]}}},"recover":{"slots":{"Poof/poof_3":{"attachment":[{"name":null}]},"Spider/eyes_02":{"attachment":[{"name":"Spider_friend/eyes_05"},{"time":0.2,"name":"Spider_friend/eyes_04"},{"time":0.2667,"name":"Spider_friend/eyes_03"},{"time":0.3333,"name":"Spider_friend/eyes_02"},{"time":0.4,"name":null}]}},"bones":{"body":{"scale":[{"x":1.054,"y":0.928,"curve":0.551,"c2":0.02,"c3":0.514},{"time":0.4667}]},"hat":{"rotate":[{"angle":2.97,"curve":0.551,"c2":0.02,"c3":0.514},{"time":0.4667}],"translate":[{"x":0.8,"y":-20.88,"curve":0.551,"c2":0.02,"c3":0.514},{"time":0.4667}],"scale":[{"y":1.106,"curve":0.551,"c2":0.02,"c3":0.514},{"time":0.4667}]}}}}}