{"skeleton":{"hash":"kSCi1bt82d8bUMsQbCN7KIy03cM","spine":"3.8.95","x":-60.86,"y":-107.26,"width":123.08,"height":202.46},"bones":[{"name":"root","scaleX":0.17,"scaleY":0.17},{"name":"body","parent":"root","x":0.08,"y":-472.86},{"name":"eyes","parent":"body","x":-7.36,"y":147.45},{"name":"r_pupil","parent":"eyes","x":51.19,"y":-6.98},{"name":"l_pupil","parent":"eyes","x":-59.69,"y":-6.04},{"name":"hat","parent":"body","x":-8.78,"y":206.14},{"name":"poof","parent":"root","x":-3.69,"y":-280.81},{"name":"head_02","parent":"body","x":-5.96,"y":391.33},{"name":"head_03","parent":"head_02","x":-2.32,"y":32.42},{"name":"bow","parent":"hat","x":162.06,"y":69.93},{"name":"mouth","parent":"body","x":-3.1,"y":67.82}],"slots":[{"name":"Spraycan/platform","bone":"root","attachment":"Spraycan/platform"},{"name":"Spraycan/headband_bow","bone":"bow","attachment":"Spraycan/headband_bow"},{"name":"Spraycan/headband_back","bone":"hat","attachment":"Spraycan/headband_back"},{"name":"Spider/head3","bone":"head_03","attachment":"Spraycan/body_03"},{"name":"Spider/head2","bone":"head_02","attachment":"Spraycan/body_02"},{"name":"Spider/head","bone":"body","attachment":"Spraycan/body_01"},{"name":"Spider/hat","bone":"hat","attachment":"Spraycan/headband_front"},{"name":"Spider/eyes_01","bone":"eyes","attachment":"Spraycan/eyes_01"},{"name":"Spider/l_pupil","bone":"l_pupil","attachment":"Spraycan/l_pupil"},{"name":"Spider/r_pupil","bone":"r_pupil","attachment":"Spraycan/r_pupil"},{"name":"Spider/eyes_02","bone":"eyes"},{"name":"Spraycan/mouth_01","bone":"mouth","attachment":"Spraycan/mouth_01"},{"name":"Poof/poof_3","bone":"poof","attachment":"Poof/poof_01"}],"skins":[{"name":"default","attachments":{"Poof/poof_3":{"Poof/poof_01":{"x":7.68,"y":28.39,"width":724,"height":757},"Poof/poof_02":{"x":7.68,"y":28.39,"width":724,"height":757},"Poof/poof_03":{"x":7.68,"y":28.39,"width":724,"height":757},"Poof/poof_04":{"x":7.68,"y":28.39,"width":724,"height":757},"Poof/poof_05":{"x":7.68,"y":28.39,"width":724,"height":757},"Poof/poof_06":{"x":7.68,"y":28.39,"width":724,"height":757},"Poof/poof_07":{"x":7.68,"y":28.39,"width":724,"height":757},"Poof/poof_08":{"x":7.68,"y":28.39,"width":724,"height":757},"Poof/poof_09":{"x":7.68,"y":28.39,"width":724,"height":757}},"Spider/eyes_01":{"Spraycan/eyes_01":{"x":7.28,"y":325.41,"width":580,"height":1120}},"Spider/eyes_02":{"Spraycan/eyes_02":{"x":7.28,"y":325.41,"width":580,"height":1120},"Spraycan/eyes_03":{"x":7.28,"y":325.41,"width":580,"height":1120},"Spraycan/eyes_04":{"x":7.28,"y":325.41,"width":580,"height":1120}},"Spider/hat":{"Spraycan/headband_front":{"x":8.7,"y":266.71,"width":580,"height":1120}},"Spider/head":{"Spraycan/body_01":{"x":-0.08,"y":472.86,"width":580,"height":1120}},"Spider/head2":{"Spraycan/body_02":{"x":5.87,"y":81.52,"width":580,"height":1120}},"Spider/head3":{"Spraycan/body_03":{"x":8.19,"y":49.1,"width":580,"height":1120}},"Spider/l_pupil":{"Spraycan/l_pupil":{"x":66.96,"y":331.45,"width":580,"height":1120}},"Spider/r_pupil":{"Spraycan/r_pupil":{"x":-43.92,"y":332.39,"width":580,"height":1120}},"Spraycan/headband_back":{"Spraycan/headband_back":{"x":8.7,"y":266.71,"width":580,"height":1120}},"Spraycan/headband_bow":{"Spraycan/headband_bow":{"x":-153.36,"y":196.78,"width":580,"height":1120}},"Spraycan/mouth_01":{"Spraycan/mouth_01":{"x":3.02,"y":405.04,"width":580,"height":1120},"Spraycan/mouth_02":{"x":3.02,"y":405.04,"width":580,"height":1120}},"Spraycan/platform":{"Spraycan/platform":{"width":580,"height":1120}}}}],"animations":{"damage":{"slots":{"Poof/poof_3":{"attachment":[{"name":null}]},"Spider/eyes_02":{"attachment":[{"time":0.0333,"name":"Spraycan/eyes_03"},{"time":0.0667,"name":"Spraycan/eyes_04"}]},"Spraycan/mouth_01":{"attachment":[{"time":0.1,"name":"Spraycan/mouth_02"}]}},"bones":{"root":{"translate":[{"curve":0.551,"c2":0.02,"c3":0.514},{"time":0.0333,"x":18.46,"curve":0.551,"c2":0.02,"c3":0.514},{"time":0.0667,"x":-18.46,"curve":0.551,"c2":0.02,"c3":0.514},{"time":0.1,"x":18.46,"curve":0.551,"c2":0.02,"c3":0.514},{"time":0.1333,"x":-21.81,"curve":0.551,"c2":0.02,"c3":0.514},{"time":0.1667}]},"body":{"scale":[{"curve":0.551,"c2":0.02,"c3":0.514},{"time":0.1667,"x":1.054,"y":0.928}]},"hat":{"rotate":[{"curve":0.551,"c2":0.02,"c3":0.514},{"time":0.1,"angle":2.97}],"translate":[{"curve":0.551,"c2":0.02,"c3":0.514},{"time":0.1,"x":-0.16,"y":-2.43}],"scale":[{"curve":0.551,"c2":0.02,"c3":0.514},{"time":0.1,"y":1.106}]},"bow":{"rotate":[{"curve":0.551,"c2":0.02,"c3":0.514},{"time":0.1,"angle":11.16}]}}},"die":{"slots":{"Poof/poof_3":{"attachment":[{"name":null},{"time":0.0667,"name":"Poof/poof_01"},{"time":0.1,"name":"Poof/poof_02"},{"time":0.1333,"name":"Poof/poof_03"},{"time":0.1667,"name":"Poof/poof_04"},{"time":0.2,"name":"Poof/poof_05"},{"time":0.2333,"name":"Poof/poof_06"},{"time":0.2667,"name":"Poof/poof_07"},{"time":0.3,"name":"Poof/poof_08"},{"time":0.3333,"name":"Poof/poof_09"},{"time":0.3667,"name":null}]},"Spider/eyes_01":{"color":[{"color":"ffffffff","curve":0.551,"c2":0.02,"c3":0.514},{"time":0.1,"color":"ffffff00"}]},"Spider/eyes_02":{"color":[{"color":"ffffffff","curve":0.551,"c2":0.02,"c3":0.514},{"time":0.1,"color":"ffffff00"}]},"Spider/hat":{"color":[{"color":"ffffffff","curve":0.551,"c2":0.02,"c3":0.514},{"time":0.1,"color":"ffffff00"}]},"Spider/head":{"color":[{"color":"ffffffff","curve":0.551,"c2":0.02,"c3":0.514},{"time":0.1,"color":"ffffff00"}]},"Spider/head2":{"color":[{"color":"ffffffff","curve":0.551,"c2":0.02,"c3":0.514},{"time":0.1,"color":"ffffff00"}]},"Spider/head3":{"color":[{"color":"ffffffff","curve":0.551,"c2":0.02,"c3":0.514},{"time":0.1,"color":"ffffff00"}]},"Spider/l_pupil":{"color":[{"color":"ffffffff","curve":0.551,"c2":0.02,"c3":0.514},{"time":0.1,"color":"ffffff00"}]},"Spider/r_pupil":{"color":[{"color":"ffffffff","curve":0.551,"c2":0.02,"c3":0.514},{"time":0.1,"color":"ffffff00"}]},"Spraycan/headband_back":{"color":[{"color":"ffffffff","curve":0.551,"c2":0.02,"c3":0.514},{"time":0.1,"color":"ffffff00"}]},"Spraycan/headband_bow":{"color":[{"color":"ffffffff","curve":0.551,"c2":0.02,"c3":0.514},{"time":0.1,"color":"ffffff00"}]},"Spraycan/mouth_01":{"color":[{"color":"ffffffff","curve":0.551,"c2":0.02,"c3":0.514},{"time":0.1,"color":"ffffff00"}]},"Spraycan/platform":{"color":[{"color":"ffffffff","curve":0.551,"c2":0.02,"c3":0.514},{"time":0.1,"color":"ffffff00"}]}}},"idle":{"slots":{"Poof/poof_3":{"attachment":[{"name":null}]},"Spider/eyes_02":{"attachment":[{"time":1.0333,"name":"Spraycan/eyes_02"},{"time":1.1,"name":"Spraycan/eyes_03"},{"time":1.1667,"name":"Spraycan/eyes_04"},{"time":1.2667,"name":"Spraycan/eyes_03"},{"time":1.3333,"name":"Spraycan/eyes_02"},{"time":1.4,"name":null}]}},"bones":{"body":{"translate":[{"curve":0.551,"c2":0.02,"c3":0.514},{"time":1,"y":4.19,"curve":0.551,"c2":0.02,"c3":0.514},{"time":2,"curve":0.551,"c2":0.02,"c3":0.514},{"time":3,"y":4.19,"curve":0.551,"c2":0.02,"c3":0.514},{"time":4}],"scale":[{"curve":0.551,"c2":0.02,"c3":0.514},{"time":1,"x":0.943,"y":1.058,"curve":0.551,"c2":0.02,"c3":0.514},{"time":2,"curve":0.551,"c2":0.02,"c3":0.514},{"time":3,"x":0.943,"y":1.058,"curve":0.551,"c2":0.02,"c3":0.514},{"time":4}]},"eyes":{"translate":[{"curve":0.551,"c2":0.02,"c3":0.514},{"time":1,"y":4.35,"curve":0.551,"c2":0.02,"c3":0.514},{"time":2,"curve":0.551,"c2":0.02,"c3":0.514},{"time":3,"y":4.35,"curve":0.551,"c2":0.02,"c3":0.514},{"time":4}]},"hat":{"translate":[{"curve":0.551,"c2":0.02,"c3":0.514},{"time":1.1667,"y":3,"curve":0.551,"c2":0.02,"c3":0.514},{"time":2,"curve":0.551,"c2":0.02,"c3":0.514},{"time":3.1667,"y":3,"curve":0.551,"c2":0.02,"c3":0.514},{"time":4}]},"head_02":{"translate":[{"curve":0.551,"c2":0.02,"c3":0.514},{"time":1.1667,"y":4.6,"curve":0.551,"c2":0.02,"c3":0.514},{"time":2,"curve":0.551,"c2":0.02,"c3":0.514},{"time":3.2,"y":4.6,"curve":0.551,"c2":0.02,"c3":0.514},{"time":4}]},"head_03":{"translate":[{"curve":0.551,"c2":0.02,"c3":0.514},{"time":1.3333,"y":1.86,"curve":0.551,"c2":0.02,"c3":0.514},{"time":2,"curve":0.551,"c2":0.02,"c3":0.514},{"time":3.3667,"y":1.86,"curve":0.551,"c2":0.02,"c3":0.514},{"time":4}]},"bow":{"rotate":[{"curve":0.551,"c2":0.02,"c3":0.514},{"time":0.5,"angle":-5.53,"curve":0.551,"c2":0.02,"c3":0.514},{"time":1.1667,"angle":-1.13,"curve":0.551,"c2":0.02,"c3":0.514},{"time":2.5,"angle":-5.53,"curve":0.551,"c2":0.02,"c3":0.514},{"time":3.1667,"angle":-1.13,"curve":0.551,"c2":0.02,"c3":0.514},{"time":4}]}}},"jump_down":{"slots":{"Poof/poof_3":{"attachment":[{"name":null}]}},"bones":{"body":{"translate":[{"curve":0.551,"c2":0.02,"c3":0.514},{"time":0.1,"y":-4.33,"curve":0.385,"c2":0.54,"c3":0.552,"c4":0.79},{"time":0.3333,"y":80.11,"curve":0.756,"c2":0.13,"c3":0.82,"c4":0.47},{"time":0.5333,"curve":0.551,"c2":0.02,"c3":0.514},{"time":0.6,"y":-23.96,"curve":0.551,"c2":0.02,"c3":0.514},{"time":0.6667}],"scale":[{"curve":0.551,"c2":0.02,"c3":0.514},{"time":0.1,"x":1.226,"y":0.872,"curve":0.385,"c2":0.54,"c3":0.552,"c4":0.79},{"time":0.3333,"x":0.948,"y":1.09,"curve":0.756,"c2":0.13,"c3":0.82,"c4":0.47},{"time":0.5333,"curve":0.551,"c2":0.02,"c3":0.514},{"time":0.6,"x":1.099,"y":0.934,"curve":0.551,"c2":0.02,"c3":0.514},{"time":0.6667}]},"r_pupil":{"translate":[{"curve":0.43,"c2":0.03,"c3":0.745,"c4":0.43},{"time":0.1667,"y":-16.79,"curve":0.416,"c2":0.27,"c3":0.654,"c4":0.7},{"time":0.4667,"y":3.31,"curve":0.25,"c2":0.58,"c3":0.553},{"time":0.6667}]},"l_pupil":{"translate":[{"curve":0.43,"c2":0.03,"c3":0.745,"c4":0.43},{"time":0.1667,"y":-16.79,"curve":0.416,"c2":0.27,"c3":0.654,"c4":0.7},{"time":0.4667,"y":3.31,"curve":0.25,"c2":0.58,"c3":0.553},{"time":0.6667}]},"hat":{"translate":[{"curve":0.554,"c2":0.02,"c3":0.753,"c4":0.57},{"time":0.1,"x":0.71,"y":-3.09,"curve":0.244,"c2":0.55,"c3":0.518},{"time":0.4,"x":1.08,"y":4.21,"curve":0.551,"c2":0.02,"c3":0.514},{"time":0.6,"x":0.71,"y":-3.09,"curve":0.244,"c2":0.55,"c3":0.518},{"time":0.6667}],"scale":[{"curve":0.551,"c2":0.02,"c3":0.514},{"time":0.4,"x":0.937,"y":1.141,"curve":0.551,"c2":0.02,"c3":0.514},{"time":0.6,"x":1.035,"curve":0.551,"c2":0.02,"c3":0.514},{"time":0.6667}]},"head_02":{"translate":[{"curve":0.551,"c2":0.02,"c3":0.514},{"time":0.4,"y":7.77,"curve":0.551,"c2":0.02,"c3":0.514},{"time":0.6,"y":-4.16,"curve":0.551,"c2":0.02,"c3":0.514},{"time":0.6667}]},"head_03":{"translate":[{"curve":0.551,"c2":0.02,"c3":0.514},{"time":0.1,"y":-11.4,"curve":0.551,"c2":0.02,"c3":0.514},{"time":0.4667,"y":-0.61,"curve":0.551,"c2":0.02,"c3":0.514},{"time":0.6,"y":-14.93,"curve":0.551,"c2":0.02,"c3":0.514},{"time":0.6667}]},"bow":{"rotate":[{"curve":0.551,"c2":0.02,"c3":0.514},{"time":0.1,"angle":5.53,"curve":0.385,"c2":0.54,"c3":0.552,"c4":0.79},{"time":0.3333,"angle":-11.52,"curve":0.614,"c2":0.14,"c3":0.784,"c4":0.49},{"time":0.5333,"angle":23.96,"curve":0.551,"c2":0.02,"c3":0.514},{"time":0.6667}]}}},"recover":{"slots":{"Poof/poof_3":{"attachment":[{"name":null}]},"Spider/eyes_02":{"attachment":[{"name":"Spraycan/eyes_04"},{"time":0.2667,"name":"Spraycan/eyes_03"},{"time":0.3333,"name":"Spraycan/eyes_02"},{"time":0.4,"name":null}]},"Spraycan/mouth_01":{"attachment":[{"name":"Spraycan/mouth_02"},{"time":0.4,"name":"Spraycan/mouth_01"}]}},"bones":{"body":{"scale":[{"x":1.054,"y":0.928,"curve":0.551,"c2":0.02,"c3":0.514},{"time":0.4667}]},"hat":{"rotate":[{"angle":2.97,"curve":0.551,"c2":0.02,"c3":0.514},{"time":0.4667}],"translate":[{"x":-0.16,"y":-2.43,"curve":0.551,"c2":0.02,"c3":0.514},{"time":0.4667}],"scale":[{"y":1.106,"curve":0.551,"c2":0.02,"c3":0.514},{"time":0.4667}]},"bow":{"rotate":[{"angle":11.16,"curve":0.551,"c2":0.02,"c3":0.514},{"time":0.4667}]}}},"shoot":{"slots":{"Poof/poof_3":{"attachment":[{"name":null}]},"Spider/eyes_02":{"attachment":[{"time":0.7,"name":"Spraycan/eyes_04"},{"time":0.8333,"name":"Spraycan/eyes_03"},{"time":0.9,"name":"Spraycan/eyes_02"},{"time":1,"name":null}]}},"bones":{"head_02":{"translate":[{"curve":0.567,"c2":0.02,"c3":0.731,"c4":0.61},{"time":0.6667,"y":6.44,"curve":0.319,"c2":0.35,"c3":0.65,"c4":0.69},{"time":0.7333,"y":-7.08,"curve":0.256,"c2":0.6,"c3":0.566},{"time":1}]},"body":{"scale":[{"curve":0.551,"c2":0.02,"c3":0.514},{"time":0.6667,"y":1.065,"curve":0.551,"c2":0.02,"c3":0.514},{"time":0.7333,"x":1.08,"y":0.895,"curve":0.551,"c2":0.02,"c3":0.514},{"time":1}]},"head_03":{"translate":[{"curve":0.569,"c2":0.02,"c3":0.587,"c4":0.85},{"time":0.6667,"y":-1.86,"curve":0.302,"c2":0.65,"c3":0.633},{"time":0.7333,"y":3.32,"curve":0.551,"c2":0.02,"c3":0.514},{"time":1}],"scale":[{"curve":0.551,"c2":0.02,"c3":0.514},{"time":0.6667,"x":0.873,"y":0.873,"curve":0.551,"c2":0.02,"c3":0.514},{"time":0.7333,"x":1.208,"y":1.267,"curve":0.551,"c2":0.02,"c3":0.514},{"time":1}]},"hat":{"translate":[{"curve":0.567,"c2":0.02,"c3":0.731,"c4":0.61},{"time":0.6667,"y":2.54,"curve":0.319,"c2":0.35,"c3":0.65,"c4":0.69},{"time":0.7333,"y":-9.42,"curve":0.256,"c2":0.6,"c3":0.566},{"time":1}],"scale":[{"curve":0.567,"c2":0.02,"c3":0.731,"c4":0.61},{"time":0.6667,"y":1.081,"curve":0.319,"c2":0.35,"c3":0.65,"c4":0.69},{"time":0.7333,"y":0.873,"curve":0.256,"c2":0.6,"c3":0.566},{"time":1}]},"bow":{"rotate":[{"curve":0.567,"c2":0.02,"c3":0.731,"c4":0.61},{"time":0.6667,"angle":14,"curve":0.319,"c2":0.35,"c3":0.65,"c4":0.69},{"time":0.7333,"angle":-16.56,"curve":0.256,"c2":0.6,"c3":0.566},{"time":1}]}}}}}