{
  "hell_locked": "LOCKED",
  "ui_mm_start": "Play Game",
  "ui_trophie_title": "Trophies",
  "ui_trophie_section1_title": "Standard Acts",
  "ui_trophie_section2_title": "Hardcore",
  "ui_trophie_section3_title": "Awesome Stuff",
  "ui_trophie_section4_title": "Completion",
  "ui_trophie_name_1": "Act 1",
  "ui_trophie_name_2": "Act 2",
  "ui_trophie_name_3": "Act 3",
  "ui_trophie_name_4": "Act 4",
  "ui_trophie_name_5": "Act 5",
  "ui_trophie_name_6": "Act 6",
  "ui_trophie_name_7": "Act 7",
  "ui_trophie_name_8": "Act 8",
  "ui_trophie_name_9": "Act 9",
  "ui_trophie_name_10": "Vexation",
  "ui_trophie_name_11": "Mine !",
  "ui_trophie_name_12": "Thanks Box !",
  "ui_trophie_name_13": "It's the Climb !",
  "ui_trophie_name_14": "Between a Saw",
  "ui_trophie_name_15": "Leap of Faith",
  "ui_trophie_name_16": "Keychain",
  "ui_trophie_name_17": "Take the Plunge",
  "ui_trophie_name_18": "Lights Out !",
  "ui_trophie_name_19": "Outside the Box",
  "ui_trophie_name_20": "Inside the Box",
  "ui_trophie_name_21": "One Step At A Time",
  "ui_trophie_name_22": "Double Down",
  "ui_trophie_name_23": "Third's the Charm",
  "ui_trophie_name_24": "Fantastic Four",
  "ui_trophie_name_25": "High Five",
  "ui_trophie_name_26": "Demon",
  "ui_trophie_name_27": "You're Lucky",
  "ui_trophie_name_28": "Eight Times the Champ",
  "ui_trophie_name_29": "Nine Lives",
  "ui_trophie_name_30": "Perfect !",
  "ui_trophie_name_31": "Gasping",
  "ui_trophie_name_32": "Time Flies V2.0",
  "ui_trophie_name_33": "Heads Up",
  "ui_trophie_name_34": "Death Tycoon",
  "ui_trophie_name_35": "Olympian",
  "ui_trophie_name_36": "Perfectionist",
  "ui_trophie_name_37": "Astronomer",
  "ui_trophie_name_38": "Winner",
  "ui_trophie_name_39": "Challenger",
  "ui_trophie_description_1": "Complete Act 1 to any ranking",
  "ui_trophie_description_2": "Complete Act 2 to any ranking",
  "ui_trophie_description_3": "Complete Act 3 to any ranking",
  "ui_trophie_description_4": "Complete Act 4 to any ranking",
  "ui_trophie_description_5": "Complete Act 5 to any ranking",
  "ui_trophie_description_6": "Complete Act 6 to any ranking",
  "ui_trophie_description_7": "Complete Act 7 to any ranking",
  "ui_trophie_description_8": "Complete Act 8 to any ranking",
  "ui_trophie_description_9": "Complete Act 9 to any ranking",
  "ui_trophie_description_10": "Complete the Vexation to any ranking",
  "ui_trophie_description_11": "Grab the hidden star on Act 1",
  "ui_trophie_description_12": "Grab the hidden star on Act 2",
  "ui_trophie_description_13": "Grab the hidden star on Act 3",
  "ui_trophie_description_14": "Grab the hidden star on Act 4",
  "ui_trophie_description_15": "Grab the hidden star on Act 5",
  "ui_trophie_description_16": "Grab the hidden star on Act 6",
  "ui_trophie_description_17": "Grab the hidden star on Act 7",
  "ui_trophie_description_18": "Grab the hidden star on Act 8",
  "ui_trophie_description_19": "Grab the hidden star on Act 9",
  "ui_trophie_description_20": "Grab the hidden star on the Vexation",
  "ui_trophie_description_21": "Complete Challenge Mode for Act 1",
  "ui_trophie_description_22": "Complete Challenge Mode for Act 2",
  "ui_trophie_description_23": "Complete Challenge Mode for Act 3",
  "ui_trophie_description_24": "Complete Challenge Mode for Act 4",
  "ui_trophie_description_25": "Complete Challenge Mode for Act 5",
  "ui_trophie_description_26": "Complete Challenge Mode for Act 6",
  "ui_trophie_description_27": "Complete Challenge Mode for Act 7",
  "ui_trophie_description_28": "Complete Challenge Mode for Act 8",
  "ui_trophie_description_29": "Complete Challenge Mode for Act 9",
  "ui_trophie_description_30": "Complete any Act with Perfect ranking",
  "ui_trophie_description_31": "Surface from swimming with one bubble left",
  "ui_trophie_description_32": "Play the game for over one hour",
  "ui_trophie_description_33": "Get crushed by a pushable block",
  "ui_trophie_description_34": "Get over 100 total deaths",
  "ui_trophie_description_35": "Achieve Gold or better on every Act",
  "ui_trophie_description_36": "Achieve Perfect or better on every Act",
  "ui_trophie_description_37": "Collect every star in the game",
  "ui_trophie_description_38": "Complete every Act in Challenge Mode",
  "ui_trophie_description_39": "Complete the Challenge room",
  "ui_level_complete_title": "Level Complete",
  "ui_options_title": "Options",
  "ui_options_music": "Music",
  "ui_options_sound": "Sound",
  "ui_options_enable": "ON",
  "ui_options_disable": "OFF",
  "ui_options_auto_save": "Auto reset when\nbest time passed",
  "ui_gp_hub_name_title": "Your Time:",
  "ui_gp_rank_gold": "Gold",
  "ui_gp_rank_silver": "Silver",
  "ui_gp_rank_bronze": "Bronze",
  "ui_gp_deaths_hub": "Total deaths: {0}",
  "ui_gp_deaths": "Deaths: {0}",
  "ui_gp_challenge_floor": "FLOOR",
  "ui_act_select_title": "Act Select",
  "ui_gp_challenge_floors": "Floors:",
  "ui_gp_challenge_time": "Your Time:",
  "ui_achievement_title": "Achievements unlocked!",
  "act_select_hard": "Hard mode"
}