{"frames": [

{
	"filename": "mm_challenge_room_button.png",
	"frame": {"x":1,"y":1,"w":85,"h":87},
	"rotated": false,
	"trimmed": false,
	"spriteSourceSize": {"x":0,"y":0,"w":85,"h":87},
	"sourceSize": {"w":85,"h":87}
},
{
	"filename": "mm_highscore_button.png",
	"frame": {"x":88,"y":1,"w":85,"h":87},
	"rotated": false,
	"trimmed": false,
	"spriteSourceSize": {"x":0,"y":0,"w":85,"h":87},
	"sourceSize": {"w":85,"h":87}
},
{
	"filename": "mm_logo.png",
	"frame": {"x":1,"y":210,"w":353,"h":147},
	"rotated": false,
	"trimmed": true,
	"spriteSourceSize": {"x":4,"y":2,"w":353,"h":147},
	"sourceSize": {"w":357,"h":150}
},
{
	"filename": "mm_play_buttton.png",
	"frame": {"x":1,"y":90,"w":298,"h":118},
	"rotated": false,
	"trimmed": false,
	"spriteSourceSize": {"x":0,"y":0,"w":298,"h":118},
	"sourceSize": {"w":298,"h":118}
},
{
	"filename": "mm_settings_button.png",
	"frame": {"x":175,"y":1,"w":85,"h":87},
	"rotated": false,
	"trimmed": false,
	"spriteSourceSize": {"x":0,"y":0,"w":85,"h":87},
	"sourceSize": {"w":85,"h":87}
},
{
	"filename": "mm_trophy_button.png",
	"frame": {"x":262,"y":1,"w":85,"h":87},
	"rotated": false,
	"trimmed": false,
	"spriteSourceSize": {"x":0,"y":0,"w":85,"h":87},
	"sourceSize": {"w":85,"h":87}
}],
"meta": {
	"app": "https://www.codeandweb.com/texturepacker",
	"version": "1.0",
	"image": "atlas_ui_main_menu.png",
	"format": "RGBA8888",
	"size": {"w":355,"h":358},
	"scale": "1",
	"smartupdate": "$TexturePacker:SmartUpdate:dee1da9e1079d75641b06fc1a98def75:d89338fddf2e733d699a3dea1da812c1:e74b37f985d7d560acd994665e2885a8$"
}
}
