{"frames": [

{
	"filename": "pa_act_select_button.png",
	"frame": {"x":453,"y":161,"w":67,"h":69},
	"rotated": false,
	"trimmed": false,
	"spriteSourceSize": {"x":0,"y":0,"w":67,"h":69},
	"sourceSize": {"w":67,"h":69}
},
{
	"filename": "pa_check.png",
	"frame": {"x":729,"y":191,"w":29,"h":23},
	"rotated": false,
	"trimmed": true,
	"spriteSourceSize": {"x":2,"y":2,"w":29,"h":23},
	"sourceSize": {"w":32,"h":27}
},
{
	"filename": "pa_check_box.png",
	"frame": {"x":729,"y":216,"w":27,"h":27},
	"rotated": false,
	"trimmed": true,
	"spriteSourceSize": {"x":3,"y":0,"w":27,"h":27},
	"sourceSize": {"w":32,"h":27}
},
{
	"filename": "pa_close_button.png",
	"frame": {"x":729,"y":161,"w":29,"h":28},
	"rotated": false,
	"trimmed": false,
	"spriteSourceSize": {"x":0,"y":0,"w":29,"h":28},
	"sourceSize": {"w":29,"h":28}
},
{
	"filename": "pa_container.png",
	"frame": {"x":2,"y":2,"w":449,"h":487},
	"rotated": false,
	"trimmed": true,
	"spriteSourceSize": {"x":3,"y":2,"w":449,"h":487},
	"sourceSize": {"w":454,"h":492}
},
{
	"filename": "pa_home_button.png",
	"frame": {"x":522,"y":161,"w":67,"h":69},
	"rotated": false,
	"trimmed": false,
	"spriteSourceSize": {"x":0,"y":0,"w":67,"h":69},
	"sourceSize": {"w":67,"h":69}
},
{
	"filename": "pa_off_button.png",
	"frame": {"x":453,"y":111,"w":151,"h":48},
	"rotated": false,
	"trimmed": false,
	"spriteSourceSize": {"x":0,"y":0,"w":151,"h":48},
	"sourceSize": {"w":151,"h":48}
},
{
	"filename": "pa_on_button.png",
	"frame": {"x":606,"y":111,"w":151,"h":48},
	"rotated": false,
	"trimmed": false,
	"spriteSourceSize": {"x":0,"y":0,"w":151,"h":48},
	"sourceSize": {"w":151,"h":48}
},
{
	"filename": "pa_play_button.png",
	"frame": {"x":453,"y":2,"w":307,"h":107},
	"rotated": false,
	"trimmed": true,
	"spriteSourceSize": {"x":1,"y":0,"w":307,"h":107},
	"sourceSize": {"w":309,"h":107}
},
{
	"filename": "pa_reload_button.png",
	"frame": {"x":591,"y":161,"w":67,"h":69},
	"rotated": false,
	"trimmed": false,
	"spriteSourceSize": {"x":0,"y":0,"w":67,"h":69},
	"sourceSize": {"w":67,"h":69}
},
{
	"filename": "pa_trophies_button.png",
	"frame": {"x":660,"y":161,"w":67,"h":69},
	"rotated": false,
	"trimmed": false,
	"spriteSourceSize": {"x":0,"y":0,"w":67,"h":69},
	"sourceSize": {"w":67,"h":69}
}],
"meta": {
	"app": "http://www.codeandweb.com/texturepacker",
	"version": "1.0",
	"image": "atlas_ui_pause.png",
	"format": "RGBA8888",
	"size": {"w":762,"h":491},
	"scale": "1",
	"smartupdate": "$TexturePacker:SmartUpdate:29cff1e28a2e8db16c0ce070533874b5:f3bc274a177715c3c6ca0c744561b062:731ada20cd474d7c4cd8bf9083299d90$"
}
}
