[{"type":"basicBlock","x":-110,"y":29,"width":300.7,"height":100.05},{"type":"spike10x","x":186,"y":-29,"rotation":0},{"type":"basicBlock","x":900,"y":62,"width":220,"height":100.05},{"type":"textFade","x":402,"y":-391,"rotation":179.99913024902344,"textNum":15},{"type":"textFade","x":487,"y":228,"rotation":0,"textNum":15},{"type":"textFade","x":-311,"y":-262,"rotation":179.99913024902344,"textNum":16},{"type":"textFade","x":598,"y":-54,"rotation":-90.00175476074219,"textNum":17},{"type":"textFade","x":1145,"y":224,"rotation":-45,"textNum":15},{"type":"textFade","x":-422,"y":-85,"rotation":-90,"textNum":15},{"type":"bounceBlock","x":-113,"y":302,"width":50,"height":50},{"type":"checkpoint","x":-68,"y":-53},{"type":"buzzsaw","x":-178,"y":76,"width":101},{"type":"basicBlock","x":735,"y":328,"width":1000,"height":100.05},{"type":"textFade","x":357.525,"y":318.475,"rotation":0,"textNum":10},{"type":"basicBlock","x":139,"y":169,"width":200,"height":380},{"type":"textFade","x":854,"y":324,"rotation":0,"textNum":11},{"type":"basicBlock","x":1250,"y":127,"width":100,"height":500},{"type":"textFade","x":-143,"y":-184,"rotation":0,"textNum":12},{"type":"checkpoint","x":957,"y":-22},{"type":"basicBlock","x":337,"y":575,"width":220,"height":100.05},{"type":"checkpoint","x":-232,"y":289},{"type":"textFade","x":901.3276450511945,"y":59.96245733788396,"rotation":0,"textNum":14},{"type":"bounceBlock","x":716,"y":44,"width":50,"height":50},{"type":"basicBlock","x":589,"y":-110,"width":100,"height":450},{"type":"basicBlock","x":-777,"y":132,"width":186,"height":100.05},{"type":"bounceBlock","x":-162,"y":302,"width":50,"height":50},{"type":"basicBlock","x":-810,"y":-181,"width":217.6,"height":75},{"type":"ziplinePole","x":587,"y":-361},{"type":"ziplinePole","x":5,"y":-244},{"type":"textFade","x":393,"y":-431,"rotation":0,"textNum":18},{"type":"basicBlock","x":-267,"y":489,"width":171,"height":350},{"type":"textFade","x":-798,"y":-180,"rotation":0,"textNum":41},{"type":"fallingBlock","x":-428,"y":-193,"width":50,"height":50},{"type":"fallingBlock","x":-478,"y":-193,"width":50,"height":50},{"type":"fallingBlock","x":-528,"y":-193,"width":50,"height":50},{"type":"fallingBlock","x":-578,"y":-193,"width":50,"height":50},{"type":"fallingBlock","x":-628,"y":-193,"width":50,"height":50},{"type":"fallingBlock","x":-678,"y":-193,"width":50,"height":50},{"type":"spike","x":466,"y":270,"rotation":0},{"type":"spike","x":478,"y":270,"rotation":0},{"type":"spike","x":490,"y":270,"rotation":0},{"type":"spike10x","x":675,"y":270,"rotation":0},{"type":"buzzsaw","x":961,"y":216,"width":101},{"type":"basicBlock","x":1059,"y":161,"width":99,"height":99},{"type":"textFade","x":1151,"y":129,"rotation":-135,"textNum":15},{"type":"buzzsawOnStick","x":334,"y":-267,"rotation":144},{"type":"buzzsaw","x":786,"y":67,"width":101},{"type":"buzzsaw","x":643,"y":70,"width":101},{"type":"bounceBlock","x":332,"y":9,"width":50,"height":50},{"type":"star","x":332,"y":-47},{"type":"basicBlock","x":-104,"y":-168,"width":300,"height":100},{"type":"spike10x","x":99,"y":-29,"rotation":0},{"type":"ziplinePole","x":-729,"y":47},{"type":"ziplinePole","x":-288,"y":299},{"type":"buzzsaw","x":-91,"y":78,"width":101},{"type":"buzzsaw","x":-2,"y":78,"width":101},{"type":"bounceBlock","x":15,"y":301,"width":50,"height":50},{"type":"bounceBlock","x":-35,"y":301,"width":50,"height":50},{"type":"buzzsawOnStick","x":-547,"y":206,"rotation":144},{"type":"horizontalBlock","x":-54,"y":540,"width":50,"height":50},{"type":"finishPortal","x":356,"y":491},{"type":"spike10x","x":-176,"y":508,"rotation":90},{"type":"spike10x","x":192,"y":367,"rotation":-180},{"type":"bounceBlock","x":152,"y":550,"width":150,"height":50},{"type":"spike10x","x":97,"y":367,"rotation":-180},{"type":"buzzsaw","x":-448,"y":48,"width":101},{"type":"buzzsaw","x":-306,"y":46,"width":101},{"type":"spike10x","x":286.97123519458546,"y":385.5160744500846,"rotation":-180},{"type":"shurikanDispenser","x":1152,"y":25},{"type":"spike10x","x":647,"y":-49,"rotation":90},{"type":"buzzsawOnStick","x":805,"y":-188,"rotation":128},{"type":"bouncingBuzzsaw","x":1065,"y":-126,"width":101},{"type":"bouncingBuzzsaw","x":590,"y":-571,"width":101},{"type":"buzzsaw","x":6,"y":-266,"width":101},{"type":"bounceBlock","x":-381,"y":5,"width":50,"height":50},{"type":"classicLaser","x":-761,"y":-316},{"type":"shurikanDispenser","x":-553,"y":-313},{"type":"classicLaser","x":170,"y":-175},{"type":"buzzsaw","x":-326,"y":-194,"width":101},{"type":"bounceBlock","x":-1010,"y":192,"width":50,"height":50},{"type":"buzzsaw","x":-1049,"y":52,"width":50},{"type":"buzzsaw","x":-973,"y":51,"width":50},{"type":"buzzsaw","x":-1048,"y":-133,"width":50},{"type":"buzzsaw","x":-974,"y":-133,"width":50},{"type":"buzzsaw","x":-673,"y":-142,"width":101},{"type":"buzzsaw","x":-583,"y":-141,"width":101},{"type":"buzzsaw","x":-492,"y":-138,"width":101},{"type":"classicLaser","x":-143,"y":375},{"type":"shurikanDispenser","x":418,"y":496},{"type":"bouncingBuzzsaw","x":147,"y":375,"width":30},{"type":"spike10x","x":-176,"y":-27,"rotation":0},{"type":"bouncingBuzzsaw","x":-872,"y":-360,"width":101},{"type":"checkpoint","x":-146.92607003891044,"y":-251.51750972762642},{"type":"spawnPoint","x":349.85,"y":260.45}]