[{"type":"textFade","x":-1121,"y":86,"rotation":0,"textNum":5},{"type":"bouncingBuzzsaw","x":-1772,"y":-327,"width":56.99999999999999},{"type":"bouncingBuzzsaw","x":-1628,"y":-436,"width":56.99999999999999},{"type":"basicBlock","x":-1312,"y":-14,"width":80,"height":698},{"type":"bouncingBuzzsaw","x":-1675,"y":224,"width":56.99999999999999},{"type":"bouncingBuzzsaw","x":-1825,"y":170,"width":56.99999999999999},{"type":"bouncingBuzzsaw","x":-1876,"y":-424,"width":56.99999999999999},{"type":"checkpoint","x":-574,"y":516},{"type":"spike10x","x":-96,"y":282,"rotation":0},{"type":"basicBlock","x":-107,"y":128,"width":100,"height":122.65},{"type":"wire","x":410.9,"y":62.05,"rotation":90},{"type":"wire","x":360.9,"y":62.05,"rotation":90},{"type":"wire","x":310.9,"y":62.05,"rotation":90},{"type":"wire","x":260.9,"y":62.05,"rotation":90},{"type":"wire","x":210.9,"y":62.05,"rotation":90},{"type":"wire","x":160.9,"y":62.05,"rotation":90},{"type":"wire","x":111,"y":62,"rotation":90},{"type":"wire","x":61,"y":62,"rotation":90},{"type":"wire","x":12,"y":62,"rotation":90},{"type":"wire","x":-38,"y":62,"rotation":90},{"type":"wire","x":-88,"y":62,"rotation":90},{"type":"wire","x":-138,"y":62,"rotation":90},{"type":"wire","x":-165,"y":83,"rotation":0},{"type":"wire","x":-186,"y":112,"rotation":90},{"type":"wire","x":-236,"y":112,"rotation":90},{"type":"wire","x":-286,"y":112,"rotation":90},{"type":"wire","x":-336,"y":112,"rotation":90},{"type":"wire","x":-386,"y":112,"rotation":90},{"type":"wire","x":-436,"y":112,"rotation":90},{"type":"wire","x":-486,"y":112,"rotation":90},{"type":"wire","x":-536,"y":112,"rotation":90},{"type":"wire","x":-586,"y":112,"rotation":90},{"type":"wire","x":-636,"y":112,"rotation":90},{"type":"wire","x":-686,"y":112,"rotation":90},{"type":"wire","x":-736,"y":112,"rotation":90},{"type":"wire","x":-786,"y":112,"rotation":90},{"type":"wire","x":-836,"y":112,"rotation":90},{"type":"wire","x":-886,"y":112,"rotation":90},{"type":"wire","x":-936,"y":112,"rotation":90},{"type":"wire","x":-986,"y":112,"rotation":90},{"type":"wire","x":-1036,"y":112,"rotation":90},{"type":"wire","x":-1086,"y":112,"rotation":90},{"type":"wire","x":-1107,"y":141,"rotation":0},{"type":"finishPortal","x":484.9,"y":-51.75},{"type":"explosiveBlock","x":485.05,"y":27.3,"width":100,"height":100},{"type":"checkpoint","x":430,"y":243},{"type":"basicBlock","x":-1184,"y":285,"width":335.9,"height":100},{"type":"basicBlock","x":-383,"y":-319,"width":100,"height":597.1},{"type":"basicBlock","x":-96,"y":382,"width":100,"height":197.8},{"type":"basicBlock","x":482,"y":106,"width":1250,"height":50},{"type":"textFade","x":-176,"y":238,"rotation":0,"textNum":5},{"type":"basicBlock","x":-440.1,"y":680.55,"width":200,"height":100},{"type":"basicBlock","x":-581.15,"y":341.35,"width":100,"height":217},{"type":"buzzsawOnStick","x":25,"y":725,"rotation":1218},{"type":"basicBlock","x":-581.15,"y":784.4,"width":100,"height":486.9},{"type":"lightSwitch","x":355,"y":670},{"type":"basicBlock","x":-960,"y":978,"width":670,"height":100},{"type":"solarBlock","x":124,"y":622,"width":50,"height":50},{"type":"basicBlock","x":-1274,"y":811,"width":100,"height":436.8},{"type":"checkpoint","x":-1449,"y":553},{"type":"basicBlock","x":-1269,"y":411,"width":100,"height":158.5},{"type":"basicBlock","x":-1627,"y":640,"width":800,"height":100},{"type":"bounceBlock","x":-1973,"y":565,"width":50,"height":50},{"type":"circularCannon","x":-873,"y":-568},{"type":"checkpoint","x":-1263,"y":-450},{"type":"basicBlock","x":-2071,"y":78,"width":100,"height":1224.1},{"type":"textFade","x":-1913,"y":422,"rotation":-89.99824523925781,"textNum":5},{"type":"pushBlock","x":80,"y":-626,"width":50,"height":49.9},{"type":"checkpoint","x":-696,"y":-492},{"type":"iceBlock","x":-29,"y":-560,"width":450,"height":75},{"type":"swimmingPool","x":-801,"y":-198,"width":900,"height":322.1},{"type":"basicBlock","x":341,"y":-699,"width":100,"height":1500},{"type":"checkpoint","x":251,"y":-627},{"type":"textFade","x":761,"y":201,"rotation":90,"textNum":5},{"type":"lockBlock","x":56,"y":-80,"width":100.05,"height":100},{"type":"timedKey","x":-287,"y":-261},{"type":"fallingBlock","x":-170,"y":-183,"width":50,"height":30},{"type":"fallingBlock","x":-120,"y":-183,"width":50,"height":30},{"type":"fallingBlock","x":-70,"y":-183,"width":50,"height":30},{"type":"fallingBlock","x":-20,"y":-183,"width":50,"height":30},{"type":"textFade","x":-1166.65,"y":287.3,"rotation":0,"textNum":42},{"type":"star","x":256,"y":-463},{"type":"bouncingBuzzsaw","x":-974,"y":74,"width":50},{"type":"speedBlockLeft","x":-830,"y":285,"width":400,"height":100},{"type":"bouncingBuzzsaw","x":-873,"y":22,"width":50},{"type":"bouncingBuzzsaw","x":-775,"y":74,"width":50},{"type":"bouncingBuzzsaw","x":-677,"y":23,"width":50},{"type":"classicLaser","x":-829,"y":15},{"type":"circularCannon","x":-331,"y":262},{"type":"spike10x","x":-107,"y":191,"rotation":-180},{"type":"pole","x":78,"y":290},{"type":"pole","x":223,"y":230},{"type":"basicBlock","x":409,"y":381,"width":200,"height":200},{"type":"basicBlock","x":150,"y":456,"width":400,"height":50},{"type":"spike30x","x":99,"y":424,"rotation":0},{"type":"spike10x","x":293,"y":422,"rotation":0},{"type":"fallingSpike","x":31,"y":137,"rotation":-13500},{"type":"fallingSpike","x":45,"y":137,"rotation":-13500},{"type":"fallingSpike","x":60,"y":137,"rotation":-13500},{"type":"fallingSpike","x":75,"y":137,"rotation":-13500},{"type":"fallingSpike","x":89,"y":137,"rotation":-13500},{"type":"fallingSpike","x":102,"y":137,"rotation":-13500},{"type":"fallingSpike","x":118,"y":137,"rotation":-13500},{"type":"fallingSpike","x":131,"y":137,"rotation":-13500},{"type":"fallingSpike","x":145,"y":137,"rotation":-13500},{"type":"fallingSpike","x":161,"y":137,"rotation":-13500},{"type":"fallingSpike","x":176,"y":137,"rotation":-13500},{"type":"fallingSpike","x":191,"y":137,"rotation":-13500},{"type":"fallingSpike","x":206,"y":137,"rotation":-13500},{"type":"fallingSpike","x":219,"y":137,"rotation":-13500},{"type":"fallingSpike","x":234,"y":137,"rotation":-13500},{"type":"fallingSpike","x":248,"y":137,"rotation":-13500},{"type":"fallingSpike","x":261,"y":137,"rotation":-13500},{"type":"fallingSpike","x":274,"y":137,"rotation":-13500},{"type":"fallingSpike","x":287,"y":137,"rotation":-13500},{"type":"fallingSpike","x":300,"y":137,"rotation":-13500},{"type":"fallingSpike","x":314,"y":137,"rotation":-13500},{"type":"glassBlock","x":560,"y":381,"width":100,"height":200},{"type":"buzzsaw","x":558,"y":429,"width":101},{"type":"glassBlock","x":660,"y":431,"width":100,"height":100},{"type":"glassBlock","x":710,"y":331,"width":200,"height":100},{"type":"glassBlock","x":810,"y":431,"width":200,"height":100},{"type":"glassBlock","x":860,"y":331,"width":100,"height":100},{"type":"glassBlock","x":710,"y":531,"width":200,"height":100},{"type":"glassBlock","x":560,"y":531,"width":100,"height":100},{"type":"glassBlock","x":910,"y":531,"width":200,"height":100},{"type":"glassBlock","x":960,"y":381,"width":100,"height":200},{"type":"buzzsawVerticalUp","x":654,"y":332},{"type":"buzzsawVerticalUp","x":855,"y":431},{"type":"buzzsawVerticalUp","x":755,"y":530},{"type":"buzzsawVerticalUp","x":962,"y":532},{"type":"pole","x":631,"y":673},{"type":"shurikanDispenser","x":527,"y":724},{"type":"basicBlock","x":398,"y":748,"width":99,"height":99},{"type":"invisBlock","x":224,"y":725,"width":50,"height":50},{"type":"invisBlock","x":124,"y":725,"width":50,"height":50},{"type":"laserPoint","x":-560,"y":352},{"type":"laserPoint","x":-126,"y":350},{"type":"hazardStrips","x":-541,"y":300},{"type":"hazardStrips","x":-145,"y":302},{"type":"invisBlock","x":26,"y":725,"width":50,"height":50},{"type":"invisBlock","x":-76,"y":726,"width":50,"height":50},{"type":"solarBlock","x":124,"y":672,"width":50,"height":50},{"type":"solarBlock","x":124,"y":572,"width":50,"height":50},{"type":"solarBlock","x":124,"y":522,"width":50,"height":50},{"type":"checkpoint","x":-562,"y":200},{"type":"invisBlock","x":-174,"y":725,"width":50,"height":null},{"type":"basicBlock","x":0,"y":820,"width":800,"height":50},{"type":"spike30x","x":203,"y":786,"rotation":0},{"type":"spike30x","x":-87,"y":786,"rotation":0},{"type":"spike30x","x":-249,"y":786,"rotation":0},{"type":"basicBlock","x":1059,"y":347,"width":99,"height":470},{"type":"invisBlock","x":-174,"y":725,"width":50,"height":50},{"type":"invisBlock","x":-276,"y":675,"width":50,"height":50},{"type":"buzzsawOnStick","x":-395,"y":673,"rotation":1032},{"type":"basicBlock","x":-378,"y":744,"width":50,"height":200},{"type":"pole","x":874,"y":673},{"type":"textFade","x":755,"y":728,"rotation":-180,"textNum":5},{"type":"elevatorGeneratorUp","x":-854,"y":898},{"type":"elevatorGeneratorUp","x":-1153,"y":898},{"type":"elevatorGeneratorDown","x":-1004,"y":364},{"type":"elevatorGeneratorDown","x":-706,"y":364},{"type":"elevatorEliminator","x":-1153,"y":364},{"type":"elevatorEliminator","x":-1003,"y":898},{"type":"elevatorEliminator","x":-855,"y":364},{"type":"elevatorEliminator","x":-705,"y":898},{"type":"spike30x","x":-1074,"y":860,"rotation":0},{"type":"spike30x","x":-779,"y":861,"rotation":0},{"type":"spike30x","x":-1073,"y":403,"rotation":-180},{"type":"spike30x","x":-782,"y":403,"rotation":-180},{"type":"buzzsawVerticalDown","x":-1077,"y":626},{"type":"buzzsawVerticalDown","x":-783,"y":628},{"type":"buzzsawVerticalUp","x":-927,"y":630},{"type":"buzzsawOnStick","x":-1265,"y":643,"rotation":888},{"type":"pole","x":-1973,"y":226},{"type":"pole","x":-1824,"y":181},{"type":"pole","x":-1678,"y":126},{"type":"pole","x":-1526,"y":74},{"type":"bounceBlock","x":-1377,"y":75,"width":50,"height":50},{"type":"pole","x":-1378,"y":-221},{"type":"pole","x":-1526,"y":-275},{"type":"bouncingBuzzsaw","x":-1522,"y":-433,"width":50},{"type":"spike10x","x":-2070,"y":-540,"rotation":0},{"type":"bounceBlock","x":-518,"y":-375,"width":50,"height":30},{"type":"spike30x","x":-2014,"y":-79,"rotation":90},{"type":"spike30x","x":-2015,"y":-381,"rotation":90},{"type":"buzzsaw","x":-424,"y":-898,"width":101},{"type":"buzzsaw","x":-388,"y":-664,"width":101},{"type":"buzzsaw","x":-334,"y":-940,"width":101},{"type":"buzzsaw","x":-301,"y":-712,"width":101},{"type":"buzzsaw","x":-241,"y":-973,"width":101},{"type":"buzzsaw","x":-150,"y":-1003,"width":101},{"type":"basicBlock","x":-849,"y":-48,"width":900,"height":50},{"type":"buzzsaw","x":304,"y":-377,"width":101},{"type":"basicBlock","x":-1062,"y":-552,"width":99,"height":600},{"type":"basicBlock","x":-841,"y":-410,"width":350,"height":99},{"type":"buzzsaw","x":-936,"y":-239,"width":101},{"type":"buzzsaw","x":-1128,"y":-121,"width":101},{"type":"buzzsaw","x":-1248,"y":-241,"width":101},{"type":"buzzsaw","x":-751,"y":-128,"width":101},{"type":"buzzsaw","x":-813,"y":-239,"width":101},{"type":"buzzsaw","x":-438,"y":-246,"width":101},{"type":"buzzsaw","x":-1066,"y":-244,"width":101},{"type":"buzzsaw","x":-1011,"y":-122,"width":101},{"type":"buzzsaw","x":-690,"y":-243,"width":101},{"type":"buzzsaw","x":-625,"y":-128,"width":101},{"type":"buzzsaw","x":-558,"y":-242,"width":101},{"type":"buzzsaw","x":-489,"y":-130,"width":101},{"type":"buzzsaw","x":-881,"y":-122,"width":101},{"type":"buzzsaw","x":-1016,"y":-357,"width":101},{"type":"buzzsaw","x":-878,"y":-349,"width":101},{"type":"buzzsaw","x":-749,"y":-355,"width":101},{"type":"buzzsaw","x":-627,"y":-360,"width":101},{"type":"circularCannon","x":-557,"y":-727},{"type":"circularCannon","x":-162,"y":-859},{"type":"spike10x","x":-1063,"y":-859,"rotation":0},{"type":"spike30x","x":-1004,"y":-704,"rotation":90},{"type":"portal","x":209,"y":-73},{"type":"portal","x":654,"y":-113},{"type":"basicBlock","x":244,"y":-550,"width":99,"height":99},{"type":"bouncingBuzzsaw","x":26,"y":-724,"width":50},{"type":"bouncingBuzzsaw","x":128,"y":-722,"width":50},{"type":"basicBlock","x":-285,"y":-349,"width":99,"height":99},{"type":"buzzsaw","x":-194,"y":-724,"width":101},{"type":"buzzsaw","x":-98,"y":-733,"width":101},{"type":"spike30x","x":282,"y":-1003,"rotation":-90},{"type":"textFade","x":41,"y":-895,"rotation":45,"textNum":5},{"type":"textFade","x":-700,"y":-674,"rotation":-35,"textNum":5},{"type":"textFade","x":-1170,"y":-469,"rotation":90,"textNum":5},{"type":"textFade","x":-576,"y":-456,"rotation":-160,"textNum":5},{"type":"textFade","x":197,"y":-663,"rotation":-180,"textNum":5},{"type":"spike10x","x":-325,"y":-559,"rotation":90},{"type":"basicBlock","x":-30,"y":-511,"width":450,"height":20},{"type":"spike30x","x":-108,"y":-527,"rotation":0},{"type":"spike30x","x":87,"y":-528,"rotation":0},{"type":"basicBlock","x":653,"y":8,"width":99,"height":150},{"type":"basicBlock","x":-61,"y":-325,"width":400,"height":50},{"type":"buzzsawOnStick","x":-148,"y":-329,"rotation":408},{"type":"basicBlock","x":194,"y":-156,"width":200,"height":50},{"type":"basicBlock","x":55,"y":-180,"width":99,"height":99},{"type":"basicBlock","x":-30,"y":26,"width":800,"height":50},{"type":"basicBlock","x":-381,"y":-20,"width":99,"height":99},{"type":"spike30x","x":-235,"y":-8,"rotation":0},{"type":"spike30x","x":57,"y":-8,"rotation":0},{"type":"spike10x","x":249,"y":-8,"rotation":0},{"type":"pole","x":76,"y":-77},{"type":"checkpoint","x":40,"y":-262},{"type":"spike10x","x":156,"y":-190,"rotation":0},{"type":"spike10x","x":259,"y":-190,"rotation":0},{"type":"spike10x","x":-326,"y":-78,"rotation":90},{"type":"pole","x":-278,"y":-78},{"type":"pole","x":-171,"y":-77},{"type":"pole","x":-26,"y":-73},{"type":"checkpoint","x":419,"y":665},{"type":"basicBlock","x":592,"y":-251,"width":420,"height":99},{"type":"basicBlock","x":751,"y":-64,"width":99,"height":300},{"type":"textFade","x":127,"y":-267,"rotation":-180,"textNum":5},{"type":"textFade","x":-921,"y":532,"rotation":-180,"textNum":5},{"type":"textFade","x":-448,"y":487,"rotation":-180,"textNum":5},{"type":"basicBlock","x":-1274,"y":-223,"width":50,"height":400},{"type":"spawnPoint","x":-1177,"y":216}]