[{"type":"basicBlock","x":-727,"y":20,"width":400,"height":99},{"type":"portal","x":-867,"y":-63},{"type":"finishPortal","x":-579,"y":-55},{"type":"basicBlock","x":-502,"y":-180,"width":50,"height":500},{"type":"glassBlock","x":-328,"y":25,"width":100,"height":100},{"type":"portal","x":-873,"y":-1382},{"type":"basicBlock","x":-428,"y":124,"width":99,"height":300},{"type":"basicBlock","x":-330,"y":224,"width":99,"height":99},{"type":"speedBlock","x":-80.19921875,"y":224.19921875,"width":400,"height":100},{"type":"textFade","x":-352,"y":219,"rotation":0,"textNum":28},{"type":"fallingSpike","x":-270,"y":82,"rotation":-3420},{"type":"fallingSpike","x":-257,"y":82,"rotation":-3420},{"type":"fallingSpike","x":-242,"y":82,"rotation":-3420},{"type":"fallingSpike","x":-228,"y":82,"rotation":-3420},{"type":"fallingSpike","x":-213,"y":82,"rotation":-3420},{"type":"fallingSpike","x":-199,"y":82,"rotation":-3420},{"type":"fallingSpike","x":-186,"y":82,"rotation":-3420},{"type":"fallingSpike","x":-172,"y":82,"rotation":-3420},{"type":"fallingSpike","x":-159,"y":82,"rotation":-3420},{"type":"fallingSpike","x":-144,"y":82,"rotation":-3420},{"type":"fallingSpike","x":-129,"y":82,"rotation":-3420},{"type":"fallingSpike","x":-114,"y":82,"rotation":-3420},{"type":"fallingSpike","x":-99,"y":82,"rotation":-3420},{"type":"fallingSpike","x":-83,"y":82,"rotation":-3420},{"type":"fallingSpike","x":-68,"y":82,"rotation":-3420},{"type":"fallingSpike","x":-53,"y":82,"rotation":-3420},{"type":"fallingSpike","x":-37,"y":82,"rotation":-3420},{"type":"fallingSpike","x":-21,"y":82,"rotation":-3420},{"type":"fallingSpike","x":-6,"y":82,"rotation":-3420},{"type":"fallingSpike","x":10,"y":82,"rotation":-3420},{"type":"fallingSpike","x":27,"y":82,"rotation":-3420},{"type":"fallingSpike","x":41,"y":82,"rotation":-3420},{"type":"fallingSpike","x":56,"y":82,"rotation":-3420},{"type":"fallingSpike","x":70,"y":82,"rotation":-3420},{"type":"fallingSpike","x":85,"y":82,"rotation":-3420},{"type":"fallingSpike","x":100,"y":82,"rotation":-3420},{"type":"fallingSpike","x":114,"y":81,"rotation":-3420},{"type":"bounceBlock","x":265,"y":233,"width":50,"height":50},{"type":"basicBlock","x":-852.5703125,"y":-355.15234375,"width":50,"height":50},{"type":"speedBlockLeft","x":-78,"y":23,"width":400,"height":100},{"type":"basicBlock","x":-266,"y":-25,"width":25,"height":200},{"type":"spike10x","x":-245,"y":-75,"rotation":90},{"type":"basicBlock","x":-271,"y":-149,"width":99,"height":50},{"type":"spike","x":-328,"y":-164,"rotation":-90},{"type":"spike","x":-329,"y":-149,"rotation":-90},{"type":"pole","x":-118,"y":-114},{"type":"checkpoint","x":-257,"y":-211},{"type":"portal","x":-412,"y":-240},{"type":"portal","x":-582,"y":-228},{"type":"basicBlock","x":-627,"y":-166,"width":200,"height":50},{"type":"basicBlock","x":-976,"y":-146,"width":500,"height":10},{"type":"spike30x","x":-871,"y":-160,"rotation":0},{"type":"spike30x","x":-1075,"y":-160,"rotation":0},{"type":"iceBlock","x":-977,"y":-171,"width":500,"height":40},{"type":"basicBlock","x":-949,"y":-38,"width":50,"height":215},{"type":"buzzsawOnStick","x":-854.09765625,"y":-355.16796875,"rotation":-120},{"type":"fallingSpike","x":-752,"y":-132,"rotation":-3420},{"type":"fallingSpike","x":-736,"y":-132,"rotation":-3420},{"type":"fallingSpike","x":-720,"y":-132,"rotation":-3420},{"type":"fallingSpike","x":-706,"y":-132,"rotation":-3420},{"type":"fallingSpike","x":-686,"y":-133,"rotation":-3420},{"type":"fallingSpike","x":-668,"y":-132,"rotation":-3420},{"type":"fallingSpike","x":-648,"y":-132,"rotation":-3420},{"type":"spike10x","x":-698,"y":-36,"rotation":0},{"type":"basicBlock","x":-503,"y":-452,"width":99,"height":50},{"type":"basicBlock","x":205,"y":-258,"width":300,"height":50},{"type":"basicBlock","x":-1271.203125,"y":-235.7734375,"width":99,"height":190},{"type":"pole","x":-1127,"y":-421},{"type":"pole","x":-1277,"y":-474},{"type":"pole","x":-1424,"y":-525},{"type":"bounceBlock","x":-996,"y":-550,"width":500,"height":20},{"type":"bouncingBuzzsaw","x":-1123.50390625,"y":-714,"width":50},{"type":"bouncingBuzzsaw","x":-989.7578125,"y":-757.10546875,"width":50},{"type":"bouncingBuzzsaw","x":-854.58203125,"y":-714,"width":50},{"type":"checkpoint","x":-498,"y":-511},{"type":"ziplinePole","x":-462,"y":-498},{"type":"ziplinePole","x":93,"y":-312},{"type":"windBlaster","x":301,"y":-283,"rotation":-90},{"type":"basicBlock","x":162,"y":-474,"width":120,"height":50},{"type":"windBlaster","x":165,"y":-499,"rotation":-90},{"type":"basicBlock","x":300,"y":-698,"width":99,"height":99},{"type":"windBlaster","x":251,"y":-697,"rotation":-180},{"type":"pole","x":-24,"y":-675},{"type":"pole","x":-175,"y":-728},{"type":"star","x":-323,"y":-776},{"type":"portal","x":901,"y":-878},{"type":"portal","x":-873,"y":-1022},{"type":"pole","x":427,"y":-819},{"type":"pole","x":575,"y":-870},{"type":"fallingBlock","x":-823,"y":-892,"width":50,"height":50},{"type":"fallingBlock","x":-873,"y":-892,"width":50,"height":50},{"type":"fallingBlock","x":-923,"y":-892,"width":50,"height":50},{"type":"fallingBlock","x":-973,"y":-892,"width":50,"height":50},{"type":"fallingBlock","x":-1023,"y":-892,"width":50,"height":50},{"type":"fallingBlock","x":-1073,"y":-892,"width":50,"height":50},{"type":"classicLaser","x":37,"y":-808},{"type":"buzzsawOnStick","x":-207,"y":-438,"rotation":208},{"type":"basicBlock","x":830,"y":-819,"width":200,"height":50},{"type":"checkpoint","x":776,"y":-874},{"type":"circularCannon","x":-1244,"y":-893},{"type":"circularCannon","x":-1612,"y":-1017},{"type":"circularCannon","x":-1618,"y":-1316},{"type":"circularCannon","x":-1232,"y":-1380},{"type":"textFade","x":-326,"y":3,"rotation":90,"textNum":5},{"type":"textFade","x":127,"y":-64,"rotation":-150,"textNum":5},{"type":"textFade","x":-321,"y":-207,"rotation":-150,"textNum":5},{"type":"textFade","x":-748,"y":-292,"rotation":-180,"textNum":5},{"type":"textFade","x":-1312,"y":-580,"rotation":-15,"textNum":5},{"type":"textFade","x":-680,"y":-583,"rotation":15,"textNum":5},{"type":"textFade","x":226,"y":-354,"rotation":-90,"textNum":5},{"type":"textFade","x":192,"y":-738,"rotation":-35,"textNum":5},{"type":"textFade","x":894,"y":-977,"rotation":90,"textNum":5},{"type":"textFade","x":-950,"y":-961,"rotation":-180,"textNum":5},{"type":"textFade","x":-1497,"y":-1231,"rotation":-10,"textNum":5},{"type":"textFade","x":-1130,"y":-1009,"rotation":0,"textNum":33},{"type":"buzzsawOnStick","x":-1301.9375,"y":-161.02734375,"rotation":32},{"type":"textFade","x":-1213.64453125,"y":-392.79296875,"rotation":-30,"textNum":5},{"type":"textFade","x":-1226.23046875,"y":-497.1015625,"rotation":-160,"textNum":5},{"type":"spawnPoint","x":-428,"y":-56}]