[{"type":"basicBlock","x":-856,"y":18,"width":750,"height":99},{"type":"portal","x":-1142,"y":-65},{"type":"finishPortal","x":-579,"y":-55},{"type":"basicBlock","x":-502,"y":-180,"width":50,"height":500},{"type":"glassBlock","x":-328,"y":25,"width":100,"height":100},{"type":"portal","x":-723,"y":-1519},{"type":"basicBlock","x":-428,"y":124,"width":99,"height":300},{"type":"basicBlock","x":-330,"y":224,"width":99,"height":99},{"type":"speedBlock","x":-80,"y":233,"width":400,"height":100},{"type":"textFade","x":-352,"y":219,"rotation":0,"textNum":28},{"type":"fallingSpike","x":-270,"y":82,"rotation":-3060},{"type":"fallingSpike","x":-257,"y":82,"rotation":-3060},{"type":"fallingSpike","x":-242,"y":82,"rotation":-3060},{"type":"fallingSpike","x":-228,"y":82,"rotation":-3060},{"type":"fallingSpike","x":-213,"y":82,"rotation":-3060},{"type":"fallingSpike","x":-199,"y":82,"rotation":-3060},{"type":"fallingSpike","x":-186,"y":82,"rotation":-3060},{"type":"fallingSpike","x":-172,"y":82,"rotation":-3060},{"type":"fallingSpike","x":-159,"y":82,"rotation":-3060},{"type":"fallingSpike","x":-144,"y":82,"rotation":-3060},{"type":"fallingSpike","x":-129,"y":82,"rotation":-3060},{"type":"fallingSpike","x":-114,"y":82,"rotation":-3060},{"type":"fallingSpike","x":-99,"y":82,"rotation":-3060},{"type":"fallingSpike","x":-83,"y":82,"rotation":-3060},{"type":"fallingSpike","x":-68,"y":82,"rotation":-3060},{"type":"fallingSpike","x":-53,"y":82,"rotation":-3060},{"type":"fallingSpike","x":-37,"y":82,"rotation":-3060},{"type":"fallingSpike","x":-21,"y":82,"rotation":-3060},{"type":"fallingSpike","x":-6,"y":82,"rotation":-3060},{"type":"fallingSpike","x":10,"y":82,"rotation":-3060},{"type":"fallingSpike","x":27,"y":82,"rotation":-3060},{"type":"fallingSpike","x":41,"y":82,"rotation":-3060},{"type":"fallingSpike","x":56,"y":82,"rotation":-3060},{"type":"fallingSpike","x":70,"y":82,"rotation":-3060},{"type":"fallingSpike","x":85,"y":82,"rotation":-3060},{"type":"fallingSpike","x":100,"y":82,"rotation":-3060},{"type":"fallingSpike","x":114,"y":81,"rotation":-3060},{"type":"bounceBlock","x":265,"y":233,"width":50,"height":50},{"type":"basicBlock","x":-930,"y":-346,"width":50,"height":50},{"type":"speedBlockLeft","x":-78,"y":23,"width":400,"height":100},{"type":"basicBlock","x":-266,"y":-25,"width":25,"height":200},{"type":"spike10x","x":-245,"y":-75,"rotation":90},{"type":"basicBlock","x":-271,"y":-149,"width":99,"height":50},{"type":"spike","x":-328,"y":-164,"rotation":-90},{"type":"spike","x":-329,"y":-149,"rotation":-90},{"type":"pole","x":-118,"y":-114},{"type":"checkpoint","x":-257,"y":-211},{"type":"portal","x":-412,"y":-240},{"type":"portal","x":-582,"y":-228},{"type":"basicBlock","x":-627,"y":-166,"width":200,"height":50},{"type":"basicBlock","x":-976,"y":-146,"width":500,"height":10},{"type":"spike30x","x":-871,"y":-160,"rotation":0},{"type":"spike30x","x":-1075,"y":-160,"rotation":0},{"type":"iceBlock","x":-977,"y":-171,"width":500,"height":40},{"type":"basicBlock","x":-1221,"y":-40,"width":50,"height":215},{"type":"buzzsawOnStick","x":-930,"y":-348,"rotation":224},{"type":"fallingSpike","x":-752,"y":-132,"rotation":-3060},{"type":"fallingSpike","x":-736,"y":-132,"rotation":-3060},{"type":"fallingSpike","x":-720,"y":-132,"rotation":-3060},{"type":"fallingSpike","x":-706,"y":-132,"rotation":-3060},{"type":"fallingSpike","x":-686,"y":-133,"rotation":-3060},{"type":"fallingSpike","x":-668,"y":-132,"rotation":-3060},{"type":"fallingSpike","x":-648,"y":-132,"rotation":-3060},{"type":"spike10x","x":-698,"y":-36,"rotation":0},{"type":"basicBlock","x":-503,"y":-452,"width":99,"height":50},{"type":"basicBlock","x":205,"y":-258,"width":300,"height":50},{"type":"pushBlock","x":-696,"y":-215,"width":50,"height":50},{"type":"basicBlock","x":-1271,"y":-242,"width":99,"height":200},{"type":"buzzsawOnStick","x":-1302,"y":-163,"rotation":208},{"type":"pole","x":-1127,"y":-421},{"type":"pole","x":-1277,"y":-474},{"type":"pole","x":-1424,"y":-525},{"type":"bounceBlock","x":-996,"y":-550,"width":500,"height":20},{"type":"bouncingBuzzsaw","x":-1076,"y":-678,"width":50},{"type":"bouncingBuzzsaw","x":-975,"y":-725,"width":50},{"type":"bouncingBuzzsaw","x":-875,"y":-674,"width":50},{"type":"checkpoint","x":-498,"y":-511},{"type":"ziplinePole","x":-462,"y":-498},{"type":"ziplinePole","x":93,"y":-312},{"type":"windBlaster","x":301,"y":-283,"rotation":-90},{"type":"basicBlock","x":162,"y":-474,"width":120,"height":50},{"type":"windBlaster","x":165,"y":-499,"rotation":-90},{"type":"basicBlock","x":300,"y":-698,"width":99,"height":99},{"type":"windBlaster","x":251,"y":-697,"rotation":-180},{"type":"pole","x":-24,"y":-675},{"type":"pole","x":-175,"y":-728},{"type":"star","x":-323,"y":-776},{"type":"portal","x":901,"y":-878},{"type":"portal","x":-873,"y":-1022},{"type":"pole","x":427,"y":-819},{"type":"pole","x":575,"y":-870},{"type":"fallingBlock","x":-823,"y":-892,"width":50,"height":50},{"type":"fallingBlock","x":-873,"y":-892,"width":50,"height":50},{"type":"fallingBlock","x":-923,"y":-892,"width":50,"height":50},{"type":"classicLaser","x":37,"y":-808},{"type":"buzzsawOnStick","x":-266,"y":-458,"rotation":192},{"type":"basicBlock","x":830,"y":-819,"width":200,"height":50},{"type":"checkpoint","x":776,"y":-874},{"type":"circularCannon","x":-1288,"y":-961},{"type":"circularCannon","x":-1618,"y":-1316},{"type":"circularCannon","x":-1232,"y":-1380},{"type":"textFade","x":-326,"y":3,"rotation":90,"textNum":5},{"type":"textFade","x":127,"y":-64,"rotation":-150,"textNum":5},{"type":"textFade","x":-321,"y":-207,"rotation":-150,"textNum":5},{"type":"textFade","x":-748,"y":-292,"rotation":-180,"textNum":5},{"type":"textFade","x":-1312,"y":-580,"rotation":-15,"textNum":5},{"type":"textFade","x":-680,"y":-583,"rotation":15,"textNum":5},{"type":"textFade","x":226,"y":-354,"rotation":-90,"textNum":5},{"type":"textFade","x":192,"y":-738,"rotation":-35,"textNum":5},{"type":"textFade","x":894,"y":-977,"rotation":90,"textNum":5},{"type":"textFade","x":-950,"y":-961,"rotation":-180,"textNum":5},{"type":"textFade","x":-1497,"y":-1231,"rotation":-10,"textNum":5},{"type":"spike10x","x":-79,"y":176,"rotation":0},{"type":"spike","x":111,"y":176,"rotation":0},{"type":"buzzsawOnStick","x":81,"y":-257,"rotation":160},{"type":"classicLaser","x":-76,"y":-229},{"type":"classicLaser","x":347,"y":-81},{"type":"buzzsaw","x":-939,"y":-187,"width":50},{"type":"classicLaser","x":-1050,"y":-483},{"type":"bouncingBuzzsaw","x":-1179,"y":-773,"width":50},{"type":"bouncingBuzzsaw","x":-777,"y":-777,"width":50},{"type":"pole","x":-1030,"y":-974},{"type":"buzzsawOnStick","x":-1285,"y":-962,"rotation":160},{"type":"buzzsawOnStick","x":-1618,"y":-1317,"rotation":160},{"type":"pole","x":-1572,"y":-1076},{"type":"pole","x":-1724,"y":-1126},{"type":"pole","x":-1873,"y":-1170},{"type":"pole","x":-1775,"y":-1222},{"type":"pole","x":-922,"y":-1521},{"type":"buzzsawOnStick","x":-894,"y":50,"rotation":160},{"type":"checkpoint","x":-1074,"y":-61},{"type":"classicLaser","x":300,"y":-907},{"type":"spawnPoint","x":-443,"y":-45}]