[{"type":"basicBlock","x":845,"y":606,"width":500,"height":99},{"type":"elevatorGeneratorUp","x":1166,"y":625},{"type":"elevatorEliminator","x":1166,"y":6},{"type":"basicBlock","x":1487,"y":299,"width":150,"height":99},{"type":"swimmingPool","x":1971.58984375,"y":447.87890625,"width":600,"height":300,"rotation":8},{"type":"checkpoint","x":1694,"y":192},{"type":"buzzsawVerticalDown","x":1486,"y":144},{"type":"basicBlock","x":2097,"y":215,"width":99,"height":400},{"type":"basicBlock","x":1681,"y":431,"width":99,"height":420},{"type":"basicBlock","x":2002,"y":591,"width":550,"height":99},{"type":"basicBlock","x":2303,"y":522,"width":99,"height":600},{"type":"buzzsaw","x":2101.1171875,"y":542.125,"width":101,"rotation":0},{"type":"buzzsaw","x":2096.9765625,"y":403.90234375,"width":101,"rotation":0},{"type":"elevatorGeneratorDown","x":2452.703125,"y":-23.41796875,"rotation":0},{"type":"elevatorEliminator","x":2459,"y":1066},{"type":"buzzsaw","x":2451.98828125,"y":346.76953125,"width":101,"rotation":0},{"type":"buzzsaw","x":2451.9375,"y":664.4140625,"width":101,"rotation":-180},{"type":"spike10x","x":2438,"y":1030,"rotation":0},{"type":"basicBlock","x":2179,"y":-4,"width":400,"height":99},{"type":"basicBlock","x":2039,"y":1045,"width":600,"height":99},{"type":"checkpoint","x":2282,"y":962},{"type":"pushBlock","x":2109,"y":951,"width":90,"height":90},{"type":"basicBlock","x":1579,"y":955,"width":350,"height":280},{"type":"basicBlock","x":1290.4921875,"y":1045.4453125,"width":230,"height":99},{"type":"basicBlock","x":1285,"y":585,"width":99,"height":680},{"type":"basicBlock","x":645,"y":207,"width":99,"height":700},{"type":"basicBlock","x":3754,"y":748,"width":99,"height":500},{"type":"basicBlock","x":4256,"y":1029,"width":800,"height":99},{"type":"basicBlock","x":3923,"y":977,"width":250,"height":99},{"type":"basicBlock","x":3918,"y":562,"width":99,"height":500},{"type":"basicBlock","x":4104,"y":958,"width":200,"height":200},{"type":"basicBlock","x":4409,"y":790,"width":250,"height":150},{"type":"buzzsaw","x":3804,"y":930,"width":101},{"type":"buzzsaw","x":4206,"y":984,"width":101},{"type":"buzzsaw","x":4637,"y":981,"width":101},{"type":"buzzsaw","x":4116,"y":748,"width":101},{"type":"buzzsaw","x":4403,"y":858,"width":101},{"type":"checkpoint","x":3760,"y":472},{"type":"textFade","x":1452,"y":1049,"rotation":0,"textNum":22},{"type":"spike30x","x":1154,"y":589,"rotation":0},{"type":"spike30x","x":2355,"y":14,"rotation":-180},{"type":"textFade","x":2107,"y":1038,"rotation":0,"textNum":21},{"type":"star","x":1494,"y":371},{"type":"spike10x","x":1145,"y":43,"rotation":-180},{"type":"spike10x","x":1189,"y":43,"rotation":-180},{"type":"textFade","x":1891,"y":395,"rotation":0,"textNum":20},{"type":"spike10x","x":2482,"y":1030,"rotation":0},{"type":"textFade","x":1362,"y":207,"rotation":0,"textNum":15},{"type":"textFade","x":1846,"y":220,"rotation":90,"textNum":15},{"type":"textFade","x":2520,"y":154,"rotation":90,"textNum":15},{"type":"textFade","x":2268,"y":920,"rotation":-180,"textNum":15},{"type":"basicBlock","x":673,"y":854,"width":300,"height":50},{"type":"elevatorGeneratorUp","x":875,"y":1126},{"type":"elevatorEliminator","x":860,"y":624},{"type":"bounceBlock","x":1439,"y":698,"width":50,"height":50},{"type":"spike10x","x":1341,"y":341,"rotation":90},{"type":"spike10x","x":1624,"y":346,"rotation":-90},{"type":"spike10x","x":899,"y":1089,"rotation":0},{"type":"spike10x","x":855,"y":1090,"rotation":0},{"type":"basicBlock","x":475,"y":789,"width":99,"height":180},{"type":"shurikanSpawner","x":1567,"y":701,"rotation":90},{"type":"finishPortal","x":1189,"y":-52},{"type":"ziplinePole","x":663,"y":-173},{"type":"ziplinePole","x":1119,"y":-57},{"type":"checkpoint","x":478.5625,"y":662.5703125},{"type":"spike10x","x":1340,"y":426,"rotation":90},{"type":"spike10x","x":1624,"y":433,"rotation":-90},{"type":"textFade","x":1372,"y":769,"rotation":90,"textNum":15},{"type":"textFade","x":1004,"y":842,"rotation":-135,"textNum":15},{"type":"textFade","x":508.22265625,"y":615.53125,"rotation":-130,"textNum":15},{"type":"textFade","x":480.64453125,"y":20.1953125,"rotation":-90,"textNum":15},{"type":"classicLaser","x":1021,"y":-195},{"type":"spike30x","x":1340,"y":512,"rotation":90},{"type":"spike10x","x":1623,"y":529,"rotation":-90},{"type":"spike10x","x":1624,"y":582,"rotation":-90},{"type":"spike10x","x":1341,"y":836,"rotation":90},{"type":"basicBlock","x":-266.76953125,"y":328.35546875,"width":130,"height":800},{"type":"basicBlock","x":282.34375,"y":308.828125,"width":630,"height":60},{"type":"spike10x","x":-250,"y":-80,"rotation":0},{"type":"basicBlock","x":-28.16015625,"y":802.75,"width":608,"height":153},{"type":"elevatorGeneratorUp","x":350.76171875,"y":849.14453125},{"type":"spike10x","x":326,"y":810,"rotation":0},{"type":"spike10x","x":424,"y":810,"rotation":0},{"type":"elevatorEliminator","x":352.2734375,"y":309.3046875},{"type":"spike30x","x":130,"y":718,"rotation":0},{"type":"spike30x","x":434,"y":345,"rotation":-180},{"type":"spike","x":586.7734375,"y":346.76171875,"rotation":-180},{"type":"fallingBlock","x":191.24609375,"y":581.8125,"width":50,"height":50},{"type":"fallingBlock","x":143.1171875,"y":581.75390625,"width":50,"height":50},{"type":"fallingBlock","x":93.7890625,"y":581.6171875,"width":50,"height":50},{"type":"fallingBlock","x":44.171875,"y":581.51953125,"width":50,"height":50},{"type":"basicBlock","x":-80.97265625,"y":336.88671875,"width":100,"height":400},{"type":"spike","x":-10,"y":345,"rotation":-180},{"type":"spike","x":-23,"y":346,"rotation":-180},{"type":"spike30x","x":115,"y":270,"rotation":0},{"type":"spike30x","x":406,"y":270,"rotation":0},{"type":"spike","x":557,"y":270,"rotation":0},{"type":"spike","x":570,"y":270,"rotation":0},{"type":"spike","x":583,"y":270,"rotation":0},{"type":"bounceBlock","x":480.9453125,"y":150.91796875,"width":50,"height":50},{"type":"textFade","x":-169.91015625,"y":514.0625,"rotation":-90,"textNum":15},{"type":"textFade","x":-74.4375,"y":7,"rotation":0,"textNum":15},{"type":"spike","x":-305,"y":-80,"rotation":0},{"type":"spike","x":-316,"y":-80,"rotation":0},{"type":"spike","x":-327,"y":-80,"rotation":0},{"type":"pushBlock","x":1369.0390625,"y":961.00390625,"width":70,"height":70},{"type":"spike10x","x":1125.16796875,"y":1011,"rotation":0},{"type":"basicBlock","x":1094.72265625,"y":1057.1953125,"width":165,"height":75},{"type":"basicBlock","x":985.67578125,"y":1045.21484375,"width":70,"height":99},{"type":"spike10x","x":1027,"y":1011,"rotation":0},{"type":"basicBlock","x":-112.1328125,"y":679.875,"width":190,"height":99},{"type":"verticalUpBlock","x":208,"y":73,"width":400,"height":100},{"type":"verticalDownBlock","x":208,"y":-161,"width":400,"height":100},{"type":"buzzsawOnStick","x":1285,"y":345,"rotation":8},{"type":"shurikanDispenser","x":1594,"y":277},{"type":"buzzsaw","x":1998.03515625,"y":542.69140625,"width":101,"rotation":0},{"type":"buzzsaw","x":1892.79296875,"y":541.85546875,"width":101,"rotation":0},{"type":"buzzsaw","x":1785.6015625,"y":542.34765625,"width":101,"rotation":0},{"type":"buzzsaw","x":2204,"y":542,"width":101},{"type":"buzzsaw","x":2254,"y":450,"width":101},{"type":"buzzsaw","x":2342.98046875,"y":449.1875,"width":101,"rotation":90},{"type":"elevatorGeneratorUp","x":2608,"y":1066},{"type":"elevatorEliminator","x":2601,"y":-23},{"type":"spike10x","x":2552,"y":14,"rotation":180},{"type":"spike","x":2608,"y":14,"rotation":180},{"type":"spike","x":2621,"y":14,"rotation":180},{"type":"spike","x":2636,"y":14,"rotation":180},{"type":"spike","x":2648.890625,"y":13.9453125,"rotation":-180},{"type":"spike","x":2662.78125,"y":14.83984375,"rotation":-180},{"type":"buzzsaw","x":2345,"y":769,"width":101},{"type":"buzzsaw","x":2453,"y":967,"width":101},{"type":"buzzsaw","x":2608,"y":866,"width":101},{"type":"buzzsaw","x":2608,"y":567,"width":101},{"type":"buzzsaw","x":2609,"y":110,"width":101},{"type":"spike10x","x":2580,"y":1029,"rotation":0},{"type":"spike","x":2636,"y":1029,"rotation":0},{"type":"spike","x":2648,"y":1029,"rotation":0},{"type":"spike","x":2660,"y":1029,"rotation":0},{"type":"spike","x":2672,"y":1029,"rotation":0},{"type":"spike10x","x":2361.171875,"y":545.4296875,"rotation":90},{"type":"spike10x","x":2361.6171875,"y":643.25390625,"rotation":90},{"type":"spike10x","x":2361.14453125,"y":271.41796875,"rotation":90},{"type":"spike","x":2361.078125,"y":326.76171875,"rotation":90},{"type":"spike","x":2361.14453125,"y":339.87109375,"rotation":90},{"type":"spike","x":2359.74609375,"y":352.1796875,"rotation":90},{"type":"spike","x":2361.5703125,"y":365.359375,"rotation":90},{"type":"spike","x":2360.50390625,"y":378.45703125,"rotation":90},{"type":"spike","x":2361.5625,"y":698.125,"rotation":90},{"type":"spike","x":2361.04296875,"y":711.91015625,"rotation":90},{"type":"spike","x":2361.140625,"y":391.515625,"rotation":90},{"type":"buzzsawOnStick","x":2013.71875,"y":1047.62109375,"rotation":8},{"type":"buzzsawOnStick","x":1682.30859375,"y":850.22265625,"rotation":8},{"type":"shurikanSpawner","x":1088.51171875,"y":836.625,"rotation":90},{"type":"buzzsaw","x":525,"y":827,"width":101},{"type":"spike10x","x":238,"y":346,"rotation":180},{"type":"spike","x":2.99609375,"y":347.2109375,"rotation":-180},{"type":"spike","x":16.640625,"y":347.234375,"rotation":-180},{"type":"spike","x":28.98046875,"y":347.5078125,"rotation":-180},{"type":"spike","x":43,"y":348,"rotation":180},{"type":"fallingSpike","x":56.1484375,"y":347.84375,"rotation":180},{"type":"fallingSpike","x":69.84765625,"y":347.92578125,"rotation":180},{"type":"fallingSpike","x":84.19921875,"y":347.66015625,"rotation":180},{"type":"fallingSpike","x":99.359375,"y":347.2890625,"rotation":180},{"type":"fallingSpike","x":113.07421875,"y":347.25390625,"rotation":180},{"type":"fallingSpike","x":126.4765625,"y":347.13671875,"rotation":180},{"type":"fallingSpike","x":140.16015625,"y":347.76953125,"rotation":180},{"type":"fallingSpike","x":153.671875,"y":347.9765625,"rotation":180},{"type":"fallingSpike","x":165.796875,"y":347.203125,"rotation":180},{"type":"fallingSpike","x":179.50390625,"y":347.953125,"rotation":180},{"type":"buzzsawOnStick","x":-310.55078125,"y":347.00390625,"rotation":8},{"type":"spike","x":-194.03515625,"y":486.63671875,"rotation":90},{"type":"spike","x":-192.98828125,"y":498.734375,"rotation":90},{"type":"spike","x":-195,"y":167,"rotation":90},{"type":"spike","x":-193.80078125,"y":179.34375,"rotation":90},{"type":"shurikanDispenser","x":561,"y":-12},{"type":"shurikanDispenser","x":-77,"y":-12},{"type":"classicLaser","x":640,"y":-339},{"type":"buzzsaw","x":850.58203125,"y":-150.3984375,"width":60,"rotation":0},{"type":"spawnPoint","x":789,"y":531}]