[{"type":"blockedWall","x":2903,"y":627,"width":65,"height":444,"rotation":0,"actNum":9},{"type":"bouncingBuzzsaw","x":1437,"y":533,"width":55.00000000000001},{"type":"bouncingBuzzsaw","x":1271,"y":532,"width":55.00000000000001},{"type":"blockedWall","x":1815,"y":502.75,"width":63.65,"height":443.65,"rotation":0,"actNum":8},{"type":"basicBlock","x":1812.55,"y":735,"width":100,"height":281},{"type":"blockedWall","x":970.7,"y":525.45,"width":63.65,"height":443.65,"rotation":0,"actNum":7},{"type":"checkpoint","x":760.5,"y":834},{"type":"blockedWall","x":872,"y":916.25,"width":443.65,"height":63.65,"rotation":-90,"actNum":6},{"type":"basicBlock","x":315,"y":922,"width":900,"height":100},{"type":"lockBlock","x":715,"y":1022,"width":100.05,"height":100},{"type":"blockedWall","x":1127.6,"y":1078.55,"width":63.65,"height":443.65,"rotation":0,"actNum":5},{"type":"basicBlock","x":1775,"y":923,"width":1100,"height":100},{"type":"spike","x":2165.5,"y":1233.9,"rotation":-90},{"type":"spike","x":2165.5,"y":1244.95,"rotation":-90},{"type":"spike","x":2165.5,"y":1255.95,"rotation":-90},{"type":"spike","x":2165.5,"y":1267,"rotation":-90},{"type":"spike","x":2165.5,"y":1212.85,"rotation":-90},{"type":"spike","x":2165.5,"y":1223.9,"rotation":-90},{"type":"shurikanSpawner","x":2272,"y":1001,"rotation":179.99563598632812},{"type":"pushBlock","x":983,"y":1173,"width":90,"height":90},{"type":"checkpoint","x":1925,"y":1516.35},{"type":"bounceBlock","x":1718,"y":2159,"width":50,"height":50},{"type":"basicBlock","x":1843,"y":2285,"width":1000,"height":100},{"type":"blockedWall","x":1849.65,"y":1390.25,"width":63.65,"height":443.65,"rotation":0,"actNum":4},{"type":"blockedWall","x":1653,"y":1920,"width":444,"height":65,"rotation":90,"actNum":3},{"type":"basicBlock","x":2057.35,"y":1604.4,"width":499,"height":100},{"type":"checkpoint","x":1968.2,"y":1776.95},{"type":"checkpoint","x":1045.2,"y":1555.35},{"type":"blockedWall","x":1403,"y":1492,"width":63.65,"height":443.65,"rotation":0,"actNum":2},{"type":"blockedWall","x":988.95,"y":1469.15,"width":63.65,"height":443.65,"rotation":0,"actNum":1},{"type":"basicBlock","x":555,"y":1643,"width":220,"height":100},{"type":"basicBlock","x":605,"y":1951,"width":700,"height":200},{"type":"basicBlock","x":2511,"y":1954,"width":437,"height":800},{"type":"basicBlock","x":1370,"y":209.05,"width":2432,"height":420.6},{"type":"basicBlock","x":1000,"y":1822.4,"width":102,"height":458},{"type":"basicBlock","x":849,"y":1692.35,"width":100,"height":200},{"type":"spike10x","x":608,"y":1843,"rotation":0},{"type":"basicBlock","x":1376,"y":1988,"width":100,"height":602},{"type":"checkpoint","x":977,"y":2120},{"type":"basicBlock","x":1484,"y":1892,"width":200,"height":160},{"type":"actBlock","x":729,"y":1663,"actNum":"1"},{"type":"actBlock","x":783,"y":2223,"actNum":"2"},{"type":"actBlock","x":2154,"y":1891,"actNum":"3"},{"type":"basicBlock","x":1894,"y":1894,"width":200,"height":160},{"type":"basicBlock","x":1999,"y":2026,"width":100,"height":424},{"type":"actBlock","x":1496,"y":2164,"actNum":"4"},{"type":"basicBlock","x":1954,"y":1405,"width":200,"height":50},{"type":"basicBlock","x":1853,"y":1300,"width":100,"height":260},{"type":"actBlock","x":2202,"y":1487,"actNum":"5"},{"type":"basicBlock","x":2223.4,"y":1222.4,"width":100,"height":100},{"type":"checkpoint","x":1852,"y":1138},{"type":"actBlock","x":599,"y":1149,"actNum":"6"},{"type":"basicBlock","x":976,"y":910,"width":100,"height":427.7},{"type":"key","x":1074,"y":1186},{"type":"actBlock","x":651,"y":622,"actNum":"7"},{"type":"checkpoint","x":901.1,"y":1183.05},{"type":"basicBlock","x":884,"y":1267,"width":1150,"height":100.05},{"type":"basicBlock","x":790,"y":513.75,"width":140,"height":190.8},{"type":"basicBlock","x":1076,"y":871,"width":100,"height":350},{"type":"actBlock","x":1630,"y":751,"actNum":"8"},{"type":"checkpoint","x":1021.75,"y":657.5},{"type":"actBlock","x":2073,"y":805,"actNum":"9"},{"type":"checkpoint","x":1893,"y":565},{"type":"actBlock","x":4826,"y":634,"actNum":"10"},{"type":"basicBlock","x":264,"y":1635,"width":99,"height":700},{"type":"actBlockHard","x":383,"y":1663,"actNum":1},{"type":"elevatorGeneratorDown","x":1121,"y":1279},{"type":"elevatorEliminator","x":1125,"y":2305},{"type":"elevatorGeneratorUp","x":1274,"y":2305},{"type":"elevatorEliminator","x":1270,"y":1280},{"type":"basicBlock","x":952,"y":2252,"width":200,"height":200},{"type":"spike30x","x":1185,"y":2267,"rotation":0},{"type":"basicBlock","x":661,"y":2342,"width":800,"height":99},{"type":"actBlockHard","x":425,"y":2222,"actNum":2},{"type":"basicBlock","x":305,"y":2217,"width":99,"height":350},{"type":"basicBlock","x":544,"y":2249,"width":99,"height":99},{"type":"spike30x","x":1525,"y":2227,"rotation":0},{"type":"spike30x","x":1815,"y":2227,"rotation":0},{"type":"actBlockHard","x":1879,"y":2165,"actNum":4},{"type":"bounceBlock","x":1726,"y":1826,"width":50,"height":50},{"type":"actBlockHard","x":2159,"y":2167,"actNum":3},{"type":"spike30x","x":2147,"y":2229,"rotation":0},{"type":"basicBlock","x":2153,"y":1999,"width":145,"height":80},{"type":"actBlockHard","x":2202,"y":1104,"actNum":5},{"type":"bouncingBuzzsaw","x":2023,"y":1021,"width":50},{"type":"bounceBlock","x":1927,"y":1353,"width":50,"height":50},{"type":"bouncingBuzzsaw","x":2025,"y":1121,"width":50},{"type":"fallingBlock","x":1601,"y":1249,"width":100,"height":100},{"type":"buzzsawOnStick","x":1314,"y":1271,"rotation":848},{"type":"basicBlock","x":716,"y":1146,"width":100,"height":150},{"type":"actBlockHard","x":27,"y":1148,"actNum":6},{"type":"basicBlock","x":191,"y":1265,"width":500,"height":99},{"type":"pole","x":418,"y":1082},{"type":"pole","x":222,"y":1075},{"type":"basicBlock","x":-94,"y":1100,"width":99,"height":460},{"type":"buzzsawVerticalDown","x":343,"y":1032},{"type":"spike30x","x":190,"y":1207,"rotation":0},{"type":"spike30x","x":480,"y":1208,"rotation":0},{"type":"portal","x":79,"y":827},{"type":"portal","x":202,"y":506},{"type":"basicBlock","x":232,"y":600,"width":700,"height":99},{"type":"basicBlock","x":-94,"y":481,"width":99,"height":900},{"type":"actBlockHard","x":87,"y":419,"actNum":7},{"type":"buzzsawOnStick","x":-79,"y":396,"rotation":768},{"type":"basicBlock","x":28,"y":81,"width":300,"height":99},{"type":"buzzsawVerticalDown","x":447,"y":491},{"type":"classicLaser","x":478,"y":728},{"type":"classicLaser","x":249,"y":727},{"type":"basicBlock","x":364,"y":842,"width":99,"height":99},{"type":"bounceBlock","x":901,"y":807,"width":50,"height":50},{"type":"speedBlockLeft","x":1343,"y":746,"width":430,"height":100},{"type":"actBlockHard","x":1195,"y":944,"actNum":8},{"type":"basicBlock","x":2489,"y":1073,"width":437,"height":398},{"type":"buzzsawOnStick","x":1419,"y":927,"rotation":560},{"type":"pole","x":2276,"y":718},{"type":"pole","x":2421,"y":680},{"type":"pole","x":2519,"y":627},{"type":"basicBlock","x":2538,"y":241,"width":99,"height":500},{"type":"circularCannon","x":2699,"y":686},{"type":"spike30x","x":2273,"y":866,"rotation":0},{"type":"spike30x","x":2563,"y":866,"rotation":0},{"type":"actBlockHard","x":2793,"y":515,"actNum":9},{"type":"basicBlock","x":2034,"y":524,"width":99,"height":300},{"type":"spike30x","x":1964,"y":867,"rotation":0},{"type":"basicBlock","x":1858,"y":644,"width":99,"height":99},{"type":"classicLaser","x":2299,"y":458},{"type":"basicBlock","x":2850,"y":853,"width":300,"height":99},{"type":"basicBlock","x":2735,"y":308,"width":300,"height":99},{"type":"basicBlock","x":2910,"y":359,"width":99,"height":200},{"type":"spike30x","x":2854,"y":796,"rotation":0},{"type":"basicBlock","x":3098,"y":803,"width":200,"height":200},{"type":"checkpoint","x":3105,"y":675},{"type":"sparkBlock","x":3299,"y":751,"width":100,"height":100},{"type":"sparkBlock","x":3449,"y":649,"width":100,"height":100},{"type":"sparkBlock","x":3600,"y":551,"width":100,"height":100},{"type":"sparkBlock","x":3751,"y":451,"width":100,"height":100},{"type":"ziplinePole","x":3784,"y":368},{"type":"ziplinePole","x":4546,"y":526},{"type":"basicBlock","x":4581,"y":606,"width":200,"height":99},{"type":"checkpoint","x":4638,"y":526},{"type":"buzzsawOnStick","x":4828,"y":633,"rotation":416},{"type":"buzzsawOnStick","x":3955,"y":380,"rotation":424},{"type":"buzzsawOnStick","x":4288,"y":450,"rotation":424},{"type":"basicBlock","x":4437,"y":852,"width":2500,"height":99},{"type":"spike30x","x":3332,"y":798,"rotation":0},{"type":"spike30x","x":3624,"y":796,"rotation":0},{"type":"spike30x","x":3915,"y":795,"rotation":0},{"type":"spike30x","x":4209,"y":795,"rotation":0},{"type":"spike30x","x":4508,"y":794,"rotation":0},{"type":"spike30x","x":4803,"y":794,"rotation":0},{"type":"spike30x","x":5097,"y":794,"rotation":0},{"type":"spike30x","x":5391,"y":795,"rotation":0},{"type":"spike10x","x":5585,"y":794,"rotation":0},{"type":"spike10x","x":5638,"y":795,"rotation":0},{"type":"actChallenge","x":2561,"y":1484},{"type":"basicBlock","x":2680,"y":1276,"width":99,"height":800},{"type":"bounceBlock","x":851,"y":1024,"width":40,"height":40},{"type":"shurikanSpawner","x":1808,"y":1975,"rotation":90},{"type":"shurikanSpawner","x":2047,"y":1974,"rotation":0},{"type":"shurikanSpawner","x":2222,"y":1975,"rotation":0},{"type":"pole","x":2902,"y":663},{"type":"shurikanSpawner","x":2585,"y":474,"rotation":0},{"type":"shurikanSpawner","x":501,"y":2049,"rotation":90},{"type":"spike","x":2275,"y":1547,"rotation":0},{"type":"spike","x":2285,"y":1547,"rotation":0},{"type":"spike","x":2295,"y":1547,"rotation":0},{"type":"spike","x":2306,"y":1547,"rotation":0},{"type":"spike","x":2317,"y":1547,"rotation":0},{"type":"spike","x":2327,"y":1547,"rotation":0},{"type":"spike","x":2337,"y":1547,"rotation":0},{"type":"spike","x":2348,"y":1547,"rotation":0},{"type":"spike","x":2357,"y":1547,"rotation":0},{"type":"spike","x":2367,"y":1547,"rotation":0},{"type":"spike","x":2378,"y":1547,"rotation":0},{"type":"spike","x":2388,"y":1547,"rotation":0},{"type":"spike","x":2398,"y":1547,"rotation":0},{"type":"spike","x":2408,"y":1547,"rotation":0},{"type":"spike","x":2419,"y":1547,"rotation":0},{"type":"spike","x":2429,"y":1547,"rotation":0},{"type":"spike","x":2439,"y":1547,"rotation":0},{"type":"spike","x":2449,"y":1547,"rotation":0},{"type":"spike","x":2458,"y":1547,"rotation":0},{"type":"spike","x":2467,"y":1547,"rotation":0},{"type":"spike","x":2476,"y":1547,"rotation":0},{"type":"spike","x":2486,"y":1547,"rotation":0},{"type":"buzzsawVerticalUp","x":2377,"y":1269},{"type":"spawnPoint","x":417,"y":1826}]