<?xml version="1.0" encoding="UTF-8"?>
<!--Created using Glyph Designer - http://71squared.com/glyphdesigner-->
<font>
    <info face="Pixel Emulator" size="64" bold="0" italic="0" charset="" unicode="0" stretchH="100" smooth="1" aa="1" padding="0,0,0,0" spacing="2,2"/>
    <common lineHeight="75" base="62" scaleW="539" scaleH="543" pages="1" packed="0"/>
    <pages>
        <page id="0" file="pixelFont.png"/>
    </pages>
    <chars count="97">
        <char id="32" x="257" y="489" width="0" height="0" xoffset="0" yoffset="63" xadvance="50" page="0" chnl="0" letter="space"/>
        <char id="33" x="164" y="327" width="46" height="52" xoffset="0" yoffset="11" xadvance="44" page="0" chnl="0" letter="!"/>
        <char id="34" x="74" y="489" width="27" height="21" xoffset="0" yoffset="11" xadvance="25" page="0" chnl="0" letter="&quot;"/>
        <char id="35" x="211" y="435" width="40" height="40" xoffset="0" yoffset="17" xadvance="38" page="0" chnl="0" letter="#"/>
        <char id="36" x="277" y="2" width="52" height="52" xoffset="0" yoffset="11" xadvance="50" page="0" chnl="0" letter="$"/>
        <char id="37" x="331" y="2" width="52" height="52" xoffset="0" yoffset="11" xadvance="50" page="0" chnl="0" letter="%"/>
        <char id="38" x="385" y="2" width="52" height="52" xoffset="0" yoffset="11" xadvance="50" page="0" chnl="0" letter="&amp;"/>
        <char id="39" x="103" y="489" width="15" height="21" xoffset="0" yoffset="11" xadvance="13" page="0" chnl="0" letter="'"/>
        <char id="40" x="212" y="327" width="46" height="52" xoffset="0" yoffset="11" xadvance="44" page="0" chnl="0" letter="("/>
        <char id="41" x="260" y="327" width="46" height="52" xoffset="0" yoffset="11" xadvance="44" page="0" chnl="0" letter=")"/>
        <char id="42" x="253" y="435" width="40" height="40" xoffset="0" yoffset="17" xadvance="38" page="0" chnl="0" letter="*"/>
        <char id="43" x="295" y="435" width="40" height="40" xoffset="0" yoffset="17" xadvance="38" page="0" chnl="0" letter="+"/>
        <char id="44" x="120" y="489" width="15" height="21" xoffset="0" yoffset="48" xadvance="13" page="0" chnl="0" letter=","/>
        <char id="45" x="198" y="489" width="40" height="15" xoffset="0" yoffset="29" xadvance="38" page="0" chnl="0" letter="-"/>
        <char id="46" x="240" y="489" width="15" height="15" xoffset="0" yoffset="48" xadvance="13" page="0" chnl="0" letter="."/>
        <char id="47" x="439" y="2" width="52" height="52" xoffset="0" yoffset="11" xadvance="50" page="0" chnl="0" letter="/"/>
        <char id="48" x="2" y="57" width="52" height="52" xoffset="0" yoffset="11" xadvance="50" page="0" chnl="0" letter="0"/>
        <char id="49" x="308" y="327" width="46" height="52" xoffset="0" yoffset="11" xadvance="44" page="0" chnl="0" letter="1"/>
        <char id="50" x="56" y="57" width="52" height="52" xoffset="0" yoffset="11" xadvance="50" page="0" chnl="0" letter="2"/>
        <char id="51" x="110" y="57" width="52" height="52" xoffset="0" yoffset="11" xadvance="50" page="0" chnl="0" letter="3"/>
        <char id="52" x="164" y="57" width="52" height="52" xoffset="0" yoffset="11" xadvance="50" page="0" chnl="0" letter="4"/>
        <char id="53" x="218" y="57" width="52" height="52" xoffset="0" yoffset="11" xadvance="50" page="0" chnl="0" letter="5"/>
        <char id="54" x="272" y="57" width="52" height="52" xoffset="0" yoffset="11" xadvance="50" page="0" chnl="0" letter="6"/>
        <char id="55" x="326" y="57" width="52" height="52" xoffset="0" yoffset="11" xadvance="50" page="0" chnl="0" letter="7"/>
        <char id="56" x="380" y="57" width="52" height="52" xoffset="0" yoffset="11" xadvance="50" page="0" chnl="0" letter="8"/>
        <char id="57" x="434" y="57" width="52" height="52" xoffset="0" yoffset="11" xadvance="50" page="0" chnl="0" letter="9"/>
        <char id="58" x="354" y="435" width="15" height="34" xoffset="0" yoffset="29" xadvance="13" page="0" chnl="0" letter=":"/>
        <char id="59" x="337" y="435" width="15" height="40" xoffset="0" yoffset="29" xadvance="13" page="0" chnl="0" letter=";"/>
        <char id="60" x="115" y="435" width="46" height="40" xoffset="0" yoffset="17" xadvance="44" page="0" chnl="0" letter="&lt;"/>
        <char id="61" x="425" y="435" width="40" height="27" xoffset="0" yoffset="23" xadvance="38" page="0" chnl="0" letter="="/>
        <char id="62" x="163" y="435" width="46" height="40" xoffset="0" yoffset="17" xadvance="44" page="0" chnl="0" letter="&gt;"/>
        <char id="63" x="2" y="111" width="52" height="52" xoffset="0" yoffset="11" xadvance="50" page="0" chnl="0" letter="?"/>
        <char id="64" x="2" y="2" width="53" height="53" xoffset="0" yoffset="10" xadvance="50" page="0" chnl="0" letter="@"/>
        <char id="65" x="56" y="111" width="52" height="52" xoffset="0" yoffset="11" xadvance="50" page="0" chnl="0" letter="A"/>
        <char id="66" x="110" y="111" width="52" height="52" xoffset="0" yoffset="11" xadvance="50" page="0" chnl="0" letter="B"/>
        <char id="67" x="164" y="111" width="52" height="52" xoffset="0" yoffset="11" xadvance="50" page="0" chnl="0" letter="C"/>
        <char id="68" x="218" y="111" width="52" height="52" xoffset="0" yoffset="11" xadvance="50" page="0" chnl="0" letter="D"/>
        <char id="69" x="356" y="327" width="46" height="52" xoffset="0" yoffset="11" xadvance="44" page="0" chnl="0" letter="E"/>
        <char id="70" x="404" y="327" width="46" height="52" xoffset="0" yoffset="11" xadvance="44" page="0" chnl="0" letter="F"/>
        <char id="71" x="272" y="111" width="52" height="52" xoffset="0" yoffset="11" xadvance="50" page="0" chnl="0" letter="G"/>
        <char id="72" x="326" y="111" width="52" height="52" xoffset="0" yoffset="11" xadvance="50" page="0" chnl="0" letter="H"/>
        <char id="73" x="452" y="327" width="46" height="52" xoffset="0" yoffset="11" xadvance="44" page="0" chnl="0" letter="I"/>
        <char id="74" x="380" y="111" width="52" height="52" xoffset="0" yoffset="11" xadvance="50" page="0" chnl="0" letter="J"/>
        <char id="75" x="434" y="111" width="52" height="52" xoffset="0" yoffset="11" xadvance="50" page="0" chnl="0" letter="K"/>
        <char id="76" x="2" y="381" width="46" height="52" xoffset="0" yoffset="11" xadvance="44" page="0" chnl="0" letter="L"/>
        <char id="77" x="2" y="165" width="52" height="52" xoffset="0" yoffset="11" xadvance="50" page="0" chnl="0" letter="M"/>
        <char id="78" x="56" y="165" width="52" height="52" xoffset="0" yoffset="11" xadvance="50" page="0" chnl="0" letter="N"/>
        <char id="79" x="110" y="165" width="52" height="52" xoffset="0" yoffset="11" xadvance="50" page="0" chnl="0" letter="O"/>
        <char id="80" x="164" y="165" width="52" height="52" xoffset="0" yoffset="11" xadvance="50" page="0" chnl="0" letter="P"/>
        <char id="81" x="218" y="165" width="52" height="52" xoffset="0" yoffset="11" xadvance="50" page="0" chnl="0" letter="Q"/>
        <char id="82" x="57" y="2" width="53" height="52" xoffset="0" yoffset="11" xadvance="50" page="0" chnl="0" letter="R"/>
        <char id="83" x="272" y="165" width="52" height="52" xoffset="0" yoffset="11" xadvance="50" page="0" chnl="0" letter="S"/>
        <char id="84" x="50" y="381" width="46" height="52" xoffset="0" yoffset="11" xadvance="44" page="0" chnl="0" letter="T"/>
        <char id="85" x="326" y="165" width="52" height="52" xoffset="0" yoffset="11" xadvance="50" page="0" chnl="0" letter="U"/>
        <char id="86" x="380" y="165" width="52" height="52" xoffset="0" yoffset="11" xadvance="50" page="0" chnl="0" letter="V"/>
        <char id="87" x="434" y="165" width="52" height="52" xoffset="0" yoffset="11" xadvance="50" page="0" chnl="0" letter="W"/>
        <char id="88" x="2" y="219" width="52" height="52" xoffset="0" yoffset="11" xadvance="50" page="0" chnl="0" letter="X"/>
        <char id="89" x="98" y="381" width="46" height="52" xoffset="0" yoffset="11" xadvance="44" page="0" chnl="0" letter="Y"/>
        <char id="90" x="112" y="2" width="53" height="52" xoffset="0" yoffset="11" xadvance="50" page="0" chnl="0" letter="Z"/>
        <char id="91" x="146" y="381" width="46" height="52" xoffset="0" yoffset="11" xadvance="44" page="0" chnl="0" letter="["/>
        <char id="92" x="56" y="219" width="52" height="52" xoffset="0" yoffset="11" xadvance="50" page="0" chnl="0" letter="\"/>
        <char id="93" x="194" y="381" width="46" height="52" xoffset="0" yoffset="11" xadvance="44" page="0" chnl="0" letter="]"/>
        <char id="94" x="2" y="489" width="34" height="21" xoffset="0" yoffset="-8" xadvance="31" page="0" chnl="0" letter="^"/>
        <char id="95" x="137" y="489" width="59" height="15" xoffset="0" yoffset="54" xadvance="50" page="0" chnl="0" letter="_"/>
        <char id="96" x="38" y="489" width="34" height="21" xoffset="0" yoffset="-8" xadvance="31" page="0" chnl="0" letter="`"/>
        <char id="97" x="110" y="219" width="52" height="52" xoffset="0" yoffset="11" xadvance="50" page="0" chnl="0" letter="a"/>
        <char id="98" x="164" y="219" width="52" height="52" xoffset="0" yoffset="11" xadvance="50" page="0" chnl="0" letter="b"/>
        <char id="99" x="218" y="219" width="52" height="52" xoffset="0" yoffset="11" xadvance="50" page="0" chnl="0" letter="c"/>
        <char id="100" x="272" y="219" width="52" height="52" xoffset="0" yoffset="11" xadvance="50" page="0" chnl="0" letter="d"/>
        <char id="101" x="242" y="381" width="46" height="52" xoffset="0" yoffset="11" xadvance="44" page="0" chnl="0" letter="e"/>
        <char id="102" x="290" y="381" width="46" height="52" xoffset="0" yoffset="11" xadvance="44" page="0" chnl="0" letter="f"/>
        <char id="103" x="326" y="219" width="52" height="52" xoffset="0" yoffset="11" xadvance="50" page="0" chnl="0" letter="g"/>
        <char id="104" x="380" y="219" width="52" height="52" xoffset="0" yoffset="11" xadvance="50" page="0" chnl="0" letter="h"/>
        <char id="105" x="338" y="381" width="46" height="52" xoffset="0" yoffset="11" xadvance="44" page="0" chnl="0" letter="i"/>
        <char id="106" x="434" y="219" width="52" height="52" xoffset="0" yoffset="11" xadvance="50" page="0" chnl="0" letter="j"/>
        <char id="107" x="2" y="273" width="52" height="52" xoffset="0" yoffset="11" xadvance="50" page="0" chnl="0" letter="k"/>
        <char id="108" x="386" y="381" width="46" height="52" xoffset="0" yoffset="11" xadvance="44" page="0" chnl="0" letter="l"/>
        <char id="109" x="56" y="273" width="52" height="52" xoffset="0" yoffset="11" xadvance="50" page="0" chnl="0" letter="m"/>
        <char id="110" x="110" y="273" width="52" height="52" xoffset="0" yoffset="11" xadvance="50" page="0" chnl="0" letter="n"/>
        <char id="111" x="164" y="273" width="52" height="52" xoffset="0" yoffset="11" xadvance="50" page="0" chnl="0" letter="o"/>
        <char id="112" x="218" y="273" width="52" height="52" xoffset="0" yoffset="11" xadvance="50" page="0" chnl="0" letter="p"/>
        <char id="113" x="272" y="273" width="52" height="52" xoffset="0" yoffset="11" xadvance="50" page="0" chnl="0" letter="q"/>
        <char id="114" x="167" y="2" width="53" height="52" xoffset="0" yoffset="11" xadvance="50" page="0" chnl="0" letter="r"/>
        <char id="115" x="326" y="273" width="52" height="52" xoffset="0" yoffset="11" xadvance="50" page="0" chnl="0" letter="s"/>
        <char id="116" x="434" y="381" width="46" height="52" xoffset="0" yoffset="11" xadvance="44" page="0" chnl="0" letter="t"/>
        <char id="117" x="380" y="273" width="52" height="52" xoffset="0" yoffset="11" xadvance="50" page="0" chnl="0" letter="u"/>
        <char id="118" x="434" y="273" width="52" height="52" xoffset="0" yoffset="11" xadvance="50" page="0" chnl="0" letter="v"/>
        <char id="119" x="2" y="327" width="52" height="52" xoffset="0" yoffset="11" xadvance="50" page="0" chnl="0" letter="w"/>
        <char id="120" x="56" y="327" width="52" height="52" xoffset="0" yoffset="11" xadvance="50" page="0" chnl="0" letter="x"/>
        <char id="121" x="482" y="381" width="46" height="52" xoffset="0" yoffset="11" xadvance="44" page="0" chnl="0" letter="y"/>
        <char id="122" x="222" y="2" width="53" height="52" xoffset="0" yoffset="11" xadvance="50" page="0" chnl="0" letter="z"/>
        <char id="123" x="2" y="435" width="46" height="52" xoffset="0" yoffset="11" xadvance="44" page="0" chnl="0" letter="{"/>
        <char id="124" x="98" y="435" width="15" height="52" xoffset="0" yoffset="11" xadvance="13" page="0" chnl="0" letter="|"/>
        <char id="125" x="50" y="435" width="46" height="52" xoffset="0" yoffset="11" xadvance="44" page="0" chnl="0" letter="}"/>
        <char id="126" x="467" y="435" width="46" height="21" xoffset="0" yoffset="-8" xadvance="44" page="0" chnl="0" letter="~"/>
        <char id="169" x="110" y="327" width="52" height="52" xoffset="0" yoffset="11" xadvance="50" page="0" chnl="0" letter="©"/>
        <char id="8470" x="371" y="435" width="52" height="27" xoffset="0" yoffset="11" xadvance="50" page="0" chnl="0" letter="№;%:?*()_+-=.,/|&quot;'@#$^&amp;{}[]©"/>
    </chars>
    <kernings count="0"/>
</font>