{"chapters":[[{"predefined":[{"w":1,"p":[["","grunt","","grunt","",""]]}],"random":[{"w":2,"p":[["","","grunt","","","grunt"],["","","","grunt","grunt",""],["grunt","","","","",""],["","grunt","","grunt","",""]]}]},{"predefined":[{"w":1,"p":[["","","","grunt","grunt",""]]}],"random":[{"w":2,"p":[["grunt","","grunt","","",""],["","","","","grunt","grunt"],["","","grunt","","",""],["","grunt","","","grunt",""]]}]},{"predefined":[{"w":1,"p":[["grunt","","","","",""],["","","","","","grunt"],["","","spraycan","grunt","",""]]},{"w":9,"p":[["spraycan","","","","",""],["","","","grunt","spraycan",""]]}],"random":[{"w":4,"p":[["grunt","","","","",""],["","grunt","","","",""],["","","grunt","spraycan","",""],["","spraycan","","","",""],["","","grunt","","",""]]}]},{"predefined":[{"w":1,"p":[["","grunt","","spraycan","",""]]},{"w":10,"p":[["","grunt","spraycan","grunt","",""]]}],"random":[{"w":2,"p":[["spraycan","","chest","","",""],["","","","","grunt","grunt"],["grunt","","","","",""],["","spraycan","","","",""],["","","","spraycan","",""]]},{"w":7,"p":[["","grunt","grunt","grunt","",""],["spraycan","grunt","","","",""],["","","spraycan","","grunt",""]]}]},{"predefined":[{"w":1,"p":[["","","","","grunt","grunt"],["grunt","","","","",""],["","grunt","","spraycan","grunt","grunt"],["spraycan","grunt","","","",""]]},{"w":20,"p":[["","","spraycan","spraycan","",""]]}],"random":[{"w":5,"p":[["","grunt","","","",""],["","grunt","","","grunt",""],["","","","","grunt","grunt"],["spraycan","","","","",""],["","spraycan","","","",""],["","","","grunt","","grunt"],["","","spraycan","","",""],["","","grunt","grunt","",""]]},{"w":13,"p":[["","","spraycan","","",""],["grunt","","grunt","","",""],["","grunt","spraycan","","",""],["grunt","grunt","","","",""],["","","","","","spraycan"],["grunt","spraycan","","","",""],["","","","grunt","grunt",""]]}]},{"predefined":[{"w":1,"p":[["","spraycan","","","","grunt"],["","","","","helmet",""],["spraycan","helmet","","","",""],["","helmet","","","helmet",""]]},{"w":18,"p":[["grunt","","","","","spraycan"],["","helmet","grunt","","","grunt"],["","","grunt","helmet","spraycan",""]]}],"random":[{"w":4,"p":[["","","helmet","","",""],["","spraycan","grunt","","",""],["","helmet","grunt","","",""],["","","","","spraycan","grunt"],["grunt","","helmet","","",""],["","","","","helmet","grunt"],["","helmet","","grunt","",""]]},{"w":11,"p":[["helmet","","helmet","","",""],["","","","helmet","grunt",""],["","helmet","spraycan","","",""],["","grunt","","helmet","","spraycan"],["helmet","","","","grunt",""],["","","helmet","spraycan","",""]]}]},{"predefined":[{"w":1,"p":[["helmet","grunt","","","",""],["","","","","","spraycan"],["","helmet","helmet","","",""]]},{"w":8,"p":[["","spraycan","spraycan","spraycan","spraycan",""],["","helmet","helmet","helmet","helmet",""]]},{"w":17,"p":[["","helmet","grunt","","spraycan",""],["grunt","","spraycan","spraycan","","grunt"],["","helmet","helmet","helmet","",""],["grunt","","","","grunt",""]]}],"random":[{"w":4,"p":[["","grunt","","spraycan","",""],["","","grunt","","",""],["","spraycan","","","",""],["helmet","","helmet","","",""]]},{"w":10,"p":[["grunt","","grunt","","",""],["","","grunt","helmet","",""]]},{"w":12,"p":[["grunt","spraycan","","","",""],["helmet","","grunt","","",""],["","","","","helmet","spraycan"],["","helmet","grunt","","",""],["","grunt","","spraycan","",""]]}]},{"predefined":[{"w":1,"p":[["spraycan","","grunt","grunt","","spraycan"],["grunt","","","","","grunt"],["","","helmet","helmet","",""],["","","spraycan","spraycan","",""]]},{"w":11,"p":[["","helmet","","","helmet",""],["","helmet","spraycan","spraycan","helmet",""],["","helmet","helmet","helmet","helmet",""]]},{"w":18,"p":[["","spraycan","","","spraycan",""],["spraycan","wizard","helmet","helmet","",""],["helmet","helmet","helmet","","",""]]}],"random":[{"w":5,"p":[["spraycan","helmet","","","",""],["","","","","helmet","grunt"],["","","helmet","spraycan","",""],["","grunt","helmet","","",""],["","spraycan","","","",""],["helmet","","helmet","","",""]]},{"w":14,"p":[["","","helmet","helmet","",""],["spraycan","","helmet","","grunt",""],["","spraycan","","spraycan","",""],["","","helmet","","grunt","helmet"]]}]},{"predefined":[{"w":1,"p":[["","helmet","","helmet","","helmet"],["","helmet","","helmet","","helmet"],["helmet","","helmet","","helmet",""],["helmet","","helmet","","helmet",""]]},{"w":7,"p":[["helmet","helmet","","","helmet","helmet"],["helmet","","","","","helmet"],["helmet","","","","","helmet"],["helmet","helmet","","","helmet","helmet"]]},{"w":11,"p":[["chest","","helmet","helmet","","grunt"],["grunt","","grunt","grunt","","grunt"]]},{"w":18,"p":[["","grunt","","helmet","helmet","helmet"],["","helmet","helmet","","","wizard"],["","grunt","","helmet","helmet","helmet"]]}],"random":[{"w":5,"p":[["","grunt","grunt","","",""],["","","grunt","grunt","",""]]},{"w":13,"p":[["helmet","helmet","","","helmet","helmet"],["","grunt","","","grunt",""]]},{"w":15,"p":[["","helmet","grunt","","helmet",""],["helmet","","","","",""],["","","grunt","helmet","","helmet"]]}]},{"predefined":[{"w":1,"p":[["","helmet","","","helmet",""],["","","spraycan","spraycan","",""],["","grunt","","","grunt",""],["spraycan","","","","","spraycan"],["","helmet","","","helmet",""]]},{"w":9,"p":[["","spraycan","helmet","helmet","spraycan",""],["","","helmet","helmet","",""],["spraycan","","","","","spraycan"],["helmet","helmet","","","helmet","helmet"]]},{"w":18,"p":[["helmet","","helmet","","",""],["","","wizard","helmet","",""],["spraycan","","helmet","","","spraycan"],["","grunt","","grunt","",""]]},{"w":29,"p":[["","grunt","helmet","helmet","",""],["cage","","","helmet","spraycan","spraycan"],["","","","","helmet","grunt"],["spraycan","spraycan","","","",""],["grunt","helmet","helmet","","","helmet"]]},{"w":34,"p":[["spraycan","","boss","","","spraycan"],["grunt","","","","","grunt"],["grunt","","","","","grunt"],["helmet","spraycan","","","spraycan","helmet"],["","helmet","","","helmet",""],["","","","","spraycan","spraycan"],["spraycan","spraycan","","","",""]]}],"random":[{"w":6,"p":[["","grunt","grunt","","",""],["","grunt","","","","grunt"],["","","grunt","","grunt",""]]},{"w":13,"p":[["helmet","helmet","helmet","","",""],["","","","spraycan","","grunt"],["helmet","","helmet","","helmet",""],["","helmet","spraycan","","",""],["spraycan","","helmet","","helmet",""]]},{"w":22,"p":[["","spraycan","","","spraycan",""],["helmet","grunt","","","","grunt"],["helmet","","grunt","","grunt",""],["","helmet","grunt","","",""],["","","","","spraycan","grunt"],["grunt","helmet","","","",""],["","","spraycan","grunt","grunt",""]]}]}],[{"predefined":[{"w":1,"p":[["","","","bee","grunt","grunt"],["grunt","grunt","","","",""],["grunt","","","bee","",""],["","","grunt","grunt","",""],["bee","","","","",""],["","grunt","bee","grunt","",""]]},{"w":7,"p":[["grunt","","bee","grunt","","grunt"],["grunt","grunt","","","grunt",""],["","bee","grunt","","","bee"],["grunt","","","grunt","bee","grunt"]]},{"w":11,"p":[["grunt","","grunt","bee","grunt",""],["","grunt","","grunt","","grunt"],["bee","","","","grunt",""],["","grunt","bee","","","grunt"],["","","","","grunt",""],["grunt","","","","","bee"],["","grunt","","grunt","",""],["grunt","bee","","","","grunt"],["","","grunt","","grunt",""],["","grunt","bee","grunt","",""]]}],"random":[]},{"predefined":[{"w":1,"p":[["bee","grunt","","","","spraycan"],["","","grunt","bee","",""],["","bee","","","spraycan",""],["grunt","","","","","grunt"],["","spraycan","","","","bee"],["grunt","","","","grunt","grunt"],["","","spraycan","","","bee"],["","grunt","","","grunt",""],["","spraycan","bee","grunt","",""]]},{"w":10,"p":[["","grunt","","","grunt",""],["","","bee","bee","",""],["","grunt","grunt","grunt","grunt",""]]},{"w":13,"p":[["","grunt","bee","","spraycan",""],["grunt","","","","grunt","grunt"],["","spraycan","","bee","",""],["grunt","","","grunt","",""],["bee","","","","","spraycan"],["","bee","","","grunt",""],["grunt","","spraycan","grunt","","grunt"],["","bee","","","bee",""]]}],"random":[]},{"predefined":[{"w":1,"p":[["","helmet","","","","helmet"],["","","spraycan","","helmet",""],["","","bee","helmet","",""],["helmet","","","spraycan","",""],["","helmet","","","",""],["","","","","spraycan","helmet"],["","bee","helmet","","",""],["bee","","","","helmet",""],["spraycan","spraycan","","","","helmet"]]},{"w":10,"p":[["","","","","","bee"],["helmet","spraycan","","","helmet","helmet"],["helmet","","helmet","","helmet",""],["","","","","bee","helmet"],["","","","spraycan","",""]]},{"w":15,"p":[["","spraycan","","spraycan","",""],["bee","bee","bee","bee","bee","bee"],["helmet","","helmet","","helmet",""],["bee","","bee","","bee",""],["","spraycan","","spraycan","","helmet"],["","helmet","","helmet","","helmet"]]}],"random":[]},{"predefined":[{"w":1,"p":[["","","helmet","helmet","",""],["grunt","","grunt","","grunt","ghost"],["","ghost","","","ghost",""],["","","helmet","helmet","",""],["grunt","ghost","","","ghost","grunt"],["","","helmet","helmet","",""],["ghost","grunt","","","grunt","ghost"],["","chest","ghost","ghost","grunt",""],["","helmet","","","helmet",""]]},{"w":10,"p":[["","helmet","","grunt","","helmet"],["","ghost","","","ghost",""],["","","helmet","ghost","","helmet"],["helmet","","","grunt","",""],["","","","grunt","ghost",""],["helmet","ghost","","","ghost","grunt"],["","","ghost","ghost","",""]]},{"w":17,"p":[["ghost","helmet","","","helmet","ghost"],["helmet","ghost","helmet","ghost","",""],["","","","","ghost","ghost"],["helmet","helmet","ghost","ghost","",""]]}],"random":[]},{"predefined":[{"w":1,"p":[["ghost","","","","spraycan","ghost"],["ghost","ghost","helmet","","","ghost"],["ghost","wizard","helmet","","","ghost"],["grunt","grunt","grunt","grunt","grunt","grunt"],["","","","","",""],["","grunt","spraycan","spraycan","grunt",""],["","","","","",""],["grunt","ghost","","","ghost","grunt"],["grunt","","ghost","ghost","","grunt"],["","","helmet","helmet","",""],["","ghost","ghost","ghost","ghost",""],["","","","","","spraycan"],["ghost","","","ghost","ghost",""],["","grunt","grunt","","",""],["","","spraycan","ghost","",""],["ghost","ghost","","","grunt",""],["","","grunt","","",""],["grunt","","","","ghost","ghost"],["","","","","",""],["spraycan","ghost","spraycan","ghost","spraycan","ghost"],["ghost","","ghost","","ghost",""],["ghost","","ghost","","ghost",""],["grunt","","","","grunt","grunt"],["","grunt","grunt","","","grunt"],["","grunt","","","grunt",""],["grunt","","","","","grunt"],["","","","","",""],["","","spraycan","","",""],["grunt","","","","grunt",""],["ghost","","grunt","","",""],["","spraycan","","","grunt",""],["","","grunt","ghost","",""],["grunt","","","grunt","","ghost"],["","ghost","spraycan","","grunt",""],["","","","grunt","",""],["","grunt","","","ghost",""],["ghost","","","","","grunt"],["","ghost","","","ghost",""],["","spraycan","","","spraycan",""],["grunt","grunt","","","grunt","grunt"]]}],"random":[]},{"predefined":[{"w":1,"p":[["","spraycan","","","spraycan",""],["bee","","","","","bee"],["","","helmet","helmet","",""]]},{"w":9,"p":[["","","helmet","helmet","",""],["bee","","","","","bee"],["","","bee","bee","",""],["helmet","helmet","","","helmet","helmet"]]},{"w":19,"p":[["","bee","helmet","helmet","bee",""],["helmet","helmet","bee","bee","helmet","helmet"]]}],"random":[{"w":4,"p":[["bee","","","","bee",""],["","bee","spraycan","helmet","",""],["","","","","helmet","spraycan"],["","bee","","bee","",""],["helmet","","helmet","","",""]]},{"w":13,"p":[["","spraycan","","spraycan","",""],["spraycan","bee","","","",""],["","","","bee","bee",""],["bee","","bee","","",""],["helmet","helmet","helmet","","",""],["","","","helmet","helmet",""]]}]},{"predefined":[{"w":1,"p":[["ghost","","","","","ghost"],["","ghost","","","ghost",""],["","spraycan","ghost","ghost","spraycan",""],["","","shield","shield","",""]]},{"w":17,"p":[["spraycan","","","","","spraycan"],["","","ghost","ghost","",""],["","ghost","shield","shield","ghost",""],["","shield","ghost","ghost","shield",""]]}],"random":[{"w":5,"p":[["spraycan","","","","",""],["","","","spraycan","",""],["","","","ghost","ghost",""],["","ghost","","","","ghost"],["","","","","","shield"],["","","","shield","",""]]},{"w":11,"p":[["ghost","","ghost","","","ghost"],["ghost","ghost","ghost","","",""],["","spraycan","","spraycan","",""],["","","","spraycan","spraycan",""],["","shield","","","",""],["","","shield","","",""]]}]},{"predefined":[{"w":1,"p":[["grunt","grunt","","","grunt","grunt"],["","grunt","","","grunt",""],["grunt","","","","","grunt"],["","","helmet","helmet","",""],["","grunt","shield","shield","grunt",""],["","shield","grunt","grunt","shield",""]]},{"w":17,"p":[["shield","","shield","shield","","shield"],["shield","","shield","shield","","shield"],["shield","","","","","shield"],["shield","shield","","","shield","shield"]]}],"random":[{"w":7,"p":[["shield","shield","","","",""],["grunt","grunt","","grunt","","grunt"],["","helmet","helmet","","",""],["","","shield","","grunt",""]]},{"w":11,"p":[["","helmet","grunt","grunt","helmet",""],["","","shield","shield","",""],["shield","","","","shield",""],["","helmet","","helmet","","helmet"],["helmet","helmet","helmet","","",""],["","grunt","grunt","","grunt","grunt"]]}]},{"predefined":[{"w":1,"p":[["bee","","","","","bee"],["","","bee","bee","",""],["ghost","ghost","","","ghost","ghost"],["shield","","","","","shield"],["bee","shield","","","shield","bee"]]},{"w":18,"p":[["bee","bee","chest","bee","bee","bee"],["","shield","shield","shield","shield",""],["ghost","ghost","ghost","ghost","ghost","ghost"]]}],"random":[{"w":6,"p":[["bee","","bee","","",""],["","bee","bee","bee","",""],["","ghost","","ghost","",""],["shield","","shield","","",""],["","shield","shield","","",""],["ghost","ghost","","","ghost",""]]},{"w":12,"p":[["bee","bee","","","bee","bee"],["","bee","","bee","",""],["shield","","shield","","shield",""],["ghost","shield","","","bee",""],["","","ghost","ghost","ghost",""],["","ghost","","","shield","ghost"]]}]},{"predefined":[{"w":1,"p":[["","","ghost","ghost","",""],["","ghost","","","ghost",""],["","shield","","","shield",""],["","shield","spraycan","spraycan","shield",""],["","","shield","shield","",""]]},{"w":17,"p":[["","","","","",""],["ghost","","","","","ghost"],["","shield","wizard","shield","",""],["ghost","","shield","","","ghost"],["","","","","",""]]},{"w":28,"p":[["","spraycan","cage","","spraycan",""],["","shield","","","shield",""],["","","shield","shield","",""]]},{"w":36,"p":[["spraycan","","boss","","","spraycan"],["shield","","","","","shield"],["ghost","ghost","ghost","","",""],["","","","ghost","ghost","ghost"],["","","","","",""]]}],"random":[{"w":6,"p":[["shield","","shield","","",""],["","shield","shield","","",""],["","","ghost","","ghost",""],["ghost","","ghost","ghost","",""],["","spraycan","","","",""],["","","","","","spraycan"]]},{"w":12,"p":[["","shield","shield","","",""],["","","spraycan","shield","",""],["","","","","ghost","shield"],["","spraycan","","ghost","",""],["","","ghost","","","ghost"]]},{"w":22,"p":[["","shield","spraycan","","",""],["shield","","ghost","shield","",""],["","spraycan","ghost","ghost","",""],["","","shield","shield","",""],["ghost","ghost","","","ghost","ghost"],["","ghost","ghost","ghost","ghost",""]]},{"w":31,"p":[["","shield","shield","shield","",""],["spraycan","ghost","","","ghost","spraycan"],["","","spraycan","spraycan","",""],["ghost","shield","ghost","","",""],["ghost","","ghost","ghost","","ghost"]]}]}],[{"predefined":[{"w":1,"p":[["","grunt","","","grunt",""],["gruntGirl","","","","","gruntGirl"],["grunt","helmet","","","helmet","grunt"]]},{"w":9,"p":[["","grunt","","","grunt",""],["","gruntGirl","grunt","grunt","gruntGirl",""],["","helmet","","","helmet",""]]},{"w":18,"p":[["helmet","helmet","gruntGirl","gruntGirl","helmet","helmet"],["grunt","","","","","grunt"],["helmet","helmet","","","helmet","helmet"]]}],"random":[{"w":4,"p":[["grunt","","grunt","","","grunt"],["grunt","","grunt","","",""],["","","gruntGirl","grunt","",""],["grunt","gruntGirl","","","",""],["","","grunt","","grunt","grunt"]]},{"w":12,"p":[["grunt","","grunt","grunt","",""],["helmet","helmet","","","",""],["","helmet","","helmet","","helmet"],["","helmet","gruntGirl","","",""],["","","","","gruntGirl","grunt"],["","helmet","","grunt","","helmet"]]}]},{"predefined":[{"w":1,"p":[["","gruntGirl","spraycan","","gruntGirl",""],["spraycan","gruntGirl","helmet","","","gruntGirl"],["gruntGirl","","","spraycan","",""],["","gruntGirl","","","spraycan","helmet"],["helmet","helmet","","","","helmet"],["","","helmet","gruntGirl","",""],["","helmet","","","","spraycan"],["gruntGirl","","","helmet","",""],["","helmet","","","","helmet"],["","spraycan","helmet","","",""],["","","","","helmet","helmet"],["helmet","","","gruntGirl","",""],["","spraycan","","","","helmet"],["helmet","","gruntGirl","","helmet",""],["","helmet","","","helmet",""],["","helmet","","","","gruntGirl"],["helmet","","","helmet","",""],["","gruntGirl","","","spraycan",""],["spraycan","","","","","spraycan"],["","","helmet","spraycan","",""]]}],"random":[]},{"predefined":[{"w":1,"p":[["","","","ghost","","ghost"],["ghost","","ghost","","",""],["","gruntGirl","","","gruntGirl",""],["ghost","","","","","ghost"],["","shield","","","shield",""]]},{"w":11,"p":[["shield","","","","","ghost"],["","ghost","gruntGirl","gruntGirl","ghost",""],["","shield","ghost","ghost","shield",""]]},{"w":17,"p":[["","ghost","gruntGirl","gruntGirl","ghost",""],["shield","ghost","","","ghost","shield"],["","","shield","shield","",""],["ghost","ghost","","","ghost","ghost"]]}],"random":[{"w":6,"p":[["","","shield","shield","",""],["","ghost","","","ghost",""],["gruntGirl","","","","","shield"],["","gruntGirl","ghost","","",""],["ghost","","ghost","","ghost",""]]},{"w":14,"p":[["","ghost","","ghost","","ghost"],["","gruntGirl","gruntGirl","","",""],["shield","","","shield","",""]]}]},{"predefined":[{"w":1,"p":[["","spraycan","","","spraycan",""],["bee","bee","","","bee","bee"],["","","ghost","ghost","",""]]},{"w":9,"p":[["bee","","bee","","bee",""],["","","spraycan","spraycan","",""],["","ghost","ghost","ghost","ghost",""]]},{"w":17,"p":[["bee","","spraycan","spraycan","",""],["ghost","","ghost","ghost","bee","chest"],["","ghost","","","ghost","bee"],["ghost","","","","","spraycan"]]}],"random":[{"w":4,"p":[["","ghost","spraycan","","",""],["","","","","spraycan","bee"],["","bee","ghost","","",""],["","ghost","ghost","bee","",""],["","","","","ghost","bee"]]},{"w":12,"p":[["","","spraycan","","ghost",""],["","spraycan","bee","","",""],["","","","","bee","ghost"],["bee","bee","ghost","","",""],["","ghost","bee","","",""]]}]},{"predefined":[{"w":1,"p":[["","gruntGirl","","spraycan","",""],["spraycan","","","","shield",""],["","shield","","","spraycan","shield"],["gruntGirl","spraycan","","","",""],["","","shield","shield","",""]]},{"w":15,"p":[["","spraycan","","gruntGirl","",""],["shield","","shield","","","shield"],["","gruntGirl","","","spraycan",""],["shield","","","","shield","shield"],["gruntGirl","","spraycan","","",""],["","shield","shield","shield","shield",""]]},{"w":31,"p":[["gruntGirl","gruntGirl","","","gruntGirl","gruntGirl"],["spraycan","","wizard","","",""],["","shield","shield","","shield",""],["","gruntGirl","","","gruntGirl",""],["spraycan","shield","","","shield","spraycan"],["shield","","","","","shield"],["","","shield","shield","",""],["","shield","spraycan","spraycan","shield",""],["","","gruntGirl","gruntGirl","",""],["","spraycan","shield","shield","spraycan",""]]}],"random":[{"w":6,"p":[["shield","","","","",""],["gruntGirl","","shield","","",""],["","gruntGirl","","","",""],["","","","shield","spraycan",""]]},{"w":10,"p":[["spraycan","","","","",""],["","","","","","spraycan"],["","","shield","gruntGirl","",""],["","","","","shield",""],["","gruntGirl","","shield","",""]]},{"w":21,"p":[["","","spraycan","","gruntGirl",""],["","shield","","gruntGirl","","shield"],["","spraycan","shield","","",""],["shield","","shield","","",""],["","","gruntGirl","","shield",""],["","shield","","","shield",""]]},{"w":27,"p":[["","","shield","shield","",""],["gruntGirl","shield","","","",""],["","gruntGirl","shield","","",""],["","","","gruntGirl","","spraycan"]]}]},{"predefined":[{"w":1,"p":[["pudding","","grunt","pudding","","grunt"],["","bee","pudding","","pudding",""],["pudding","pudding","grunt","","pudding",""],["","bee","","","","grunt"],["","","pudding","","","bee"],["","pudding","","grunt","",""],["bee","bee","grunt","","bee",""],["","grunt","grunt","grunt","",""],["grunt","","bee","","grunt",""],["","pudding","","","pudding",""],["pudding","","bee","bee","","pudding"],["","","pudding","pudding","",""],["","grunt","","","bee","grunt"],["bee","","grunt","grunt","",""],["","","bee","grunt","","pudding"],["bee","grunt","bee","","",""],["","bee","","","bee",""],["","","","pudding","",""],["","grunt","","","grunt","grunt"],["grunt","grunt","","","",""]]}],"random":[]},{"predefined":[{"w":1,"p":[["gruntGirl","","","","gruntGirl",""],["gruntGirl","spraycan","spraycan","spraycan","spraycan",""],["pudding","","pudding","","",""],["","pudding","","","pudding","gruntGirl"],["","gruntGirl","","","","pudding"],["spraycan","","","pudding","",""],["","pudding","","","pudding",""],["","spraycan","","gruntGirl","",""],["pudding","","","","pudding",""],["","","spraycan","pudding","",""],["gruntGirl","","","","",""],["","","pudding","","spraycan",""],["pudding","","","","","pudding"],["","","spraycan","gruntGirl","",""],["pudding","","","","pudding",""],["","","spraycan","","",""],["","spraycan","","","pudding",""],["gruntGirl","","","","","spraycan"],["","","pudding","pudding","",""],["","spraycan","","","gruntGirl",""]]}],"random":[]},{"predefined":[{"w":1,"p":[["ghost","ghost","bee","ghost","","ghost"],["ghost","bee","ghost","","bee","ghost"],["","ghost","ghost","ghost","","bee"],["ghost","","bee","","ghost",""],["","ghost","","ghost","bee","ghost"],["bee","","ghost","","ghost",""],["ghost","ghost","","bee","","ghost"],["ghost","","ghost","","","bee"],["","bee","","ghost","ghost",""],["ghost","","ghost","ghost","","bee"],["","bee","ghost","","ghost","ghost"],["ghost","","","ghost","bee","ghost"],["","ghost","bee","","ghost",""],["bee","ghost","","ghost","ghost",""],["ghost","","bee","ghost","",""],["bee","ghost","ghost","bee","ghost",""],["ghost","bee","ghost","","","ghost"],["","ghost","","","ghost",""],["","ghost","bee","","","bee"],["ghost","","ghost","ghost","","ghost"]]}],"random":[]},{"predefined":[{"w":1,"p":[["gruntGirl","","","pudding","",""],["","grunt","","pudding","",""],["","","gruntGirl","grunt","",""]]},{"w":9,"p":[["","grunt","grunt","gruntGirl","",""],["grunt","gruntGirl","","pudding","",""],["","","grunt","grunt","grunt",""],["","gruntGirl","grunt","pudding","",""]]},{"w":19,"p":[["","pudding","grunt","pudding","chest","gruntGirl"],["gruntGirl","","pudding","","pudding",""]]}],"random":[{"w":4,"p":[["","grunt","pudding","grunt","",""],["","","","grunt","","gruntGirl"],["","pudding","","","","pudding"],["","","grunt","","grunt",""],["pudding","gruntGirl","","","",""]]},{"w":13,"p":[["","gruntGirl","","","","gruntGirl"],["","pudding","gruntGirl","grunt","",""],["grunt","gruntGirl","pudding","","",""],["","","gruntGirl","","grunt",""],["grunt","","grunt","pudding","",""],["","grunt","","grunt","","pudding"]]}]},{"predefined":[{"w":1,"p":[["","gruntGirl","spraycan","spraycan","gruntGirl",""],["gruntGirl","","","","","gruntGirl"],["","","boss","","",""],["spraycan","","","","","spraycan"],["","gruntGirl","","","gruntGirl",""],["","","","pudding","spraycan",""],["pudding","gruntGirl","","","",""],["","","","gruntGirl","","spraycan"],["spraycan","","","","",""],["","","","","spraycan",""],["","","pudding","","",""],["gruntGirl","","","","","pudding"],["","","wizard","","",""],["pudding","","","spraycan","",""],["","","pudding","","spraycan",""],["gruntGirl","pudding","","","",""],["","","","","pudding","spraycan"],["pudding","","","pudding","",""],["","","gruntGirl","","spraycan",""],["","pudding","","","",""],["","","spraycan","","",""],["","gruntGirl","","","spraycan",""],["","pudding","cage","","gruntGirl",""],["","spraycan","","","spraycan",""],["","","pudding","pudding","",""],["pudding","","","","",""],["","gruntGirl","","","spraycan",""],["","pudding","","","",""],["","","","gruntGirl","","pudding"],["spraycan","","pudding","","",""],["gruntGirl","","","","pudding",""],["","","spraycan","","","pudding"],["","pudding","","","gruntGirl",""],["","","","spraycan","","pudding"],["gruntGirl","pudding","","","",""],["","","","pudding","spraycan",""],["","spraycan","","","","gruntGirl"],["pudding","","","","",""],["","","spraycan","gruntGirl","",""],["","pudding","","pudding","","pudding"]]}],"random":[]}],[{"predefined":[{"w":1,"p":[["","helmet","spraycan","spraycan","helmet",""],["","grunt","helmet","helmet","grunt",""],["","spraycan","","","grunt",""],["grunt","helmet","","","helmet","grunt"],["","","","spraycan","grunt",""],["","grunt","grunt","","",""],["","","","spraycan","grunt",""],["","helmet","","helmet","",""],["","","grunt","","","grunt"],["","spraycan","","helmet","",""],["","helmet","","","spraycan",""],["helmet","","","grunt","","grunt"],["","grunt","","","spraycan",""],["","","","helmet","","helmet"],["grunt","grunt","","","",""],["","helmet","","grunt","spraycan","grunt"],["","","","","","helmet"],["","","","grunt","grunt",""],["grunt","helmet","","","spraycan",""],["helmet","","","","","grunt"],["","","grunt","helmet","",""],["grunt","spraycan","","","",""],["","","","grunt","","grunt"],["helmet","","helmet","","grunt",""],["","","spraycan","grunt","",""],["","grunt","","","",""],["","","helmet","","",""],["","grunt","","","grunt","spraycan"],["grunt","","helmet","","",""],["","","","","","helmet"],["","","helmet","spraycan","",""],["helmet","","","helmet","",""],["","","grunt","","grunt","grunt"],["grunt","spraycan","","","",""],["","","","","spraycan","grunt"],["helmet","","","helmet","",""],["spraycan","grunt","","","",""],["","","helmet","","helmet",""],["","spraycan","","","spraycan",""],["","","grunt","grunt","",""]]}],"random":[]},{"predefined":[{"w":1,"p":[["","pudding","bee","bee","pudding",""],["bee","gruntGirl","gruntGirl","gruntGirl","gruntGirl","bee"],["","pudding","pudding","pudding","pudding",""],["","","bee","","bee",""],["pudding","","pudding","gruntGirl","",""],["bee","bee","","","","pudding"],["","pudding","bee","","",""],["","","","pudding","","bee"],["pudding","","bee","","gruntGirl",""],["","","pudding","","pudding",""],["","gruntGirl","","","","bee"],["bee","","pudding","","","pudding"],["gruntGirl","bee","","bee","pudding",""],["bee","","pudding","","","bee"],["pudding","bee","gruntGirl","","",""],["","","pudding","","bee","pudding"],["","pudding","","gruntGirl","",""],["pudding","bee","","bee","pudding",""],["gruntGirl","","","","",""],["","","pudding","","pudding","bee"],["bee","","","","","gruntGirl"],["pudding","pudding","","","bee",""],["bee","","gruntGirl","","","pudding"],["","","bee","","",""],["pudding","","","","pudding",""],["","","pudding","","","gruntGirl"],["gruntGirl","","","","",""],["","","bee","","pudding",""],["","pudding","gruntGirl","","",""],["bee","","","","","bee"],["","","bee","","gruntGirl",""],["","pudding","","pudding","",""],["pudding","","","","","gruntGirl"],["","","","pudding","",""],["gruntGirl","","","","bee",""],["","","","","","pudding"],["","","gruntGirl","gruntGirl","",""],["pudding","","","","","bee"],["","bee","","","pudding",""],["","","pudding","bee","",""]]}],"random":[]},{"predefined":[{"w":1,"p":[["","ghost","","","ghost",""],["spraycan","","shield","shield","","spraycan"],["","","ghost","ghost","",""],["ghost","shield","","","shield","ghost"],["","spraycan","","ghost","",""],["ghost","","ghost","","shield",""],["","","","","","shield"],["","shield","ghost","","spraycan",""],["shield","","","","","ghost"],["","","ghost","","shield",""],["spraycan","","","","",""],["","","shield","","ghost",""],["","ghost","","","spraycan","shield"],["shield","","","ghost","","shield"],["","shield","","","","ghost"],["ghost","","","","shield",""],["","spraycan","shield","ghost","","ghost"],["","ghost","","","","shield"],["shield","","ghost","","ghost",""],["","","","shield","","spraycan"],["","shield","ghost","","",""],["","ghost","","","shield",""],["","shield","spraycan","","ghost",""],["ghost","","","","","shield"],["","","shield","","ghost",""],["shield","","","spraycan","",""],["","ghost","","","",""],["","","ghost","","spraycan",""],["shield","ghost","","ghost","",""],["","","shield","","ghost","spraycan"],["","ghost","","","shield",""],["spraycan","","ghost","","",""],["","ghost","","shield","","ghost"],["spraycan","","ghost","","",""],["","","","shield","","shield"],["ghost","","spraycan","","",""],["","","","ghost","shield",""],["","spraycan","","","",""],["ghost","shield","","spraycan","","shield"],["","","ghost","","ghost",""]]}],"random":[]},{"predefined":[{"w":1,"p":[["pudding","pudding","","","pudding","pudding"],["pudding","gruntGirl","gruntGirl","","gruntGirl",""],["","pudding","pudding","chest","pudding",""],["gruntGirl","gruntGirl","","","gruntGirl","pudding"],["","pudding","","pudding","pudding",""],["","pudding","","","pudding",""],["grunt","","","","",""],["","","pudding","","gruntGirl",""],["pudding","","grunt","grunt","pudding","gruntGirl"],["","","","","","pudding"],["pudding","pudding","","pudding","grunt",""],["gruntGirl","pudding","","pudding","gruntGirl",""],["gruntGirl","grunt","","grunt","grunt",""],["grunt","","","pudding","",""],["","pudding","gruntGirl","gruntGirl","pudding",""],["","pudding","pudding","pudding","pudding",""],["","","grunt","grunt","",""],["","gruntGirl","","","gruntGirl",""],["pudding","","","","","pudding"],["","","pudding","pudding","",""],["","pudding","gruntGirl","gruntGirl","pudding",""],["","","grunt","grunt","",""],["","gruntGirl","","","gruntGirl",""],["gruntGirl","grunt","","","grunt","gruntGirl"],["pudding","","","","","pudding"],["gruntGirl","pudding","","","pudding","gruntGirl"],["grunt","pudding","","","pudding","grunt"],["gruntGirl","pudding","","","pudding","gruntGirl"],["","grunt","","","grunt",""],["grunt","","","","","grunt"],["grunt","","gruntGirl","gruntGirl","","grunt"],["","","pudding","pudding","",""],["gruntGirl","","grunt","grunt","","grunt"],["","","grunt","grunt","",""],["pudding","","","","","gruntGirl"],["","grunt","","","grunt",""],["","pudding","","","","grunt"],["grunt","","","pudding","",""],["","grunt","gruntGirl","gruntGirl","grunt",""],["","","grunt","grunt","",""]]}],"random":[]},{"predefined":[{"w":1,"p":[["spraycan","","","","",""],["","spraycan","","shield","shield",""],["","shield","wizard","shield","",""],["","bee","shield","bee","",""],["spraycan","","spraycan","spraycan","","spraycan"],["","bee","","","shield",""],["","","shield","shield","",""],["","bee","","spraycan","bee","shield"],["shield","","bee","","",""],["","","","","shield","bee"],["bee","shield","","bee","",""],["spraycan","","","shield","","bee"],["","bee","shield","","",""],["","","","","shield","bee"],["","spraycan","spraycan","spraycan","spraycan",""],["bee","","","","","bee"],["","shield","bee","","",""],["bee","","shield","","",""],["","bee","","shield","","bee"],["","","","bee","shield",""],["shield","","bee","","","spraycan"],["","shield","","","bee",""],["","","","","","shield"],["","bee","","shield","",""],["spraycan","","spraycan","spraycan","","spraycan"],["","","","","bee",""],["","shield","","bee","",""],["","","","","bee","shield"],["shield","bee","","","spraycan",""],["","","","","shield","bee"],["","","bee","shield","",""],["bee","shield","","","",""],["","","shield","","bee",""],["","bee","","","",""],["spraycan","","spraycan","","spraycan","spraycan"],["","bee","","","",""],["","","","bee","shield",""],["shield","bee","","","",""],["","","","shield","bee",""],["bee","","shield","","",""],["shield","","","","",""],["","shield","","","bee",""],["bee","","","","","shield"],["","","","bee","",""],["spraycan","spraycan","","","spraycan","spraycan"],["","bee","","","",""],["","","shield","","shield",""],["","bee","","","",""],["shield","","","","","bee"],["","","","bee","","shield"],["","shield","","","",""],["bee","","","","",""],["","","shield","shield","",""],["","","","bee","",""],["","spraycan","spraycan","spraycan","spraycan",""],["","shield","","","shield",""],["","","bee","","","shield"],["bee","shield","","","",""],["","","shield","","","bee"],["","","","","shield",""]]}],"random":[]},{"predefined":[{"w":1,"p":[["","grunt","","","spraycan",""],["grunt","","","spraycan","grunt",""],["grunt","","spraycan","grunt","",""],["grunt","spraycan","grunt","","","grunt"],["","grunt","","","grunt",""],["","","spraycan","","","grunt"],["grunt","","grunt","","grunt",""],["spraycan","grunt","","","","spraycan"],["grunt","","grunt","","grunt",""],["","","spraycan","","grunt","grunt"],["grunt","","grunt","","","grunt"],["","","spraycan","","grunt",""],["grunt","","","grunt","grunt",""],["","grunt","","","spraycan","grunt"],["","grunt","","grunt","",""],["spraycan","","","grunt","","grunt"],["grunt","","grunt","","grunt",""],["","spraycan","","","grunt","spraycan"],["","grunt","","grunt","",""],["grunt","","","","spraycan","grunt"],["","grunt","","grunt","grunt",""],["grunt","grunt","","","grunt",""],["","","spraycan","spraycan","",""],["spraycan","grunt","","","grunt","grunt"],["","grunt","grunt","","",""],["","","","","spraycan","grunt"],["grunt","","grunt","","",""],["grunt","spraycan","","","spraycan",""],["","grunt","grunt","","","grunt"],["grunt","","spraycan","","",""],["","grunt","","","grunt","grunt"],["","","","grunt","spraycan",""],["","grunt","","","","grunt"],["","spraycan","","","grunt",""],["grunt","grunt","","","","grunt"],["spraycan","","","","grunt",""],["","","grunt","","","spraycan"],["spraycan","","","spraycan","",""],["","","grunt","","grunt","grunt"],["grunt","","grunt","","grunt",""]]}],"random":[]},{"predefined":[{"w":1,"p":[["","","pudding","gruntGirl","",""],["pudding","","","","","pudding"],["","spraycan","gruntGirl","","pudding",""],["pudding","","","","","pudding"],["","spraycan","","","spraycan",""],["","","","spraycan","",""],["","","spraycan","","",""],["","pudding","","","pudding",""],["","gruntGirl","","","gruntGirl",""],["","","pudding","pudding","",""]]},{"w":24,"p":[["pudding","","","","","pudding"],["","spraycan","pudding","pudding","gruntGirl",""],["gruntGirl","gruntGirl","","","spraycan","spraycan"],["","pudding","","","pudding",""],["pudding","","","","","pudding"]]},{"w":36,"p":[["spraycan","","spraycan","spraycan","","spraycan"],["","","pudding","pudding","pudding",""],["","pudding","pudding","pudding","",""],["","","gruntGirl","gruntGirl","",""],["","pudding","pudding","pudding","pudding",""]]}],"random":[{"w":11,"p":[["spraycan","","pudding","","",""],["","spraycan","","","","pudding"],["","","spraycan","pudding","",""],["gruntGirl","pudding","","","",""],["","gruntGirl","","pudding","",""],["","","gruntGirl","","","pudding"],["pudding","","pudding","","",""],["","pudding","pudding","","",""],["pudding","","pudding","","pudding",""],["","","pudding","pudding","",""],["gruntGirl","spraycan","","","",""],["","gruntGirl","","","spraycan",""],["spraycan","","gruntGirl","","",""]]},{"w":29,"p":[["","","gruntGirl","spraycan","pudding",""],["","","pudding","pudding","pudding",""],["pudding","pudding","","","pudding",""],["spraycan","spraycan","","","",""],["gruntGirl","","","","","gruntGirl"],["","pudding","","spraycan","pudding",""],["pudding","gruntGirl","pudding","","",""]]}]},{"predefined":[{"w":1,"p":[["bee","","bee","","bee","bee"],["","spraycan","spraycan","","",""],["grunt","","","spraycan","spraycan",""],["","grunt","grunt","","spraycan",""],["grunt","","","grunt","","bee"],["spraycan","","grunt","","grunt",""],["bee","grunt","","","spraycan","grunt"],["","grunt","","grunt","",""],["","","spraycan","bee","grunt",""],["","grunt","","","grunt",""],["bee","","grunt","","spraycan",""],["","","bee","grunt","","grunt"],["grunt","spraycan","","","bee",""],["","","grunt","grunt","",""],["grunt","grunt","","bee","",""],["grunt","","","spraycan","spraycan","grunt"],["","","grunt","bee","grunt",""],["spraycan","grunt","","","","bee"],["","bee","grunt","","grunt",""],["grunt","","","grunt","grunt",""],["grunt","spraycan","","bee","","grunt"],["","","","grunt","",""],["bee","","grunt","","","grunt"],["","","","spraycan","grunt",""],["grunt","grunt","","bee","",""],["","spraycan","","","grunt","spraycan"],["bee","grunt","","grunt","","grunt"],["","","spraycan","grunt","","bee"],["grunt","","","","","grunt"],["bee","grunt","","grunt","",""],["grunt","spraycan","","","grunt",""],["grunt","","","bee","",""],["","","","grunt","grunt","spraycan"],["spraycan","","grunt","","bee",""],["grunt","spraycan","grunt","","","grunt"],["","","bee","spraycan","",""],["bee","grunt","","","grunt",""],["","","","","bee","bee"],["","grunt","","spraycan","","spraycan"],["grunt","grunt","","","",""]]}],"random":[]},{"predefined":[{"w":1,"p":[["ghost","pudding","pudding","","pudding",""],["","pudding","","pudding","pudding","ghost"],["","","pudding","","",""],["ghost","","helmet","pudding","helmet","ghost"],["","helmet","","","pudding",""],["ghost","","pudding","pudding","","ghost"],["","pudding","helmet","pudding","helmet",""],["","pudding","pudding","","pudding",""],["ghost","","","","","ghost"],["","","","pudding","pudding","pudding"],["pudding","ghost","","","","pudding"],["pudding","pudding","pudding","","",""],["","","","","ghost","ghost"],["","helmet","pudding","","helmet",""],["pudding","ghost","helmet","helmet","ghost",""],["","","ghost","ghost","",""],["pudding","pudding","","","ghost","ghost"],["","","ghost","chest","helmet","helmet"],["ghost","ghost","helmet","helmet","",""],["","","","pudding","",""],["","pudding","","ghost","pudding",""],["ghost","helmet","pudding","","ghost","pudding"],["","ghost","","helmet","",""],["","","ghost","","ghost","helmet"],["","pudding","","pudding","",""],["pudding","","ghost","","ghost","pudding"],["","","pudding","","pudding",""],["","ghost","ghost","ghost","ghost","pudding"],["","helmet","","","helmet",""],["helmet","","","","","helmet"],["","","pudding","pudding","",""],["","ghost","helmet","helmet","ghost",""],["pudding","","ghost","ghost","","pudding"],["","helmet","","","helmet",""],["","","ghost","ghost","",""],["helmet","","ghost","ghost","","helmet"],["","","pudding","pudding","",""],["helmet","","ghost","ghost","","helmet"],["ghost","","pudding","pudding","","ghost"],["","ghost","helmet","helmet","ghost",""]]}],"random":[]},{"predefined":[{"w":1,"p":[["","","gruntGirl","gruntGirl","","spraycan"],["spraycan","","boss","","","gruntGirl"],["gruntGirl","","","","",""],["","","","","","spraycan"],["","shield","","","","shield"],["spraycan","","shield","","shield",""],["","","","gruntGirl","","gruntGirl"],["shield","","spraycan","","",""],["","","","shield","gruntGirl",""],["spraycan","","","","","shield"],["","gruntGirl","","","",""],["gruntGirl","spraycan","wizard","shield","",""],["","spraycan","shield","","",""],["gruntGirl","shield","","","shield","gruntGirl"],["shield","","","","shield",""],["","shield","","shield","","shield"],["","spraycan","","","spraycan",""],["shield","","","","","shield"],["","gruntGirl","gruntGirl","gruntGirl","gruntGirl",""],["","gruntGirl","cage","","gruntGirl",""],["","spraycan","","","spraycan",""],["","shield","shield","shield","shield",""],["","gruntGirl","","gruntGirl","",""],["shield","","spraycan","","","shield"],["","shield","","","spraycan",""],["gruntGirl","","","","","shield"],["","","spraycan","shield","",""],["gruntGirl","","","","shield",""],["","shield","","","","spraycan"],["","","shield","","gruntGirl",""],["shield","","spraycan","","","shield"],["","","gruntGirl","","shield",""],["","shield","","","gruntGirl",""],["","","","","spraycan","shield"],["","gruntGirl","","shield","",""],["spraycan","shield","","","","shield"],["","","gruntGirl","","gruntGirl",""],["gruntGirl","","","","shield","spraycan"],["spraycan","shield","","","",""],["","","","shield","shield",""],["","gruntGirl","spraycan","shield","shield",""],["","shield","shield","","",""],["","","","","shield","gruntGirl"],["spraycan","shield","","","shield","shield"],["shield","shield","","","",""],["","","shield","shield","",""],["","","shield","shield","","spraycan"],["","gruntGirl","","","",""],["","","shield","shield","",""],["","gruntGirl","","","shield",""],["","shield","","","gruntGirl",""],["","","shield","shield","",""],["gruntGirl","","","","","gruntGirl"],["","shield","","","shield",""],["spraycan","spraycan","","","spraycan","spraycan"],["shield","","","","","shield"],["","","gruntGirl","spraycan","",""],["","","spraycan","gruntGirl","",""],["shield","","","","","shield"],["","","shield","shield","",""]]}],"random":[]}]],"config0":{"base":{"lHp":100,"lDmg":0,"lCoin":0,"wHp":100,"wDmg":0,"wCoin":0,"shot":2},"hero":{"hp":500,"dmg":200,"heal":4,"crit":0,"bullet":0,"skill3X":2,"skill3Hp":5,"skill3HpMax":30,"skill3MinShot":5,"skill1dmg":0,"skill1row2":0,"skill1row3":0},"grunt":{"hp":100,"dmg":50,"coin":1},"gruntGirl":{"hp":600,"dmg":20,"coin":1,"heal":20},"helmet":{"hp":400,"dmg":80,"coin":2},"bee":{"hp":100,"dmg":50,"coin":1},"ghost":{"hp":600,"dmg":25,"coin":2},"shield":{"hp":800,"dmg":30,"coin":3,"shield":50},"spraycan":{"hp":50,"dmg":30,"coin":1},"pudding":{"hp":2100,"dmg":40,"coin":3},"wizard":{"hp":5800,"dmg":700,"coin":5},"boss":{"hp":35000,"dmg":1000,"coin":10},"chest":{"hp":100,"dmg":0,"coin":0},"cage":{"hp":8100,"dmg":0,"coin":0}},"config1":{"base":{"lHp":200,"lDmg":0,"lCoin":0,"wHp":200,"wDmg":0,"wCoin":0,"shot":2},"hero":{"hp":800,"dmg":245,"heal":4,"crit":5,"bullet":0,"skill3X":2,"skill3Hp":5,"skill3HpMax":30,"skill3MinShot":5,"skill1dmg":10,"skill1row2":75,"skill1row3":50},"grunt":{"hp":1300,"dmg":100,"coin":1},"gruntGirl":{"hp":600,"dmg":20,"coin":1,"heal":20},"helmet":{"hp":2325,"dmg":160,"coin":2},"bee":{"hp":1150,"dmg":125,"coin":1},"ghost":{"hp":1275,"dmg":140,"coin":2},"shield":{"hp":2600,"dmg":200,"coin":3,"shield":35},"spraycan":{"hp":910,"dmg":60,"coin":1},"pudding":{"hp":2100,"dmg":40,"coin":3},"wizard":{"hp":10450,"dmg":900,"coin":5},"boss":{"hp":81250,"dmg":1600,"coin":10},"chest":{"hp":1300,"dmg":0,"coin":0},"cage":{"hp":12325,"dmg":0,"coin":0}},"config2":{"base":{"lHp":300,"lDmg":0,"lCoin":0,"wHp":300,"wDmg":0,"wCoin":0,"shot":2},"hero":{"hp":800,"dmg":245,"heal":4,"crit":5,"bullet":0,"skill3X":2,"skill3Hp":5,"skill3HpMax":30,"skill3MinShot":5,"skill1dmg":10,"skill1row2":75,"skill1row3":50},"grunt":{"hp":2300,"dmg":200,"coin":1},"gruntGirl":{"hp":1300,"dmg":180,"coin":1,"heal":10},"helmet":{"hp":3950,"dmg":260,"coin":2},"bee":{"hp":1950,"dmg":225,"coin":1},"ghost":{"hp":2250,"dmg":240,"coin":2},"shield":{"hp":4300,"dmg":300,"coin":3,"shield":35},"spraycan":{"hp":1800,"dmg":70,"coin":1},"pudding":{"hp":7500,"dmg":230,"coin":3},"wizard":{"hp":87500,"dmg":1500,"coin":5},"boss":{"hp":187900,"dmg":2200,"coin":10},"chest":{"hp":2300,"dmg":0,"coin":0},"cage":{"hp":32500,"dmg":0,"coin":0}},"config3":{"base":{"lHp":400,"lDmg":0,"lCoin":0,"wHp":400,"wDmg":0,"wCoin":0,"shot":2},"hero":{"hp":800,"dmg":245,"heal":4,"crit":5,"bullet":5,"skill3X":2,"skill3Hp":5,"skill3HpMax":30,"skill3MinShot":5,"skill1dmg":10,"skill1row2":75,"skill1row3":50},"grunt":{"hp":3450,"dmg":300,"coin":1},"gruntGirl":{"hp":2600,"dmg":280,"coin":1,"heal":10},"helmet":{"hp":5925,"dmg":360,"coin":2},"bee":{"hp":2925,"dmg":325,"coin":1},"ghost":{"hp":3375,"dmg":340,"coin":2},"shield":{"hp":6450,"dmg":400,"coin":3,"shield":35},"spraycan":{"hp":2700,"dmg":100,"coin":1},"pudding":{"hp":10250,"dmg":330,"coin":3},"wizard":{"hp":131250,"dmg":2200,"coin":5},"boss":{"hp":422775,"dmg":3200,"coin":10},"chest":{"hp":3450,"dmg":0,"coin":0},"cage":{"hp":97500,"dmg":0,"coin":0}},"confighero":{"1":{"dmg":215,"hp":500},"3":{"dmg":215,"hp":650},"4":{"dmg":215,"hp":650},"5":{"dmg":230,"hp":650},"6":{"dmg":230,"hp":650},"7":{"dmg":230,"hp":800},"8":{"dmg":230,"hp":800},"9":{"dmg":245,"hp":800},"11":{"dmg":245,"hp":1000},"12":{"dmg":245,"hp":1000},"13":{"dmg":275,"hp":1000},"14":{"dmg":275,"hp":1000},"15":{"dmg":275,"hp":1200},"16":{"dmg":275,"hp":1200},"17":{"dmg":305,"hp":1200},"18":{"dmg":305,"hp":1200},"19":{"dmg":305,"hp":1400},"20":{"dmg":305,"hp":1400},"21":{"dmg":355,"hp":1400},"22":{"dmg":355,"hp":1400},"23":{"dmg":355,"hp":1700},"24":{"dmg":355,"hp":1700},"25":{"dmg":415,"hp":1700},"26":{"dmg":415,"hp":1700},"27":{"dmg":415,"hp":2000},"28":{"dmg":415,"hp":2000},"29":{"dmg":475,"hp":2000},"30":{"dmg":475,"hp":2000},"31":{"dmg":475,"hp":2400},"32":{"dmg":475,"hp":2400},"33":{"dmg":550,"hp":2400},"34":{"dmg":550,"hp":2400},"35":{"dmg":550,"hp":2800},"36":{"dmg":550,"hp":2800},"37":{"dmg":625,"hp":2800},"38":{"dmg":625,"hp":2800},"39":{"dmg":625,"hp":3200}}}