{
"loading": "Laden",
"combo": "COMBO",
"play": "Spielen",
"settings": "Einstellungen",
"language": "Sprache",
"levelComplete": "Level abgeschlossen",
"levelFailed": "Level nicht geschafft",
"continue": "Weiter",
"restart": "Neustart",
"reward": "Belohnung",
"watchAD": "Werbung ansehen",
"noThx": "Nein danke!",
"freeAbility": "Kostenloser Booster?",
"shop": "Laden",
"back": "Zurück",
"talents": "Talente",
"scrapbook": "Album",
"booster": "BOOSTER",
"candy": "BONBONS",
"donut": "DONUTS",
"lives": "LEBEN",
"mainMenu": "Hauptmenü",
"home": "Start",
"yes": "Ja",
"cancel": "Abbrechen",
"wave": "Welle",
"sound": "Ton",
"music": "Musik",
"on": "EIN",
"off": "AUS",
"gotIt": "Verstanden!",
"ok": "Ok",
"full": "Voll",
"gruntT": "SPINNE",
"gruntGirlT": "SPINNENHEILERIN",
"helmetT": "SPINNENHERR",
"beeT": "BIENE",
"ghostT": "GEIST",
"shieldT": "SPINNENRITTER",
"spraycanT": "SPRÜHFARBE",
"puddingT": "GELEEMONSTER",
"wizardT": "SPINNENZAUBERER",
"bossT": "BOSS",
"chestT": "TRUHE",
"bulletT": "GESCHOSS",
"bossVariedT": "BOSS",
"cageT": "RETTE DEINEN FREUND",
"shockwaveT": "SCHOCKWELLE",
"x2DamageT": "SCHADEN X2",
"omNomT": "OM NOM HÜPFT",
"friendSaved": "Freund gerettet",
"gruntD": "Eine einfache Spinne, die Schaden verursacht.",
"gruntGirlD": "Heilt in jeder Welle den am meisten verletzten Gegner.",
"helmetD": "Eine starke Spinne mit mehr Gesundheit.",
"beeD": "Besetzt bei jeder Welle einen zufälligen Platz auf dem Spielfeld.",
"ghostD": "Verschwindet in jeder zweiten Runde und wird unantastbar.",
"shieldD": "Die stärkste Spinne mit einem zerbrechlichen Schild, die von hinten verwundbar ist.",
"spraycanD": "Schießt einmal pro Welle ein Farbgeschoss ab.",
"puddingD": "Verursacht mehr Schaden, je weniger Gesundheit sie hat.",
"wizardD": "Beschwört in jeder Welle Spinnen auf das Spielfeld.",
"bossD": "Mysteriöses Spinnenexperiment, extrem gefährlich.",
"chestD": "Luxuriöse Truhe voller Geschenke.",
"bulletD": "Mit den Geschossen kannst du  deine Feinde besiegen. Sammle sie, um mehr zu schießen.",
"bossVariedD": "Der Boss ist ein sehr starker Gegner, besiege ihn!",
"cageD": "Ein verschlossener Käfig. Zerstöre ihn, um deinen Freund zu retten.",
"shockwaveD": "Om Nom springt in die Luft, um einen vernichtenden Schlag zu landen, der den ersten 3 Reihen von Feinden Schaden zufügt.",
"x2DamageD": "Om Noms Geschosse verursachen doppelten Schaden.",
"omNomD": "Om Nom rollt in das Feld, verursacht extremen Schaden und heilt bei seiner Rückkehr.",
"friendSavedD0": "Du hast deinen Freund Lick gerettet!",
"friendSavedD1": "Du hast deinen Freund Blue gerettet!",
"friendSavedD2": "Du hast deinen Freund Toss gerettet!",
"friendSavedD3": "Du hast deinen Freund Boo gerettet!",
"exitDes": "Zurück zum Hauptmenü?",
"noLives": "Nicht genügend Leben",
"noLivesDes": "Du hast keine Leben mehr! Hole dir neue, indem du dir Werbung anschaust!",
"nocandy": "Nicht genug Bonbons",
"nodonut": "Nicht genug Donuts",
"noAD": "Fehler",
"noADDes": "Keine Werbung verfügbar",
"friendNotSaved": "Oh nein!\nDu hast deinen Freund nicht rechtzeitig gerettet! Möchtest du  ihn trotzdem retten?",
"halfWay": "HALBER WEG",
"lastWave": "LETZTE WELLE",
"up_health": "Lebenspunkte + <x>",
"up_dmgCrit": "<x>% Chance, doppelten Schaden zu verursachen",
"up_dmg": "Schadenspunkte + <x>",
"up_healAfterWave": "+ <x>% Gesundheitspunkte pro Runde",
"up_lives": "Leben + <x>",
"up_extraProjectile": "<x>% Chance, 2 Schuss anstatt 1 zu erhalten",
"boosterLock": "Wird in Level <x> freigeschaltet",
"claim": "Beanspruchen",
"continueDes": "Werbespot ansehen, um fortzufahren?",
"findMe": "Finde mich!",
"openNextChapter":"Rette deinen Freund, um das nächste Kapitel zu beginnen.",
"newLevels": "Spiel abgeschlossen",
"newLevelsDes": "Bald gibt es neue Levels",
"tut0": "Willkommen bei\nOm Nom Bounce",
"tut1": "Spider Wizard hat deine Freunde entführt. Du musst Om Nom helfen, sie zu befreien!",
"tut2": "Om Nom kann Süßigkeitenprojektile abfeuern.",
"tut3true": "Finger",
"tut3false": "Cursor",
"tut3": "Halte deinen <x> auf dem Bildschirm und ziele über die Strichlinie!",
"tut4": "Mit dem linken und rechten Pfeil kannst du dich zurück und vor bewegen.",
"tut5": "Lass uns jetzt zum Talentbaum gehen.",
"tut6": "Dies ist der Talentbaum. Hier kannst du Om Noms Talente aufwerten.",
"tut7": "Om Nom hat Leben, von denen du je eins verlierst, wenn du ein Level verlierst. Mit der Zeit gewinnst du Herzen."
}