{
"loading": "Laden",
"combo": "COMBO",
"play": "Spelen",
"settings": "Instellingen",
"language": "Taal",
"levelComplete": "Level voltooid",
"levelFailed": "Level niet gehaald",
"continue": "Doorgaan",
"restart": "Herstart",
"reward": "Beloning",
"watchAD": "Bekijk de advertentie",
"noThx": "Nee, bedankt",
"freeAbility": "Gratis booster?",
"shop": "Winkel",
"back": "Terug",
"talents": "Talent",
"scrapbook": "Plakboek",
"booster": "BOOSTERS",
"candy": "SNOEP",
"donut": "DONUTS",
"lives": "LEVENS",
"mainMenu": "Hoofdmenu",
"home": "Home",
"yes": "Ja",
"cancel": "Annuleren",
"wave": "Golf",
"sound": "Geluid",
"music": "Muziek",
"on": "AAN",
"off": "UIT",
"gotIt": "Ik snap het!",
"ok": "Ok",
"full": "Vol",
"gruntT": "SPIN",
"gruntGirlT": "SPINNEN GENEZER",
"helmetT": "SCHILDJONKER SPIN",
"beeT": "BIJ",
"ghostT": "GEEST",
"shieldT": "SPINNEN RIDDER",
"spraycanT": "SPUITVERF",
"puddingT": "PUDDING MONSTER",
"wizardT": "SPINNEN TOVENAAR",
"bossT": "BAAS",
"chestT": "KIST",
"bulletT": "PROJECTIEL",
"bossVariedT": "BAAS",
"cageT": "RED JE VRIEND!",
"shockwaveT": "VLOEDGOLF",
"x2DamageT": "x2 SCHADE",
"omNomT": "OM NOM STUITER",
"friendSaved": "Vriend gered",
"gruntD": "Een normale spin die schade aanricht.",
"gruntGirlD": "Geneest de meest verwonde vijand in elke golf.",
"helmetD": "Een sterke Spin met meer gezondheid.",
"beeD": "Neemt elke golf een willekeurige plek in op het veld.",
"ghostD": "Vervaagt elke andere zet en wordt ontastbaar.",
"shieldD": "De Sterkste Spin met een breekbaar schild, kwetsbaar van achteren.",
"spraycanD": "Schiet elke golf één keer een verfprojectiel af.",
"puddingD": "Hoe minder gezondheid ze hebben, hoe meer schade ze aanrichten.",
"wizardD": "In elke ronde worden de Spinnen op het veld opgeroepen.",
"bossD": "Mysterieus spinnen experiment, zeer gevaarlijk.",
"chestD": "Een luxe schatkist vol snoepgoed.",
"bulletD": "Projectielen worden gebruikt om de vijand te verslaan. Verzamel ze om meer te kunnen schieten.",
"bossVariedD": "De baas is een grote vijand, versla hem!",
"cageD": "Een vergrendelde kooi, vernietig de kooi om je vriend te redden.",
"shockwaveD": "Om Nom springt de lucht in om een verwoestende klap uit te delen en schade toe te brengen aan de eerste 3 rijen van de vijanden.",
"x2DamageD": "Om Nom z'n projectielen richten twee keer zo veel schade aan.",
"omNomD": "Om Nom rolt het veld in en veroorzaakt extreme schade en geneest bij terugkeer.",
"friendSavedD0": "Je hebt je vriend Lick gered!",
"friendSavedD1": "Je hebt je vriend Blue gered!",
"friendSavedD2": "Je hebt je vriend Toss gered!",
"friendSavedD3": "Je hebt je vriend Boo gered!",
"exitDes": "Wil je terug naar het hoofdmenu?",
"noLives": "Niet genoeg levens",
"noLivesDes": "Geen levens meer! Bekijk een ad om meer te krijgen.",
"nocandy": "Niet genoeg snoep",
"nodonut": "Niet genoeg donuts",
"noAD": "Fout",
"noADDes": "Geen advertentie beschikbaar",
"friendNotSaved": "Oh nee!\nJe hebt je vriend niet op tijd gered! Wil je ze nog steeds redden?",
"halfWay": "HALVERWEGE",
"lastWave": "LAATSTE GOLF",
"up_health": "Gezondheid + <x>",
"up_dmgCrit": "<x>% kans om x2 keer schade aan te richten",
"up_dmg": "Schade + <x>",
"up_healAfterWave": "+ <x>% gezondheid per beurt",
"up_lives": "Levens + <x>",
"up_extraProjectile": "<x>% kans om 2 shots te maken in plaats van 1",
"boosterLock": "Ontgrendeld in level <x>",
"claim": "Claim",
"continueDes": "De advertentie bekijken om verder te gaan?",
"findMe": "Zoek mij!",
"openNextChapter":"Red je vriend om door te gaan naar het volgende hoofdstuk.",
"newLevels": "Het spel is voltooid",
"newLevelsDes": "Binnenkort zijn er nieuwe levels beschikbaar",
"tut0": "Welkom bij\nOm Nom Bounce",
"tut1": "De Spinnen Tovenaar heeft je vrienden gevangen genomen! Help Om Nom ze te bevrijden!",
"tut2": "Om Nom kan snoepjes schieten.",
"tut3true": "vinger",
"tut3false": "cursor",
"tut3": "Houd je <x> op het scherm en richt je schot met de lijn.",
"tut4": "Met de linker en rechter knoppen kun je terug of naar voren.",
"tut5": "Laten we nu de talenten bezoeken.",
"tut6": "Dit is het talenten scherm. Hier kun je Om Nom's talenten upgraden.",
"tut7": "Om Nom heeft levens, je raakt er één kwijt als je verliest. Met de tijd krijg je levens terug."
}