{
"loading": "Cargando",
"combo": "COMBO",
"play": "Jugar",
"settings": "Ajustes",
"language": "Idioma",
"levelComplete": "Nivel completado",
"levelFailed": "Nivel fallido",
"continue": "Continuar",
"restart": "Reiniciar",
"reward": "Recompensa",
"watchAD": "Ver publi",
"noThx": "No, gracias",
"freeAbility": "Booster gratuito?",
"shop": "Tienda",
"back": "Volver",
"talents": "Talentos",
"scrapbook": "Libro de recortes",
"booster": "POTENCIADORES",
"candy": "CARAMELOS",
"donut": "DÓNUTS",
"lives": "VIDAS",
"mainMenu": "Menú principal",
"home": "Menú de inicio",
"yes": "Sí",
"cancel": "Cancelar",
"wave": "Oleada",
"sound": "Sonido",
"music": "Música",
"on": "SÍ",
"off": "NO",
"gotIt": "¡Entendido!",
"ok": "Ok",
"full": "Lleno",
"gruntT": "ARAÑA",
"gruntGirlT": "CURANDERO DE ARAÑAS",
"helmetT": "ESCUDERO ARAÑA",
"beeT": "ABEJA",
"ghostT": "FANTASMA",
"shieldT": "CABALLERO ARAÑA",
"spraycanT": "PINTURA SPRAY",
"puddingT": "MONSTRUO DEL PUDIN",
"wizardT": "MAGO DE LAS ARAÑAS",
"bossT": "JEFE",
"chestT": "COFRE",
"bulletT": "PROYECTIL",
"bossVariedT": "JEFE",
"cageT": "SALVAR A TU AMIGO",
"shockwaveT": "ONDA EXPANSIVA",
"x2DamageT": "DAÑO X 2",
"omNomT": "OM NOM SALTA",
"friendSaved": "Amigo salvado",
"gruntD": "Una Araña básica que hace daño.",
"gruntGirlD": "Cura al enemigo más dañado en cada oleada.",
"helmetD": "Una Araña más fuerte y con más salud.",
"beeD": "Ocupa una posición al azar en el campo en cada oleada.",
"ghostD": "Se retira cada dos turnos y se vuelve intocable.",
"shieldD": "La Araña más fuerte con un escudo que se puede romper, vulnerable desde la parte de atrás.",
"spraycanD": "Dispara un proyectil de pintura una vez por cada oleada.",
"puddingD": "Causa más daño cuanta menos salud tiene.",
"wizardD": "Invoca Arañas en el campo cada oleada.",
"bossD": "Misterioso experimento araña, extremadamente peligroso.",
"chestD": "Lujoso cofre lleno de regalos.",
"bulletD": "Los Proyectiles se usan para derrotar a tus enemigos. Recógelos para disparar más.",
"bossVariedD": "El jefe es un enemigo muy fuerte, ¡derrótalo!",
"cageD": "Una jaula cerrada, destrúyela para salvar a tu amigo.",
"shockwaveD": "Om Nom salta en el aire para asestar un golpe devastador, que inflige daño a las 3 primeras filas de enemigos.",
"x2DamageD": "Los proyectiles de Om Nom infligen el doble de daño.",
"omNomD": "Om Nom entra en el campo causando un daño extremo y se cura al volver.",
"friendSavedD0": "¡Has salvado a tu amigo Lick!",
"friendSavedD1": "¡Has salvado a tu amigo Blue!",
"friendSavedD2": "¡Has salvado a tu amigo Toss!",
"friendSavedD3": "¡Has salvado a tu amigo Boo!",
"exitDes": "¿Volver al menú principal?",
"noLives": "No hay suficientes vidas",
"noLivesDes": "¡Te has quedado sin vidas! Consigue más viendo un anuncio.",
"nocandy": "No hay suficientes caramelos",
"nodonut": "No hay suficientes dónuts",
"noAD": "Error",
"noADDes": "Sin anuncio disponible",
"friendNotSaved": "¡Oh, no!\n¡No salvaste a tu amigo a tiempo! ¿Aún quieres salvarlo?",
"halfWay": "A MITAD DE CAMINO",
"lastWave": "LA ÚLTIMA OLA",
"up_health": "Salud + <x>",
"up_dmgCrit": "<x>% de oportunidad de infligir daño x2",
"up_dmg": "Daño + <x>",
"up_healAfterWave": "+ <x>% de salud por turno",
"up_lives": "Vidas + <x>",
"up_extraProjectile": "<x>% de oportunidad de obtener 2 disparos en lugar de 1",
"boosterLock": "Se desbloquea en el nivel <x>",
"claim": "Solicitar",
"continueDes": "¿Ver publi para continuar?",
"findMe": "¡Encuéntrame!",
"openNextChapter":"Salva a tu amigo para abrir el siguiente capítulo",
"newLevels": "Juego completado",
"newLevelsDes": "Nuevos niveles próximamente",
"tut0": "Te damos la bienvenida a\nOm Nom Bounce",
"tut1": "¡El Mago de las Arañas ha capturado a tus amigos! ¡Tienes que ayudar a Om Nom a salvarlos!",
"tut2": "Om Nom es capaz de disparar proyectiles de caramelos",
"tut3true": "dedo",
"tut3false": "cursor",
"tut3": "Mantén tu <x> en la pantalla y apunta tu disparo con la línea de puntos.",
"tut4": "Las flechas de izquierda y derecha te permiten avanzar y retroceder.",
"tut5": "Ahora vamos a visitar el árbol de los talentos.",
"tut6": "Este es el árbol de los talentos. Aquí puedes mejorar los talentos de Om Nom.",
"tut7": "Om Nom tiene vidas, solo pierdes una cada vez que pierdes un nivel. Con el tiempo, recuperarás los corazones."
}