{
"loading": "Caricamento in corso",
"combo": "COMBO",
"play": "Gioca",
"settings": "Impostazioni",
"language": "Lingua",
"levelComplete": "Livello completato",
"levelFailed": "Livello non superato",
"continue": "Continua",
"restart": "Ricomincia",
"reward": "Ricompensa",
"watchAD": "Guarda ANNUNCIO",
"noThx": "No, grazie",
"freeAbility": "Booster gratuito?",
"shop": "Negozio",
"back": "Indietro",
"talents": "Abilità",
"scrapbook": "Album delle cartoline",
"booster": "BOOSTER",
"candy": "CARAMELLE",
"donut": "CIAMBELLE",
"lives": "VITE",
"mainMenu": "Menu principale",
"home": "Pagina iniziale",
"yes": "Sì",
"cancel": "Annulla",
"wave": "Orda nemica",
"sound": "Suono",
"music": "Musica",
"on": "ON",
"off": "OFF",
"gotIt": "Capito!",
"ok": "Ok",
"full": "Pieno",
"gruntT": "RAGNO",
"gruntGirlT": "RAGNO GUARITORE",
"helmetT": "RAGNO SCUDIERO",
"beeT": "APE",
"ghostT": "FANTASMA",
"shieldT": "CAVALIER RAGNO",
"spraycanT": "VERNICE SPRAY",
"puddingT": "MOSTRO DI GELATINA",
"wizardT": "RAGNO MAGO",
"bossT": "CAPO",
"chestT": "FORZIERE",
"bulletT": "PROIETTILE",
"bossVariedT": "CAPO",
"cageT": "SALVA IL TUO AMICO",
"shockwaveT": "ONDA SHOCK",
"x2DamageT": "DANNO X2",
"omNomT": "SALTO OM NOM",
"friendSaved": "Amico salvato",
"gruntD": "Un ragno normale che infligge danni.",
"gruntGirlD": "A ogni turno, guarisce i nemici più indeboliti.",
"helmetD": "Un ragno più grande, con più punti di salute.",
"beeD": "A ogni turno, occupa uno spazio casuale nel tabellone di gioco.",
"ghostD": "Si dissolve a turni alterni e non può essere colpito.",
"shieldD": "È il ragno più forte, con uno scudo che può rompersi, vulnerabile se colpito da dietro.",
"spraycanD": "Una volta per ogni turno, spara un proiettile di vernice.",
"puddingD": "Più è debole, più danni infligge.",
"wizardD": "Può chiamare in campo nuovi ragni a ogni turno.",
"bossD": "Frutto di un esperimento, è estremamente pericoloso.",
"chestD": "Forziere lussuoso, pieno di regali.",
"bulletD": "I proiettili possono essere usati per sconfiggere i nemici. Raccogline il più possibile e continua a sparare.",
"bossVariedD": "Il capo è un avversario molto forte, sconfiggilo!",
"cageD": "La gabbia è chiusa a chiave: distruggila per salvare il tuo amico.",
"shockwaveD": "Om Nom salta in aria e atterra provocando un'esplosione devastante, che infligge danni alle prime 3 file di nemici.",
"x2DamageD": "I proiettili di Om Nom infliggono un danno doppio.",
"omNomD": "Om Nom rotola in campo, causando danni estremi, e guarisce tornando indietro.",
"friendSavedD0": "Hai salvato il tuo amico Lick!",
"friendSavedD1": "Hai salvato il tuo amico Blue!",
"friendSavedD2": "Hai salvato il tuo amico Toss!",
"friendSavedD3": "Hai salvato il tuo amico Boo!",
"exitDes": "Torna al menu principale?",
"noLives": "Non hai abbastanza vite",
"noLivesDes": "Hai esaurito le vite! Guarda un annuncio per ottenerne altre.",
"nocandy": "Non hai abbastanza caramelle",
"nodonut": "Non hai abbastanza ciambelle",
"noAD": "Errore",
"noADDes": "Nessun annuncio disponibile",
"friendNotSaved": "Oh no!\nNon hai salvato il tuo amico in tempo! Vuoi provare di nuovo?",
"halfWay": "A METÀ",
"lastWave": "ULTIMA ORDA",
"up_health": "+ <x> di salute",
"up_dmgCrit": "<x>% di possibilità di infliggere un danno doppio",
"up_dmg": "+ <x> di danno",
"up_healAfterWave": "+ <x>% di punti di salute per turno",
"up_lives": "'+ <x> vite",
"up_extraProjectile": "<x>% di possibilità di ottenere 2 proiettili invece di 1",
"boosterLock": "Si sblocca al livello <x>",
"claim": "Raccogli",
"continueDes": "Guardare un annuncio per continuare?",
"findMe": "Trovami!",
"openNextChapter":"Salva il tuo amico per aprire il prossimo capitolo",
"newLevels": "Gioco completato",
"newLevelsDes": "Nuovi livelli disponibili a breve",
"tut0": "Ti diamo il benvenuto su\nOm Nom Bounce",
"tut1": "Il Ragno Mago ha catturato i tuoi amici! Devi aiutare Om Nom a salvarli!",
"tut2": "Om Nom è in grado di sparare proiettili a caramella",
"tut3true": "dito",
"tut3false": "cursore",
"tut3": "Tieni premuto il <x> e prendi la mira con l'aiuto della linea tratteggiata.",
"tut4": "Le freccia destra e quella sinistra ti permettono di spostarti avanti e indietro.",
"tut5": "Ora visitiamo l'Albero delle abilità.",
"tut6": "Questo è l'Albero delle abilità. Qui puoi migliorare le abilità di Om Nom.",
"tut7": "Om Nom ha un numero limitato di vite: ne perdi una ogni volta che perdi un livello. Con il passare del tempo, guadagnerai di nuovo i cuori."
}