{
"loading": "Chargement en cours",
"combo": "COMBO",
"play": "Jouer",
"settings": "Paramètres",
"language": "Langue",
"levelComplete": "Niveau terminé",
"levelFailed": "Niveau échoué",
"continue": "Continuer",
"restart": "Recommencer",
"reward": "Récompense",
"watchAD": "Regarder une PUB",
"noThx": "Non merci",
"freeAbility": "Booster gratuit ?",
"shop": "Boutique",
"back": "Retour",
"talents": "Talents",
"scrapbook": "Scrapbook",
"booster": "BOOSTERS",
"candy": "BONBONS",
"donut": "DONUTS",
"lives": "VIES",
"mainMenu": "Menu principal",
"home": "Accueil",
"yes": "Oui",
"cancel": "Annuler",
"wave": "Vague",
"sound": "Son",
"music": "Musique",
"on": "ON",
"off": "OFF",
"gotIt": "C'est compris !",
"ok": "Ok",
"full": "Complet",
"gruntT": "ARAIGNÉE",
"gruntGirlT": "ARAIGNÉE GUÉRISSEUSE",
"helmetT": "ARAIGNÉE ÉCUYER",
"beeT": "ABEILLE",
"ghostT": "FANTÔME",
"shieldT": "CHEVALIER ARAIGNÉE",
"spraycanT": "PEINTURE EN SPRAY",
"puddingT": "MONSTRE PUDDING",
"wizardT": "ARAIGNÉE SORCIÈRE",
"bossT": "BOSS",
"chestT": "COFFRE",
"bulletT": "PROJECTILE",
"bossVariedT": "BOSS",
"cageT": "SAUVE TON AMI",
"shockwaveT": "ONDE DE CHOC",
"x2DamageT": "DÉGÂTS X2",
"omNomT": "SAUT OM NOM",
"friendSaved": "Ami sauvé",
"gruntD": "Une Araignée de type basique qui inflige des dégâts.",
"gruntGirlD": "Soigne l'ennemi le plus blessé à chaque vague.",
"helmetD": "Une Araignée plus forte avec plus de points de vie.",
"beeD": "Occupe une case aléatoire sur le terrain à chaque vague.",
"ghostD": "Disparaît tous les deux tours et devient intouchable.",
"shieldD": "La plus forte des Araignées avec un bouclier cassable, vulnérable aux attaques par derrière.",
"spraycanD": "Lance un projectile de peinture une fois par vague.",
"puddingD": "Moins de points de vie ils ont, plus ils infligent de dégâts.",
"wizardD": "Invoque des Araignées sur le terrain à chaque vague.",
"bossD": "Araignée mystérieuse et expérimentale, extrêmement dangereuse.",
"chestD": "Coffre somptueux rempli de récompenses.",
"bulletD": "Les projectiles servent à combattre tes ennemis. Récupère-les pour plus de tirs.",
"bossVariedD": "Ce boss est super fort, tu dois le vaincre !",
"cageD": "Une cage verrouillée, détruis-la pour sauver ton ami.",
"shockwaveD": "Om Nom saute dans les airs pour porter un coup dévastateur, infligeant des dégâts aux 3 premières rangées d'ennemis.",
"x2DamageD": "Les projectiles d'Om Nom infligent deux fois plus de dégâts.",
"omNomD": "Om Nom roule sur le terrain en causant des dégâts extrêmes et se soigne au retour.",
"friendSavedD0": "Tu as sauvé ton ami Lick !",
"friendSavedD1": "Tu as sauvé ton ami Blue !",
"friendSavedD2": "Tu as sauvé ton ami Toss !",
"friendSavedD3": "Tu as sauvé ton ami Boo !",
"exitDes": "Retourner au menu principal ?",
"noLives": "Pas assez de vies",
"noLivesDes": "Tu n'as plus de vies ! Obtiens-en plus en regardant une pub.",
"nocandy": "Pas assez de bonbons",
"nodonut": "Pas assez de donuts",
"noAD": "Erreur",
"noADDes": "Aucune PUB disponible",
"friendNotSaved": "Oh non !\nTu n'as pas sauvé ton ami à temps ! Veux-tu toujours le sauver ?",
"halfWay": "MI-CHEMIN",
"lastWave": "DERNIÈRE ONDE",
"up_health": "Santé + <x>",
"up_dmgCrit": "<x>% de chance d'infliger 2x plus de dégâts",
"up_dmg": "Dégâts + <x>",
"up_healAfterWave": "+ <x>% de niveau de vie par tour",
"up_lives": "Vies + <x>",
"up_extraProjectile": "<x>% de chance de gagner 2 tirs au lieu d'un",
"boosterLock": "Débloqué au niveau <x>",
"claim": "Réclamer",
"continueDes": "Regarder une pub pour continuer ?",
"findMe": "Trouve-moi !",
"openNextChapter": "Sauve ton ami pour ouvrir un nouveau chapitre",
"newLevels": "Jeu complété",
"newLevelsDes": "Plus de niveaux prochainement",
"tut0": "Bienvenue à\nOm Nom Bounce",
"tut1": "L'Araignée Sorcière a capturé tes amis ! Tu dois aider Om Nom à les sauver !",
"tut2": "Om Nom peut lancer des projectiles bonbons",
"tut3true": "doigt",
"tut3false": "curseur",
"tut3": "Maintiens ton <x> appuyé sur l'écran et oriente ton tir avec la ligne en pointillé.",
"tut4": "Les flèches gauche et droite te permettent de te déplacer en avant et en arrière.",
"tut5": "Visitons maintenant l'arbre des talents.",
"tut6": "Ceci est l'arbre des talents. Ici tu peux faire évoluer les talents d'Om Nom.",
"tut7": "Om Nom a plusieurs vies, tu n'en perds qu'une si tu échoues à un niveau. Au fil du temps, tu regagneras des coeurs."
}