{
"loading": "Laster inn",
"combo": "KOMBO",
"play": "Spill",
"settings": "Innstillinger",
"language": "Språk",
"levelComplete": "Nivå fullført",
"levelFailed": "Nivå mislyktes",
"continue": "Fortsett",
"restart": "Start på nytt",
"reward": "Belønning",
"watchAD": "Se annonse",
"noThx": "Nei takk",
"freeAbility": "Gratis booster?",
"shop": "Butikk",
"back": "Tilbake",
"talents": "Talenter",
"scrapbook": "Utklippsbok",
"booster": "ØKNINGER",
"candy": "GODTERI",
"donut": "SMULTRINGER",
"lives": "LIV",
"mainMenu": "Hovedmeny",
"home": "Hjem",
"yes": "Ja",
"cancel": "Avbryt",
"wave": "Bølge",
"sound": "Lyd",
"music": "Musikk",
"on": "PÅ",
"off": "AV",
"gotIt": "Den er god!",
"ok": "Ok",
"full": "Full",
"gruntT": "EDDERKOPP",
"gruntGirlT": "EDDERKOPP-REPARATØREN",
"helmetT": "EDDERKOPPVÆPNER",
"beeT": "BIE",
"ghostT": "SPØKELSE",
"shieldT": "EDDERKOPP-KNEKT",
"spraycanT": "SPRAYMALING",
"puddingT": "PUDDINGMONSTER",
"wizardT": "EDDERKOPPTROLLMANN",
"bossT": "SJEF",
"chestT": "KISTE",
"bulletT": "PROSJEKTIL",
"bossVariedT": "SJEF",
"cageT": "REDD VENNEN DIN",
"shockwaveT": "SJOKKBØLGE",
"x2DamageT": "SKADE X2",
"omNomT": "OM NOM BOUNCE",
"friendSaved": "Vennen er reddet",
"gruntD": "En grunnleggende edderkopp som påfører skade.",
"gruntGirlD": "Helbreder fienden som er mest skadet, hver bølge.",
"helmetD": "En sterkere edderkopp med mer helse.",
"beeD": "Tar en vilkårlig plass på banen hver bølge.",
"ghostD": "Fases ut annenhver tur og blir urørlig.",
"shieldD": "Den sterkeste edderkoppen, med et knuselig skjold. Sårbar bakfra.",
"spraycanD": "Skyter et malingsprosjektil én gang per bølge.",
"puddingD": "Påfører mer skade jo mindre helse den har.",
"wizardD": "Tilkaller edderkopper ut på banen hver bølge.",
"bossD": "Mystisk edderkoppeksperiment – ekstremt farlig.",
"chestD": "Luksuriøs kiste full av godsaker.",
"bulletD": "Prosjektiler brukes til å beseire fiender. Samle dem for å skyte mer.",
"bossVariedD": "Sjefen er en veldig sterk fiende – vinn over den!",
"cageD": "Et låst bur. Ødelegg det for å redde vennen din.",
"shockwaveD": "Om Nom hopper i luften for å lande et knusende angrep, som påfører skade på de tre første fienderadene.",
"x2DamageD": "Om Noms prosjektiler gjør dobbel skade.",
"omNomD": "Om Nom ruller ut på banen og påfører ekstrem skade og helbredes på vei tilbake.",
"friendSavedD0": "Du reddet vennen din Lick!",
"friendSavedD1": "Du reddet vennen din Blue!",
"friendSavedD2": "Du reddet vennen din Toss!",
"friendSavedD3": "Du reddet vennen din Boo!",
"exitDes": "Gå tilbake til hovedmenyen?",
"noLives": "Ikke nok liv",
"noLivesDes": "Du er tom for liv. Se en annonse for å få flere!",
"nocandy": "Ikke nok godterier",
"nodonut": "Ikke nok smultringer",
"noAD": "Feil",
"noADDes": "Ingen annonser tilgjengelig",
"friendNotSaved": "Å nei!\nDu reddet ikke vennen din tidsnok! Har du fortsatt lyst til å redde vennen din?",
"halfWay": "HALVVEIS",
"lastWave": "SISTE BØLGE",
"up_health": "Helse + <x>",
"up_dmgCrit": "<x> % sjanse for å påføre dobbel skade",
"up_dmg": "Skade + <x>",
"up_healAfterWave": "+ <x>% helse per tur",
"up_lives": "Liv + <x>",
"up_extraProjectile": "<x>% sjanse for å få 2 skudd i stedet for 1",
"boosterLock": "Låses opp på nivå <x>",
"claim": "Hent",
"continueDes": "Se en annonse for å fortsette?",
"findMe": "Finn meg!",
"openNextChapter":"Redd vennen din for å åpne det neste kapitlet",
"newLevels": "Spillet er fullført",
"newLevelsDes": "Nye nivåer kommer snart",
"tut0": "Velkommen til\nOm Nom Bounce",
"tut1": "Edderkoppmagikeren har fanget vennene dine! Du må hjelpe Om Nom å redde dem!",
"tut2": "Om Nom kan skyte godteprosjektiler",
"tut3true": "fingeren",
"tut3false": "pekeren",
"tut3": "Hold <x> på skjermen og sikt med den prikkede linjen.",
"tut4": "Med venstre og høyre pil kan du flytte deg fram og tilbake.",
"tut5": "La oss sjekke talenttreet.",
"tut6": "Dette er talenttreet. Her kan du oppgradere Om Noms talenter.",
"tut7": "Om Nom har liv – du mister bare liv når du taper et nivå. Med tiden fylles hjertene opp igjen."
}