{
"loading": "A carregar",
"combo": "COMBO",
"play": "Jogar",
"settings": "Definições",
"language": "Idioma",
"levelComplete": "Nível completo",
"levelFailed": "Nível falhado",
"continue": "Continuar",
"restart": "Recomeçar",
"reward": "Recompensa",
"watchAD": "Assistir ao anúncio",
"noThx": "Não, obrigada",
"freeAbility": "Quer um reforço grátis?",
"shop": "Comprar",
"back": "Voltar",
"talents": "Talentos",
"scrapbook": "Página de recados",
"booster": "REFORÇOS",
"candy": "Doce",
"donut": "DONUTS",
"lives": "VIDAS",
"mainMenu": "MENU PRINCIPAL",
"home": "Casa",
"yes": "Sim",
"cancel": "Cancela",
"wave": "Onda",
"sound": "Som",
"music": "Música",
"on": "ON",
"off": "OFF",
"gotIt": "Entendi!",
"ok": "Ok",
"full": "cheio",
"gruntT": "ARANHA",
"gruntGirlT": "ARANHA MENDER",
"helmetT": "ESQUILO ARANHA",
"beeT": "ABELHA",
"ghostT": "FANTASMA",
"shieldT": "CAVALEIRO ARANHA",
"spraycanT": "TINTA SPRAY",
"puddingT": "MONSTRO DO PUDIM",
"wizardT": "FEITICEIRO ARANHA",
"bossT": "PATRÃO",
"chestT": "PEITO",
"bulletT": "PROJÉTIL",
"bossVariedT": "PATRÃO",
"cageT": "SALVE O SEU AMIGO!",
"shockwaveT": "ONDA DE CHOQUE",
"x2DamageT": "PERIGO DUPLO",
"omNomT": "SALTO OM NOM",
"friendSaved": "Amigo salvo!",
"gruntD": "Uma Aranha básica que causa dano.",
"gruntGirlD": "Cura o inimigo mais ferido a cada onda.",
"helmetD": "Uma aranha mais forte e com mais saúde.",
"beeD": "Ocupa um ponto aleatório no campo a cada onda.",
"ghostD": "Desaparece a cada dois turnos e torna-se intocável.",
"shieldD": "A Aranha mais forte com um escudo quebrável, vulnerável por trás.",
"spraycanD": "Atira um projétil de tinta uma vez por onda.",
"puddingD": "Causa mais dano quanto menos saúde eles têm.",
"wizardD": "Invoca Aranhas no campo a cada onda.",
"bossD": "Misteriosa experiência de aranha - extremamente perigosa.",
"chestD": "Baú de luxo cheio de doces.",
"bulletD": "Projéteis para derrotar os seus inimigos. Colete-os para atirar mais.",
"bossVariedD": "O patrão é um inimigo muito forte, derrote-o!",
"cageD": "Uma gaiola trancada - destrua-a para salvar o seu amigo.",
"shockwaveD": "Om Nom salta no ar para desferir um golpe devastador, causando dano às primeiras 3 filas de inimigos.",
"x2DamageD": "Os projéteis de Om Nom causam o dobro do dano.",
"omNomD": "Om Nom rola no campo e causa dano extremo e cura ao voltar.",
"friendSavedD0": "Salvou o seu amigo Lick!",
"friendSavedD1": "Salvou o seu amigo Blue!",
"friendSavedD2": "Salvou o seu amigo Toss!",
"friendSavedD3": "Salvou o seu amigo Boo!",
"exitDes": "Quer voltar ao menu principal?",
"noLives": "Não tem vidas suficientes",
"noLivesDes": "Não tem mais vidas! Consiga mais assistindo a um anúncio.",
"nocandy": "Não tem doces suficientes",
"nodonut": "Não tem donuts suficientes",
"noAD": "Erro",
"noADDes": "Nenhum anúncio disponível",
"friendNotSaved": "Oh não!\nNão salvou seu amigo a tempo! Ainda os quer salvar?",
"halfWay": "A MEIO CAMINHO",
"lastWave": "ÚLTIMA ONDA",
"up_health": "Saúde + <x>",
"up_dmgCrit": "<x>% chance de causar x2 mais danos",
"up_dmg": "Dano + <x>",
"up_healAfterWave": "+ <x>% saúde por turno",
"up_lives": "'+<x> vidas  ",
"up_extraProjectile": "<x>% chance de ganhar 2 tiros em vez de 1",
"boosterLock": "Desbloqueado no nível <x>",
"claim": "QUEIXA",
"continueDes": "Assistir a um anúncio para continuar?",
"findMe": "Encontra-me!",
"openNextChapter":"Salve o seu amigo e inicie o próximo capítulo",
"newLevels": "Jogo concluído",
"newLevelsDes": "Novos níveis em breve",
"tut0": "Bem-vindo ao \nOm Nom Bounce",
"tut1": "Spider Wizard capturou os seus amigos! Tem de ajudar Om Nom a salvá-los!",
"tut2": "Om Nom é capaz de disparar projéteis doces",
"tut3true": "dedo",
"tut3false": "cursor",
"tut3": "Segure o seu <x> no écran e dispare com a linha pontilhada.",
"tut4": "As setas esquerda e direita permitem que se mova para frente e para trás.",
"tut5": "Agora vamos até à árvore dos talentos.",
"tut6": "Esta é a árvore dos talentos. Aqui pode fazer o upgrade dos talentos do Om Nom's.",
"tut7": "Om Nom tem vidas e você perde uma, sempre que perder um nível. Com o tempo, recuperará corações."
}