{"skeleton":{"hash":"nacyhHBYrTDx/iHAmrJqLCOyZag","spine":"3.8.99","x":-110.08,"y":-0.06,"width":219.62,"height":212.89},"bones":[{"name":"root","scaleX":0.2,"scaleY":0.2},{"name":"body","parent":"root","x":-7.34,"y":467.71},{"name":"mouth","parent":"body","x":1.44,"y":-99.31},{"name":"head","parent":"body","y":-64.93},{"name":"mouth 2","parent":"body","x":1.11,"y":78.73},{"name":"r_arm","parent":"body","length":177.42,"rotation":-12.58,"x":320.6,"y":-101.19},{"name":"l_arm","parent":"body","length":164.46,"rotation":-171.15,"x":-314.76,"y":-102.52},{"name":"l_leg","parent":"body","length":137.63,"rotation":-104.57,"x":-172.24,"y":-299.66},{"name":"r_leg","parent":"body","length":141.88,"rotation":-77.53,"x":178.08,"y":-299.66},{"name":"eyes","parent":"body","x":6.3,"y":218.84},{"name":"eyes_overlap","parent":"eyes","x":0.67,"y":43.41},{"name":"r_pupil","parent":"eyes","x":61.27,"y":2.66,"scaleX":1.3629,"scaleY":1.3629},{"name":"l_pupil","parent":"eyes","x":-59.94,"y":1.33,"scaleX":1.3629,"scaleY":1.3629},{"name":"top1","parent":"body","length":45.51,"rotation":91.22,"x":5.43,"y":414.91},{"name":"top2","parent":"top1","length":45.01,"rotation":-1.22,"x":45.51},{"name":"top3","parent":"top2","length":63.41,"rotation":0.44,"x":45.01},{"name":"HAT","parent":"body","x":7.56,"y":379.65}],"slots":[{"name":"OM_NOM/l_leg","bone":"l_leg","dark":"000000","attachment":"Om_Nom/l_leg"},{"name":"OM_NOM/r_leg","bone":"r_leg","dark":"000000","attachment":"Om_Nom/r_leg"},{"name":"OM_NOM/body","bone":"head","dark":"000000","attachment":"Om_Nom/body"},{"name":"OM_NOM/top","bone":"root","dark":"000000","attachment":"Om_Nom/top"},{"name":"OM_NOM/r_hand","bone":"r_arm","dark":"000000","attachment":"Om_Nom/r_hand"},{"name":"OM_NOM/l_hand","bone":"l_arm","dark":"000000","attachment":"Om_Nom/l_hand"},{"name":"OM_NOM/mouth_02","bone":"mouth 2","dark":"000000","attachment":"Om_Nom/mouth_02"},{"name":"OM_NOM/mouth","bone":"mouth","dark":"000000","attachment":"Om_Nom/mouth_01"},{"name":"OM_NELLE/lashes","bone":"eyes","dark":"000000","attachment":"lashes"},{"name":"OM_NOM/eyes_01","bone":"eyes","dark":"000000","attachment":"Om_Nom/eyes_01"},{"name":"OM_NOM/pupil2","bone":"l_pupil","dark":"000000","attachment":"Om_Nom/pupil"},{"name":"OM_NOM/pupil","bone":"r_pupil","dark":"000000","attachment":"Om_Nom/pupil"},{"name":"OM_NOM/eyes_02","bone":"eyes_overlap","dark":"000000"},{"name":"SUPER_OM_NELLE/top","bone":"root","dark":"000000"}],"skins":[{"name":"default","attachments":{"OM_NOM/body":{"Om_Nom/body":{"x":7.34,"y":96.55,"width":867,"height":783}},"OM_NOM/eyes_01":{"Om_Nom/eyes_01":{"x":1.03,"y":-0.4,"width":670,"height":418}},"OM_NOM/eyes_02":{"Om_Nom/eyes_02":{"x":0.37,"y":-43.69,"width":670,"height":418},"Om_Nom/eyes_03":{"x":0.37,"y":-43.69,"width":670,"height":418},"Om_Nom/eyes_04":{"x":0.37,"y":-43.69,"width":670,"height":418},"Om_Nom/eyes_05":{"x":0.37,"y":-43.69,"width":670,"height":418}},"OM_NOM/l_hand":{"Om_Nom/l_hand":{"x":69.98,"y":-0.17,"rotation":100,"width":206,"height":266}},"OM_NOM/l_leg":{"Om_Nom/l_leg":{"x":35.56,"y":3.65,"rotation":104.57,"width":206,"height":266}},"OM_NOM/mouth":{"Om_Nom/mouth_01":{"x":5.89,"y":224.72,"width":799,"height":557}},"OM_NOM/mouth_02":{"Om_Nom/mouth_02":{"x":0.45,"y":73.83,"width":626,"height":474}},"OM_NOM/pupil":{"Om_Nom/pupil":{"x":1.07,"y":-3.22,"width":66,"height":90}},"OM_NOM/pupil2":{"Om_Nom/pupil":{"x":1.37,"y":-1.89,"width":66,"height":90}},"OM_NOM/r_hand":{"Om_Nom/r_hand":{"x":73.05,"y":5.7,"rotation":80.59,"width":206,"height":266}},"OM_NOM/r_leg":{"Om_Nom/r_leg":{"x":36.74,"y":6.09,"rotation":77.53,"width":206,"height":266}},"OM_NOM/top":{"Om_Nom/top":{"type":"mesh","uvs":[0.22426,0.67245,0.06248,0.71972,0,0.77834,0,0.92205,0.19537,0.99636,0.80493,0.99636,1,0.90692,1,0.7462,0.90315,0.68947,0.73848,0.65543,0.66915,0.59681,0.66749,0.56709,0.66673,0.52109,0.67505,0.48655,0.69119,0.44493,0.87715,0.3907,1,0.26023,0.98115,0.05469,0.79048,0.00364,0.6056,0.00364,0.32248,0.00364,0.05382,0.08438,0.07115,0.22431,0.07115,0.34532,0.19719,0.4019,0.30972,0.43881,0.32432,0.47579,0.33128,0.52061,0.32387,0.56198,0.32537,0.60627],"triangles":[22,21,20,18,16,19,16,18,17,20,25,22,25,20,19,25,19,14,16,15,19,15,14,19,27,12,11,22,25,24,26,25,14,13,26,14,13,12,26,11,28,27,12,27,26,11,29,28,24,23,22,8,7,6,4,3,2,4,1,0,4,2,1,5,9,8,5,8,6,9,0,10,10,0,29,0,9,4,11,10,29,5,4,9],"vertices":[1,13,-1.36,47.57,1,1,13,-13.74,76.96,1,1,13,-29.62,88.55,1,1,13,-69.13,89.39,1,1,13,-90.31,54.67,1,1,13,-92.64,-55.03,1,1,13,-68.8,-90.66,1,1,13,-24.61,-91.6,1,1,13,-8.64,-74.5,1,1,13,1.35,-45.07,1,2,13,17.73,-32.93,0.632,14,-27.07,-33.52,0.368,2,13,25.91,-32.81,0.45087,14,-18.9,-33.22,0.54913,2,13,38.56,-32.94,0.47111,14,-6.25,-33.08,0.52889,2,13,48.02,-34.64,0.39611,14,3.25,-34.58,0.60389,2,14,14.7,-37.48,0.456,15,-30.6,-37.25,0.544,2,14,29.61,-70.96,0.608,15,-15.94,-70.84,0.392,2,14,65.49,-93.07,0.208,15,19.77,-93.22,0.792,2,14,122.01,-89.68,0.09083,15,76.32,-90.26,0.90917,2,14,136.05,-55.36,0.008,15,90.62,-56.05,0.992,2,14,136.05,-22.08,0.032,15,90.87,-22.77,0.968,2,14,136.05,28.88,0.152,15,91.26,28.19,0.848,2,14,113.85,77.24,0.28113,15,69.43,76.72,0.71887,2,14,75.37,74.12,0.448,15,30.92,73.89,0.552,2,14,42.09,74.12,0.504,15,-2.36,74.14,0.496,2,14,26.53,51.44,0.728,15,-18.09,51.58,0.272,3,13,62.55,30.83,0.19828,14,16.38,31.18,0.59206,15,-28.39,31.4,0.20966,3,13,52.32,28.42,0.25494,14,6.21,28.55,0.57016,15,-38.58,28.85,0.1749,3,13,39.98,27.42,0.36669,14,-6.11,27.3,0.50397,15,-50.92,27.69,0.12934,2,13,28.63,29,0.48,14,-17.49,28.63,0.52,2,13,16.45,28.99,0.55782,14,-29.67,28.36,0.44218],"hull":30}}}}],"animations":{"idle":{"slots":{"OM_NELLE/lashes":{"attachment":[{"time":3.2667,"name":null},{"time":3.7333,"name":"lashes"}]},"OM_NOM/eyes_02":{"attachment":[{"time":3.2667,"name":"Om_Nom/eyes_02"},{"time":3.3333,"name":"Om_Nom/eyes_03"},{"time":3.4,"name":"Om_Nom/eyes_04"},{"time":3.4667,"name":"Om_Nom/eyes_05"},{"time":3.5667,"name":"Om_Nom/eyes_04"},{"time":3.6333,"name":"Om_Nom/eyes_03"},{"time":3.7,"name":"Om_Nom/eyes_02"},{"time":3.7667,"name":null}]}},"bones":{"body":{"translate":[{"y":-102.31,"curve":0.551,"c2":0.02,"c3":0.514},{"time":1,"y":-83.79,"curve":0.551,"c2":0.02,"c3":0.514},{"time":2,"y":-102.31,"curve":0.551,"c2":0.02,"c3":0.514},{"time":3,"y":-83.79,"curve":0.551,"c2":0.02,"c3":0.514},{"time":4,"y":-102.31}]},"r_leg":{"rotate":[{"angle":62.24,"curve":0.551,"c2":0.02,"c3":0.514},{"time":1,"angle":46.38,"curve":0.551,"c2":0.02,"c3":0.514},{"time":2,"angle":62.24,"curve":0.551,"c2":0.02,"c3":0.514},{"time":3,"angle":46.38,"curve":0.551,"c2":0.02,"c3":0.514},{"time":4,"angle":62.24}],"translate":[{"x":107.68,"y":46.64}]},"l_leg":{"rotate":[{"angle":-62.68,"curve":0.551,"c2":0.02,"c3":0.514},{"time":1,"angle":-46.04,"curve":0.551,"c2":0.02,"c3":0.514},{"time":2,"angle":-62.68,"curve":0.551,"c2":0.02,"c3":0.514},{"time":3,"angle":-46.04,"curve":0.551,"c2":0.02,"c3":0.514},{"time":4,"angle":-62.68}],"translate":[{"x":-96.02,"y":53.02}]},"l_arm":{"rotate":[{"angle":81.35,"curve":0.551,"c2":0.02,"c3":0.514},{"time":1,"angle":88.22,"curve":0.551,"c2":0.02,"c3":0.514},{"time":2,"angle":81.35,"curve":0.551,"c2":0.02,"c3":0.514},{"time":3,"angle":88.22,"curve":0.551,"c2":0.02,"c3":0.514},{"time":4,"angle":81.35}],"translate":[{"x":163.93,"y":-114.97,"curve":0.551,"c2":0.02,"c3":0.514},{"time":1,"x":166.07,"y":-132.19,"curve":0.551,"c2":0.02,"c3":0.514},{"time":2,"x":163.93,"y":-114.97,"curve":0.551,"c2":0.02,"c3":0.514},{"time":3,"x":166.07,"y":-132.19,"curve":0.551,"c2":0.02,"c3":0.514},{"time":4,"x":163.93,"y":-114.97}]},"r_arm":{"rotate":[{"angle":-76.64,"curve":0.551,"c2":0.02,"c3":0.514},{"time":1,"angle":-83.59,"curve":0.551,"c2":0.02,"c3":0.514},{"time":2,"angle":-76.64,"curve":0.551,"c2":0.02,"c3":0.514},{"time":3,"angle":-83.59,"curve":0.551,"c2":0.02,"c3":0.514},{"time":4,"angle":-76.64}],"translate":[{"x":-168.3,"y":-112.61,"curve":0.551,"c2":0.02,"c3":0.514},{"time":1,"x":-170.04,"y":-128.71,"curve":0.551,"c2":0.02,"c3":0.514},{"time":2,"x":-168.3,"y":-112.61,"curve":0.551,"c2":0.02,"c3":0.514},{"time":3,"x":-170.04,"y":-128.71,"curve":0.551,"c2":0.02,"c3":0.514},{"time":4,"x":-168.3,"y":-112.61}]},"mouth":{"translate":[{"curve":0.551,"c2":0.02,"c3":0.514},{"time":1.1,"y":2.13,"curve":0.551,"c2":0.02,"c3":0.514},{"time":2,"curve":0.551,"c2":0.02,"c3":0.514},{"time":3.1,"y":2.13,"curve":0.551,"c2":0.02,"c3":0.514},{"time":4}]},"head":{"scale":[{"x":1.021,"curve":0.551,"c2":0.02,"c3":0.514},{"time":1,"y":1.069,"curve":0.551,"c2":0.02,"c3":0.514},{"time":2,"x":1.021,"curve":0.551,"c2":0.02,"c3":0.514},{"time":3,"y":1.069,"curve":0.551,"c2":0.02,"c3":0.514},{"time":4,"x":1.021}]},"mouth 2":{"translate":[{"curve":0.551,"c2":0.02,"c3":0.514},{"time":1.1,"y":-18.54,"curve":0.551,"c2":0.02,"c3":0.514},{"time":2,"curve":0.551,"c2":0.02,"c3":0.514},{"time":3.1,"y":-18.54,"curve":0.551,"c2":0.02,"c3":0.514},{"time":4}]},"eyes":{"translate":[{"curve":0.551,"c2":0.02,"c3":0.514},{"time":1.0667,"y":20.21,"curve":0.551,"c2":0.02,"c3":0.514},{"time":2,"curve":0.551,"c2":0.02,"c3":0.514},{"time":3.0667,"y":20.21,"curve":0.551,"c2":0.02,"c3":0.514},{"time":4}]},"r_pupil":{"translate":[{"curve":0.551,"c2":0.02,"c3":0.514},{"time":1.1667,"y":9.33,"curve":0.551,"c2":0.02,"c3":0.514},{"time":2,"curve":0.551,"c2":0.02,"c3":0.514},{"time":3.1667,"y":9.33,"curve":0.551,"c2":0.02,"c3":0.514},{"time":4}]},"l_pupil":{"translate":[{"curve":0.551,"c2":0.02,"c3":0.514},{"time":1.1667,"y":9.33,"curve":0.551,"c2":0.02,"c3":0.514},{"time":2,"curve":0.551,"c2":0.02,"c3":0.514},{"time":3.1667,"y":9.33,"curve":0.551,"c2":0.02,"c3":0.514},{"time":4}]},"top1":{"translate":[{"curve":0.551,"c2":0.02,"c3":0.514},{"time":1,"x":-0.67,"y":31.36,"curve":0.551,"c2":0.02,"c3":0.514},{"time":2,"curve":0.551,"c2":0.02,"c3":0.514},{"time":3,"x":-0.67,"y":31.36,"curve":0.551,"c2":0.02,"c3":0.514},{"time":4}]},"top2":{"rotate":[{"angle":23.06,"curve":0.551,"c2":0.02,"c3":0.514},{"time":2,"angle":-24.62,"curve":0.551,"c2":0.02,"c3":0.514},{"time":4,"angle":23.06}]},"top3":{"rotate":[{"angle":24.64,"curve":0.551,"c2":0.02,"c3":0.514},{"time":2,"angle":-23.04,"curve":0.551,"c2":0.02,"c3":0.514},{"time":4,"angle":24.64}]},"HAT":{"translate":[{"curve":0.551,"c2":0.02,"c3":0.514},{"time":1,"y":12.6,"curve":0.551,"c2":0.02,"c3":0.514},{"time":2,"curve":0.551,"c2":0.02,"c3":0.514},{"time":3,"y":12.6,"curve":0.551,"c2":0.02,"c3":0.514},{"time":4}],"scale":[{"curve":0.551,"c2":0.02,"c3":0.514},{"time":1,"y":1.044,"curve":0.551,"c2":0.02,"c3":0.514},{"time":2,"curve":0.551,"c2":0.02,"c3":0.514},{"time":3,"y":1.044,"curve":0.551,"c2":0.02,"c3":0.514},{"time":4}]}}},"jump to side":{"bones":{"body":{"translate":[{"y":-102.31,"curve":0.551,"c2":0.02,"c3":0.514},{"time":0.0333,"y":-132.62,"curve":0.566,"c2":0.37,"c3":0.514},{"time":0.1,"y":-151.15,"curve":0.193,"c2":0.82,"c3":0.514},{"time":0.2667,"y":277.73,"curve":0.766,"c2":0.03,"c4":0.45},{"time":0.5,"y":-102.31,"curve":0.193,"c2":0.82,"c3":0.514},{"time":0.5333,"y":-132.62,"curve":0.551,"c2":0.02,"c3":0.514},{"time":0.7333,"y":-102.31}]},"r_leg":{"rotate":[{"angle":62.24,"curve":0.551,"c2":0.02,"c3":0.514},{"time":0.0333,"angle":72.4,"curve":0.566,"c2":0.37,"c3":0.514},{"time":0.1,"angle":78.61,"curve":0.385,"c2":0.54,"c3":0.552,"c4":0.79},{"time":0.1667,"angle":-7.84,"curve":"stepped"},{"time":0.2667,"angle":-7.84,"curve":0.766,"c2":0.03,"c4":0.45},{"time":0.5,"angle":62.24}],"translate":[{"x":107.68,"y":46.64,"curve":0.551,"c2":0.02,"c3":0.514},{"time":0.0333,"x":104.65,"y":61.79,"curve":0.566,"c2":0.37,"c3":0.514},{"time":0.1,"x":102.79,"y":71.06,"curve":0.385,"c2":0.54,"c3":0.552,"c4":0.79},{"time":0.1667,"x":-53.95,"y":-31.96,"curve":"stepped"},{"time":0.2667,"x":-53.95,"y":-31.96,"curve":0.766,"c2":0.03,"c4":0.45},{"time":0.5,"x":51.03,"y":39.25,"curve":0.193,"c2":0.82,"c3":0.514},{"time":0.5333,"x":68.27,"y":51.56,"curve":0.551,"c2":0.02,"c3":0.514},{"time":0.7333,"x":107.68,"y":46.64}]},"l_leg":{"rotate":[{"angle":-62.68,"curve":0.551,"c2":0.02,"c3":0.514},{"time":0.0333,"angle":-72.85,"curve":0.566,"c2":0.37,"c3":0.514},{"time":0.1,"angle":-79.08,"curve":0.385,"c2":0.54,"c3":0.552,"c4":0.79},{"time":0.1667,"angle":9.99,"curve":"stepped"},{"time":0.2667,"angle":9.99,"curve":0.766,"c2":0.03,"c4":0.45},{"time":0.5,"angle":-62.68}],"translate":[{"x":-96.02,"y":53.02,"curve":0.551,"c2":0.02,"c3":0.514},{"time":0.0333,"x":-96.95,"y":69.85,"curve":0.566,"c2":0.37,"c3":0.514},{"time":0.1,"x":-97.51,"y":80.14,"curve":0.385,"c2":0.54,"c3":0.552,"c4":0.79},{"time":0.1667,"x":66.7,"y":-42.91,"curve":"stepped"},{"time":0.2667,"x":66.7,"y":-42.91,"curve":0.766,"c2":0.03,"c4":0.45},{"time":0.5,"x":-59.78,"y":48.29,"curve":0.193,"c2":0.82,"c3":0.514},{"time":0.5333,"x":-91.1,"y":77.65,"curve":0.551,"c2":0.02,"c3":0.514},{"time":0.7333,"x":-96.02,"y":53.02}]},"l_arm":{"rotate":[{"angle":81.35,"curve":0.551,"c2":0.02,"c3":0.514},{"time":0.0333,"angle":55.44,"curve":0.566,"c2":0.37,"c3":0.514},{"time":0.1,"angle":27.36,"curve":0.385,"c2":0.54,"c3":0.552,"c4":0.79},{"time":0.1667,"angle":82,"curve":"stepped"},{"time":0.2667,"angle":82,"curve":0.766,"c2":0.03,"c4":0.45},{"time":0.5,"angle":101.35,"curve":"stepped"},{"time":0.5333,"angle":101.35,"curve":0.551,"c2":0.02,"c3":0.514},{"time":0.7333,"angle":81.35}],"translate":[{"x":163.93,"y":-114.97,"curve":0.551,"c2":0.02,"c3":0.514},{"time":0.0333,"x":146.4,"y":-109.12,"curve":0.566,"c2":0.37,"c3":0.514},{"time":0.1,"x":135.67,"y":-105.55,"curve":0.385,"c2":0.54,"c3":0.552,"c4":0.79},{"time":0.1667,"x":160.08,"y":-105.18,"curve":"stepped"},{"time":0.2667,"x":160.08,"y":-105.18,"curve":0.766,"c2":0.03,"c4":0.45},{"time":0.5,"x":287.08,"y":-117.43,"curve":0.193,"c2":0.82,"c3":0.514},{"time":0.5333,"x":284.99,"y":-86.06,"curve":0.551,"c2":0.02,"c3":0.514},{"time":0.7333,"x":163.93,"y":-114.97}]},"r_arm":{"rotate":[{"angle":-76.64,"curve":0.551,"c2":0.02,"c3":0.514},{"time":0.0333,"angle":-55.45,"curve":0.566,"c2":0.37,"c3":0.514},{"time":0.1,"angle":-31.94,"curve":0.385,"c2":0.54,"c3":0.552,"c4":0.79},{"time":0.1667,"angle":-74.58,"curve":"stepped"},{"time":0.2667,"angle":-74.58,"curve":0.766,"c2":0.03,"c4":0.45},{"time":0.5,"angle":-93.89,"curve":"stepped"},{"time":0.5333,"angle":-93.89,"curve":0.551,"c2":0.02,"c3":0.514},{"time":0.7333,"angle":-76.64}],"translate":[{"x":-168.3,"y":-112.61,"curve":0.551,"c2":0.02,"c3":0.514},{"time":0.0333,"x":-163.22,"y":-99.23,"curve":0.566,"c2":0.37,"c3":0.514},{"time":0.1,"x":-151.07,"y":-93.51,"curve":0.385,"c2":0.54,"c3":0.552,"c4":0.79},{"time":0.1667,"x":-48.75,"y":-44.75,"curve":"stepped"},{"time":0.2667,"x":-48.75,"y":-44.75,"curve":0.766,"c2":0.03,"c4":0.45},{"time":0.5,"x":-74.72,"y":-108.58,"curve":0.193,"c2":0.82,"c3":0.514},{"time":0.5333,"x":-80.99,"y":-77.21,"curve":0.551,"c2":0.02,"c3":0.514},{"time":0.7333,"x":-168.3,"y":-112.61}]},"mouth":{"translate":[{"curve":0.551,"c2":0.02,"c3":0.514},{"time":0.0333,"y":-21.05,"curve":0.566,"c2":0.37,"c3":0.514},{"time":0.1,"y":-33.91,"curve":0.385,"c2":0.54,"c3":0.552,"c4":0.79},{"time":0.1667,"x":60.32,"y":9.26,"curve":"stepped"},{"time":0.2667,"x":60.32,"y":9.26,"curve":0.766,"c2":0.03,"c4":0.45},{"time":0.5,"x":60.32,"y":23.22,"curve":"stepped"},{"time":0.5333,"x":60.32,"y":23.22,"curve":0.551,"c2":0.02,"c3":0.514},{"time":0.7333}],"scale":[{"time":0.1,"curve":0.385,"c2":0.54,"c3":0.552,"c4":0.79},{"time":0.1667,"x":0.834,"curve":"stepped"},{"time":0.2667,"x":0.834,"curve":0.766,"c2":0.03,"c4":0.45},{"time":0.5,"x":0.891,"y":0.979,"curve":0.193,"c2":0.82,"c3":0.514},{"time":0.5333,"x":0.891,"y":0.902,"curve":0.551,"c2":0.02,"c3":0.514},{"time":0.7333}]},"head":{"translate":[{"time":0.2667,"curve":0.766,"c2":0.03,"c4":0.45},{"time":0.5,"x":11.32,"curve":0.193,"c2":0.82,"c3":0.514},{"time":0.5333}],"scale":[{"x":1.021,"curve":0.551,"c2":0.02,"c3":0.514},{"time":0.0333,"x":1.083,"y":0.909,"curve":0.566,"c2":0.37,"c3":0.514},{"time":0.1,"x":1.121,"y":0.853,"curve":0.385,"c2":0.54,"c3":0.552,"c4":0.79},{"time":0.1667,"x":0.931,"y":1.046,"curve":"stepped"},{"time":0.2667,"x":0.931,"y":1.046,"curve":0.766,"c2":0.03,"c4":0.45},{"time":0.5,"x":0.952,"curve":0.193,"c2":0.82,"c3":0.514},{"time":0.5333,"x":1.023,"y":0.909,"curve":0.551,"c2":0.02,"c3":0.514},{"time":0.7333,"x":1.021}]},"mouth 2":{"translate":[{"curve":0.551,"c2":0.02,"c3":0.514},{"time":0.0333,"y":-30.4,"curve":0.566,"c2":0.37,"c3":0.514},{"time":0.1,"y":-48.98,"curve":0.385,"c2":0.54,"c3":0.552,"c4":0.79},{"time":0.1667,"x":59.72,"y":14.52,"curve":"stepped"},{"time":0.2667,"x":59.72,"y":14.52,"curve":0.766,"c2":0.03,"c4":0.45},{"time":0.5,"x":59.72,"y":18.63,"curve":"stepped"},{"time":0.5333,"x":59.72,"y":18.63,"curve":0.551,"c2":0.02,"c3":0.514},{"time":0.7333}],"scale":[{"curve":0.551,"c2":0.02,"c3":0.514},{"time":0.0333,"x":0.985,"curve":0.566,"c2":0.37,"c3":0.514},{"time":0.1667,"x":0.771,"y":0.749,"curve":"stepped"},{"time":0.2667,"x":0.771,"y":0.749,"curve":0.766,"c2":0.03,"c4":0.45},{"time":0.5,"x":0.868,"curve":0.193,"c2":0.82,"c3":0.514},{"time":0.5333,"x":0.868,"y":0.912,"curve":0.551,"c2":0.02,"c3":0.514},{"time":0.7333}]},"eyes":{"translate":[{"curve":0.551,"c2":0.02,"c3":0.514},{"time":0.0333,"y":-33.91,"curve":0.566,"c2":0.37,"c3":0.514},{"time":0.1,"y":-54.64,"curve":0.385,"c2":0.54,"c3":0.552,"c4":0.79},{"time":0.1667,"x":98.46,"y":-13.68,"curve":"stepped"},{"time":0.5333,"x":98.46,"y":-13.68,"curve":0.551,"c2":0.02,"c3":0.514},{"time":0.7333}],"scale":[{"curve":0.551,"c2":0.02,"c3":0.514},{"time":0.0333,"x":1.016,"y":0.974,"curve":0.566,"c2":0.37,"c3":0.514},{"time":0.1,"x":1.105,"y":0.83,"curve":0.385,"c2":0.54,"c3":0.552,"c4":0.79},{"time":0.1667,"x":0.863,"curve":"stepped"},{"time":0.2667,"x":0.863,"curve":0.766,"c2":0.03,"c4":0.45},{"time":0.5,"curve":0.193,"c2":0.82,"c3":0.514},{"time":0.5333,"x":1.016,"y":0.974,"curve":0.551,"c2":0.02,"c3":0.514},{"time":0.7333}]},"r_pupil":{"translate":[{"time":0.1,"curve":0.385,"c2":0.54,"c3":0.552,"c4":0.79},{"time":0.1667,"x":65.43,"y":30.98,"curve":"stepped"},{"time":0.2667,"x":65.43,"y":30.98,"curve":0.766,"c2":0.03,"c4":0.45},{"time":0.5,"x":65.43,"y":-0.9,"curve":"stepped"},{"time":0.5333,"x":65.43,"y":-0.9,"curve":0.551,"c2":0.02,"c3":0.514},{"time":0.7333}]},"l_pupil":{"translate":[{"time":0.1,"curve":0.385,"c2":0.54,"c3":0.552,"c4":0.79},{"time":0.1667,"x":23.37,"y":30.98,"curve":"stepped"},{"time":0.2667,"x":23.37,"y":30.98,"curve":0.766,"c2":0.03,"c4":0.45},{"time":0.5,"x":23.37,"y":-0.9,"curve":"stepped"},{"time":0.5333,"x":23.37,"y":-0.9,"curve":0.551,"c2":0.02,"c3":0.514},{"time":0.7333}]},"top1":{"translate":[{"curve":0.551,"c2":0.02,"c3":0.514},{"time":0.0333,"x":0.9,"y":-42.32,"curve":0.566,"c2":0.37,"c3":0.514},{"time":0.1,"x":1.45,"y":-68.19,"curve":0.385,"c2":0.54,"c3":0.552,"c4":0.79},{"time":0.1667,"x":-0.4,"y":18.74,"curve":"stepped"},{"time":0.2667,"x":-0.4,"y":18.74,"curve":0.766,"c2":0.03,"c4":0.45},{"time":0.5,"curve":0.193,"c2":0.82,"c3":0.514},{"time":0.5333,"x":0.9,"y":-42.32,"curve":0.551,"c2":0.02,"c3":0.514},{"time":0.7333}]},"top2":{"rotate":[{"angle":23.06,"curve":0.551,"c2":0.02,"c3":0.514},{"time":0.0333,"angle":0.38,"curve":"stepped"},{"time":0.1,"angle":0.38,"curve":0.385,"c2":0.54,"c3":0.552,"c4":0.79},{"time":0.1667,"angle":34.33,"curve":"stepped"},{"time":0.2667,"angle":34.33,"curve":0.766,"c2":0.03,"c4":0.45},{"time":0.5,"angle":0.38,"curve":0.193,"c2":0.82,"c3":0.514},{"time":0.5667,"angle":-17.2,"curve":0.468,"c2":0.26,"c3":0.683,"c4":0.59},{"time":0.6333,"angle":0.38,"curve":0.551,"c2":0.02,"c3":0.514},{"time":0.7333,"angle":23.06}]},"top3":{"rotate":[{"angle":24.64,"curve":0.551,"c2":0.02,"c3":0.514},{"time":0.0333,"angle":-0.53,"curve":0.566,"c2":0.37,"c3":0.514},{"time":0.1,"angle":0.67,"curve":0.385,"c2":0.54,"c3":0.552,"c4":0.79},{"time":0.1667,"angle":42.42,"curve":"stepped"},{"time":0.2667,"angle":42.42,"curve":0.766,"c2":0.03,"c4":0.45},{"time":0.5,"angle":0.67,"curve":0.193,"c2":0.82,"c3":0.514},{"time":0.5667,"angle":-37.47,"curve":0.245,"c2":0.57,"c3":0.535},{"time":0.6333,"angle":0.67,"curve":0.551,"c2":0.02,"c3":0.514},{"time":0.7333,"angle":24.64}],"translate":[{"curve":0.551,"c2":0.02,"c3":0.514},{"time":0.0333,"y":-2,"curve":0.566,"c2":0.37,"c3":0.514},{"time":0.1,"curve":"stepped"},{"time":0.5,"curve":0.193,"c2":0.82,"c3":0.514},{"time":0.5667,"y":-2,"curve":0.245,"c2":0.57,"c3":0.535},{"time":0.6333}]},"HAT":{"translate":[{"curve":0.551,"c2":0.02,"c3":0.514},{"time":0.1,"y":-20.82,"curve":0.385,"c2":0.54,"c3":0.552,"c4":0.79},{"time":0.1667,"y":73.08,"curve":"stepped"},{"time":0.2667,"y":73.08,"curve":0.766,"c2":0.03,"c4":0.45},{"time":0.5}],"scale":[{"curve":0.551,"c2":0.02,"c3":0.514},{"time":0.1,"x":1.107,"y":0.943,"curve":0.385,"c2":0.54,"c3":0.552,"c4":0.79},{"time":0.1667,"x":0.959,"y":1.123,"curve":"stepped"},{"time":0.2667,"x":0.959,"y":1.123,"curve":0.766,"c2":0.03,"c4":0.45},{"time":0.5,"curve":0.193,"c2":0.82,"c3":0.514},{"time":0.5333,"x":1.094,"y":0.97,"curve":0.551,"c2":0.02,"c3":0.514},{"time":0.7333}]}},"drawOrder":[{"time":0.1667,"offsets":[{"slot":"OM_NOM/r_hand","offset":-2}]},{"time":0.5}]},"wave":{"slots":{"OM_NOM/eyes_02":{"attachment":[{"time":0.0667,"name":"Om_Nom/eyes_02"},{"time":0.1,"name":"Om_Nom/eyes_03"},{"time":0.1333,"name":"Om_Nom/eyes_04"},{"time":0.1667,"name":"Om_Nom/eyes_05"},{"time":0.3,"name":"Om_Nom/eyes_04"},{"time":0.3333,"name":"Om_Nom/eyes_03"},{"time":0.3667,"name":null}]}},"bones":{"body":{"rotate":[{"curve":0,"c2":0.74,"c3":0.763},{"time":0.1,"angle":0.54,"curve":0,"c2":0.74,"c3":0.659},{"time":0.7333,"angle":19.92,"curve":0.738,"c3":0.448,"c4":0.99},{"time":1.0667}],"translate":[{"y":-102.31,"curve":0,"c2":0.74,"c3":0.763},{"time":0.1,"y":-156.9,"curve":0,"c2":0.74,"c3":0.659},{"time":0.4,"y":23.47,"curve":"stepped"},{"time":0.7333,"y":23.47,"curve":0.738,"c3":0.448,"c4":0.99},{"time":1.0667,"y":-102.31}],"scale":[{"y":0.938,"curve":0,"c2":0.74,"c3":0.763},{"time":0.1,"x":1.071,"y":0.873,"curve":0,"c2":0.74,"c3":0.659},{"time":0.4}]},"r_leg":{"rotate":[{"angle":62.24,"curve":0,"c2":0.74,"c3":0.763},{"time":0.1,"angle":69.53,"curve":0,"c2":0.74,"c3":0.659},{"time":0.4333,"angle":16.15},{"time":0.7333,"angle":6.31,"curve":0.738,"c3":0.448,"c4":0.99},{"time":1.0667,"angle":62.24}],"translate":[{"x":107.68,"y":46.64,"curve":0,"c2":0.74,"c3":0.763},{"time":0.4333,"x":75.18,"y":53.01,"curve":"stepped"},{"time":0.7333,"x":75.18,"y":53.01,"curve":0.738,"c3":0.448,"c4":0.99},{"time":1.0667,"x":107.68,"y":46.64}]},"l_leg":{"rotate":[{"angle":-62.68,"curve":0,"c2":0.74,"c3":0.763},{"time":0.1,"angle":-74.49,"curve":0,"c2":0.74,"c3":0.659},{"time":0.4,"angle":-8.75,"curve":"stepped"},{"time":0.7333,"angle":-8.75,"curve":0.738,"c3":0.448,"c4":0.99},{"time":1.0667,"angle":-62.68}],"translate":[{"x":-96.02,"y":53.02,"curve":0,"c2":0.74,"c3":0.763},{"time":0.4,"x":-52.86,"y":22.89,"curve":"stepped"},{"time":0.7333,"x":-52.86,"y":22.89,"curve":0.738,"c3":0.448,"c4":0.99},{"time":1.0667,"x":-96.02,"y":53.02}]},"l_arm":{"rotate":[{"angle":81.35,"curve":0,"c2":0.74,"c3":0.763},{"time":0.1,"angle":55.14,"curve":0,"c2":0.74,"c3":0.659},{"time":0.7333,"angle":43.74,"curve":0.738,"c3":0.448,"c4":0.99},{"time":1.0667,"angle":81.35}],"translate":[{"x":163.93,"y":-114.97,"curve":0,"c2":0.74,"c3":0.763},{"time":0.3333,"x":40.3,"y":-56.95,"curve":"stepped"},{"time":0.7333,"x":40.3,"y":-56.95,"curve":0.738,"c3":0.448,"c4":0.99},{"time":1.0667,"x":163.93,"y":-114.97}]},"r_arm":{"rotate":[{"angle":-76.64,"curve":0,"c2":0.74,"c3":0.763},{"time":0.1,"angle":-54.84,"curve":0,"c2":0.74,"c3":0.659},{"time":0.3333,"angle":47.12},{"time":0.4333,"angle":-16.42},{"time":0.5,"angle":43.37},{"time":0.6,"angle":-3.06},{"time":0.7333,"angle":47.12,"curve":0.738,"c3":0.448,"c4":0.99},{"time":0.9333,"angle":-2.66,"curve":0.244,"c2":0.01,"c3":0.644,"c4":0.98},{"time":1.2333,"angle":-76.64}],"translate":[{"x":-168.3,"y":-112.61,"curve":0,"c2":0.74,"c3":0.763},{"time":0.1,"x":-131.78,"y":-99.87,"curve":0,"c2":0.74,"c3":0.659},{"time":0.3333,"x":80.48,"y":198.68},{"time":0.4333,"x":50.76,"y":159.39},{"time":0.5,"x":70.76,"y":214.02},{"time":0.6,"x":55.59,"y":121.21},{"time":0.7333,"x":80.48,"y":198.68,"curve":0.738,"c3":0.448,"c4":0.99},{"time":0.9333,"x":71.5,"y":50.75,"curve":0.273,"c2":0.01,"c3":0.62,"c4":0.47},{"time":1.0333,"x":-16.82,"y":-62.05,"curve":0.316,"c2":0.45,"c3":0.67,"c4":0.98},{"time":1.2333,"x":-168.3,"y":-112.61}]},"mouth":{"translate":[{"curve":0,"c2":0.35,"c3":0.352,"c4":0.69},{"time":0.1,"x":-1.37,"y":-3.02,"curve":0.165,"c2":0.4,"c3":0.532,"c4":0.73},{"time":0.3667,"x":-4.07,"y":37.85,"curve":"stepped"},{"time":0.7667,"x":-4.07,"y":37.85,"curve":0.312,"c2":0.72,"c3":0.801},{"time":1.0667}]},"head":{"scale":[{"x":1.021}]},"mouth 2":{"translate":[{"time":0.1,"curve":0.165,"c2":0.4,"c3":0.532,"c4":0.73},{"time":0.3667,"x":7.95,"y":-167.58,"curve":"stepped"},{"time":0.7667,"x":7.95,"y":-167.58,"curve":0.312,"c2":0.72,"c3":0.801},{"time":1.0667}]},"top2":{"rotate":[{"angle":23.06,"curve":0,"c2":0.35,"c3":0.345,"c4":0.68},{"time":0.1667,"angle":1.19,"curve":0.115,"c2":0.42,"c3":0.502,"c4":0.75},{"time":0.5,"angle":36.15,"curve":0.327,"c2":0.72,"c3":0.801},{"time":0.8333,"angle":49.59,"curve":0.728,"c4":0.43},{"time":1.0667,"angle":-11.93,"curve":0,"c2":0.74,"c3":0.763},{"time":1.2333,"angle":23.06}]},"top3":{"rotate":[{"angle":24.64,"curve":0,"c2":0.35,"c3":0.345,"c4":0.68},{"time":0.1667,"angle":-5.51,"curve":0.115,"c2":0.42,"c3":0.502,"c4":0.75},{"time":0.5,"angle":15.04,"curve":0.327,"c2":0.72,"c3":0.801},{"time":0.8333,"angle":23.4,"curve":0.529,"c3":0.644,"c4":0.98},{"time":1.0667,"angle":-24.02,"curve":0,"c2":0.74,"c3":0.763},{"time":1.2333,"angle":24.64}],"translate":[{"curve":0,"c2":0.74,"c3":0.763},{"time":1.0667,"x":-3.27,"y":-8.4,"curve":0,"c2":0.74,"c3":0.763},{"time":1.2333}]}}}}}